Date,US Bonds,Gold,UK Equities,US Equities,Global Equities
2021-01-04,99.41248321533203,182.3300018310547,645.4900512695312,342.4369201660156,102.35868835449219
2021-01-05,99.31143188476562,182.8699951171875,649.6814575195312,344.7954406738281,103.14727020263672
2021-01-06,98.82292175292969,179.89999389648438,671.6368408203125,346.8567810058594,103.77079010009766
2021-01-07,98.72187042236328,179.47999572753906,674.0321655273438,352.0102233886719,104.96282958984375
2021-01-08,98.6039810180664,173.33999633789062,675.8284301757812,354.015869140625,105.73303985595703
2021-01-11,98.4439468383789,173.0,667.7447509765625,351.6295166015625,104.76107788085938
2021-01-12,98.5281753540039,174.1199951171875,663.9525146484375,351.70379638671875,105.05450439453125
2021-01-13,98.83979797363281,173.3699951171875,662.7550659179688,352.65087890625,105.21956634521484
2021-01-14,98.64608001708984,173.27999877929688,668.6429443359375,351.4159851074219,105.13704681396484
2021-01-15,98.74714660644531,171.1300048828125,661.6571044921875,348.8531188964844,104.11923217773438
2021-01-19,98.88190460205078,172.5800018310547,659.7610473632812,351.59234619140625,104.96282958984375
2021-01-20,98.89029693603516,175.38999938964844,662.8546752929688,356.4578857421875,106.20069885253906
2021-01-21,98.74714660644531,175.27999877929688,660.1600341796875,356.7829284667969,106.18235778808594
2021-01-22,98.74714660644531,173.89999389648438,657.6651611328125,355.52008056640625,105.76972961425781
2021-01-25,98.99983215332031,174.0500030517578,652.57568359375,356.9222412109375,106.01728820800781
2021-01-26,98.96614837646484,173.6199951171875,653.8729248046875,356.364990234375,105.87059020996094
2021-01-27,98.97452545166016,172.52000427246094,645.2904663085938,347.6553039550781,103.33065032958984
2021-01-28,98.90715026855469,172.67999267578125,641.79736328125,350.645263671875,104.04586029052734
2021-01-29,98.7977066040039,172.61000061035156,628.72412109375,343.62548828125,102.2303237915039
2021-02-01,98.89215850830078,174.22999572753906,634.8116455078125,349.3453369140625,103.77079010009766
2021-02-02,98.7403335571289,172.11000061035156,640.001220703125,354.2851257324219,105.08202362060547
2021-02-03,98.6222152709961,171.85000610351562,639.10302734375,354.56365966796875,105.21956634521484
2021-02-04,98.58000946044922,168.14999389648438,639.2027587890625,358.5935363769531,106.13651275634766
2021-02-05,98.45349884033203,169.80999755859375,637.5062866210938,360.00494384765625,106.54912567138672
2021-02-08,98.5547103881836,171.52000427246094,640.5,362.60491943359375,107.38356018066406
2021-02-09,98.59691619873047,172.0800018310547,641.498046875,362.3633728027344,107.67697143554688
2021-02-10,98.68970489501953,172.7100067138672,640.5999145507812,362.20556640625,107.56694793701172
2021-02-11,98.57158660888672,171.2100067138672,641.1986694335938,362.79052734375,107.9337158203125
2021-02-12,98.34383392333984,170.69000244140625,646.9868774414062,364.58258056640625,108.45637512207031
2021-02-16,97.87983703613281,168.24000549316406,662.45556640625,364.2668762207031,108.7131118774414
2021-02-17,98.0738754272461,166.3300018310547,658.7630004882812,364.35052490234375,108.52973937988281
2021-02-18,98.02326202392578,166.32000732421875,651.4779052734375,362.7999267578125,107.96124267578125
2021-02-19,97.71956634521484,167.00999450683594,651.6773681640625,362.1591796875,107.96124267578125
2021-02-22,97.41590118408203,169.50999450683594,650.180419921875,359.3735656738281,107.25518035888672
2021-02-23,97.44123840332031,169.1199951171875,651.8770751953125,359.80987548828125,107.24601745605469
2021-02-24,97.407470703125,169.0,655.1704711914062,363.7747497558594,108.0987777709961
2021-02-25,96.51323699951172,165.82000732421875,655.5695190429688,355.00933837890625,105.79723358154297
2021-02-26,97.29779052734375,161.80999755859375,638.9033813476562,353.1802062988281,104.77943420410156
2021-03-01,97.24710845947266,161.52999877929688,649.0828247070312,361.74127197265625,107.17266082763672
2021-03-02,97.26402282714844,162.41000366210938,651.5776977539062,358.9185485839844,106.76001739501953
2021-03-03,96.90911865234375,160.6199951171875,657.864990234375,354.16436767578125,105.28375244140625
2021-03-04,96.63029479980469,159.0399932861328,657.2661743164062,349.7817077636719,104.01836395263672
2021-03-05,96.56268310546875,159.13999938964844,654.6712646484375,356.2165222167969,105.49464416503906
2021-03-08,96.18245697021484,157.49000549316406,663.25390625,354.4429626464844,104.97199249267578
2021-03-09,96.54580688476562,160.83999633789062,664.5512084960938,359.5035095214844,106.60417175292969
2021-03-10,96.70635223388672,161.66000366210938,664.2518920898438,361.74127197265625,107.2093276977539
2021-03-11,96.69788360595703,161.52000427246094,660.5155639648438,365.40911865234375,108.20880889892578
2021-03-12,96.14862823486328,161.49000549316406,663.1102294921875,365.90118408203125,108.30049133300781
2021-03-15,96.25007629394531,162.1999969482422,661.4136962890625,368.0832214355469,108.77731323242188
2021-03-16,96.21623992919922,162.35000610351562,666.6034545898438,367.6189270019531,108.92402648925781
2021-03-17,96.20780944824219,163.50999450683594,662.9105834960938,368.8725280761719,109.30913543701172
2021-03-18,95.83600616455078,162.55999755859375,664.906982421875,363.5055847167969,107.7870101928711
2021-03-19,95.91206359863281,163.24000549316406,657.7207641601562,362.83294677734375,107.82368469238281
2021-03-22,96.09795379638672,163.0,660.2158203125,365.7300109863281,108.29132080078125
2021-03-23,96.34298706054688,161.80999755859375,657.9204711914062,362.8516540527344,107.28268432617188
2021-03-24,96.46131134033203,162.3699951171875,658.91845703125,361.0069885253906,106.69583892822266
2021-03-25,96.41061401367188,161.77999877929688,655.5252075195312,363.0379638671875,107.31018829345703
2021-03-26,96.25007629394531,162.24000549316406,662.2120361328125,368.8882141113281,108.6581039428711
2021-03-29,96.08953094482422,160.30999755859375,661.4136962890625,368.7019348144531,108.51139831542969
2021-03-30,96.16552734375,157.57000732421875,664.8070068359375,367.7237854003906,108.27300262451172
2021-03-31,96.18245697021484,159.9600067138672,659.6171264648438,369.2142639160156,108.64894104003906
2021-04-01,96.50572204589844,161.97999572753906,661.6133422851562,373.20147705078125,109.83179473876953
2021-04-06,96.64958190917969,163.22000122070312,669.39794921875,378.33447265625,111.06050109863281
2021-04-07,96.49722290039062,162.75999450683594,675.2865600585938,378.7723083496094,111.12470245361328
2021-04-08,96.73417663574219,164.50999450683594,681.9736328125,380.5702819824219,111.8949203491211
2021-04-09,96.62420654296875,163.27000427246094,679.1791381835938,383.3371276855469,112.38090515136719
2021-04-12,96.59882354736328,162.27999877929688,676.9833984375,383.4767761230469,112.30754852294922
2021-04-13,96.8780746459961,163.42999267578125,676.5841064453125,384.6134033203125,112.88522338867188
2021-04-14,96.8019027709961,162.72000122070312,681.3748779296875,383.2998352050781,112.50011444091797
2021-04-15,97.18270111083984,165.35000610351562,686.8641967773438,387.4173583984375,113.71047973632812
2021-04-16,96.9288558959961,166.35000610351562,690.057861328125,388.7123718261719,114.10477447509766
2021-04-19,96.85267639160156,165.88999938964844,687.7625122070312,386.8025817871094,113.63713073730469
2021-04-20,97.0050048828125,166.47999572753906,674.089111328125,383.9705810546875,112.51846313476562
2021-04-21,97.09809875488281,168.1300048828125,677.6820068359375,387.60369873046875,113.49041748046875
2021-04-22,97.12346649169922,167.0399932861328,681.9736328125,384.0636901855469,112.71101379394531
2021-04-23,97.10653686523438,166.39999389648438,682.572509765625,388.22784423828125,113.9030532836914
2021-04-26,97.02194213867188,166.83999633789062,684.7681884765625,389.038330078125,114.12310028076172
2021-04-27,96.78498077392578,166.4199981689453,682.7720336914062,388.9544982910156,114.04058837890625
2021-04-28,96.83573913574219,166.91000366210938,684.568603515625,388.84271240234375,114.11394500732422
2021-04-29,96.78498077392578,166.22000122070312,684.6682739257812,391.32073974609375,114.48070526123047
2021-04-30,96.88650512695312,165.66000366210938,686.1654052734375,388.7496032714844,113.34371185302734
2021-05-04,97.06704711914062,166.5800018310547,681.474609375,387.1844787597656,112.83938598632812
2021-05-05,97.14332580566406,167.27000427246094,692.752685546875,387.3056335449219,113.28868103027344
2021-05-06,97.1602783203125,170.05999755859375,696.4454956054688,390.39849853515625,114.1689453125
2021-05-07,97.13484954833984,171.58999633789062,701.934814453125,393.23980712890625,115.28763580322266
2021-05-10,96.9822769165039,172.11000061035156,701.53564453125,389.3457946777344,114.2606430053711
2021-05-11,96.7704086303711,172.13999938964844,684.0696411132812,385.8710021972656,113.06861877441406
2021-05-12,96.43136596679688,170.42999267578125,688.8602905273438,377.67303466796875,110.80375671386719
2021-05-13,96.65176391601562,171.1300048828125,686.1654052734375,382.2099304199219,112.0416488647461
2021-05-14,96.87210083007812,172.69000244140625,694.2498168945312,388.07879638671875,113.83885955810547
2021-05-17,96.78736877441406,174.6999969482422,692.6530151367188,387.0913391113281,113.43540954589844
2021-05-18,96.66868591308594,175.0399932861328,692.9523315429688,383.75628662109375,113.08695983886719
2021-05-19,96.53311920166016,175.16000366210938,685.2672729492188,382.7501525878906,112.47261810302734
2021-05-20,96.86363983154297,175.9600067138672,693.3515014648438,386.8677673339844,113.857177734375
2021-05-21,96.90602111816406,176.0399932861328,692.752685546875,386.5510559082031,113.86637115478516
2021-05-24,96.9992446899414,176.35000610351562,695.8466796875,390.4915771484375,114.89332580566406
2021-05-25,97.2365493774414,177.9499969482422,693.9503784179688,389.62530517578125,114.67325592041016
2021-05-26,97.20262908935547,177.63999938964844,693.5512084960938,390.39849853515625,114.83832550048828
2021-05-27,97.083984375,177.7100067138672,692.9523315429688,390.6034240722656,114.93919372558594
2021-05-28,97.083984375,178.3800048828125,693.6510009765625,391.3021545410156,115.16842651367188
2021-06-01,97.03901672363281,177.89999389648438,698.341796875,390.9574279785156,115.28763580322266
2021-06-02,97.16633605957031,178.77000427246094,701.0365600585938,391.57232666015625,115.48934173583984
2021-06-03,96.93714904785156,175.27000427246094,696.8447265625,390.11895751953125,115.0125503540039
2021-06-04,97.33609008789062,177.16000366210938,697.8428955078125,393.68695068359375,116.06702423095703
2021-06-07,97.26815795898438,177.8699951171875,698.9405517578125,393.3050842285156,116.25959014892578
2021-06-08,97.4464111328125,177.32000732421875,700.5375366210938,393.38885498046875,116.26876068115234
2021-06-09,97.64166259765625,176.97999572753906,698.5414428710938,392.80194091796875,116.06702423095703
2021-06-10,97.84535217285156,177.74000549316406,699.7390747070312,394.62786865234375,116.52637481689453
2021-06-11,97.80290222167969,175.74000549316406,704.130615234375,395.2799987792969,116.85909271240234
2021-06-14,97.5567626953125,174.7100067138672,705.7273559570312,396.16497802734375,117.06242370605469
2021-06-15,97.59919738769531,174.0500030517578,708.3224487304688,395.4383544921875,116.83136749267578
2021-06-16,97.28515625,171.11000061035156,710.4182739257812,393.2304992675781,116.2121353149414
2021-06-17,97.59071350097656,165.85000610351562,699.9188842773438,393.10009765625,116.01803588867188
2021-06-18,97.85382843017578,164.92999267578125,685.7447509765625,387.7969970703125,114.2435531616211
2021-06-21,97.59919738769531,166.9499969482422,690.5360717773438,393.3486022949219,115.7869873046875
2021-06-22,97.70104217529297,166.25,693.13134765625,395.45166015625,116.2121353149414
2021-06-23,97.6501235961914,166.13999938964844,691.4343872070312,394.97491455078125,115.9163818359375
2021-06-24,97.68408203125,166.0399932861328,695.4270629882812,397.3114929199219,116.84061431884766
2021-06-25,97.4888687133789,166.58999633789062,697.123779296875,398.7227478027344,117.14561462402344
2021-06-28,97.76893615722656,166.5800018310547,691.5341796875,399.5265808105469,117.0809097290039
2021-06-29,97.81988525390625,164.8300018310547,692.9315795898438,399.7415771484375,117.1733169555664
2021-06-30,97.88777923583984,165.6300048828125,687.3417358398438,400.07806396484375,116.979248046875
2021-07-01,97.83338165283203,166.1999969482422,696.2255859375,402.29315185546875,117.43211364746094
2021-07-02,98.04586029052734,167.2899932861328,695.826416015625,405.3680419921875,118.15301513671875
2021-07-06,98.36031341552734,168.1199951171875,694.2291870117188,404.62969970703125,117.82029724121094
2021-07-07,98.53028869628906,168.75999450683594,699.5194702148438,406.0596618652344,118.25467681884766
2021-07-08,98.64079284667969,168.64999389648438,688.7393798828125,402.7510681152344,116.93302154541016
2021-07-09,98.31783294677734,169.2100067138672,696.5250854492188,407.05035400390625,118.50421142578125
2021-07-12,98.2583236694336,169.0,696.724853515625,408.5084228515625,119.01254272460938
2021-07-13,98.04586029052734,169.22000122070312,696.625,407.11572265625,118.393310546875
2021-07-14,98.37732696533203,171.0399932861328,693.730224609375,407.72332763671875,118.67057037353516
2021-07-15,98.58981323242188,171.07000732421875,686.2437744140625,406.3307800292969,118.02361297607422
2021-07-16,98.50482177734375,169.41000366210938,685.64501953125,403.1436462402344,117.16409301757812
2021-07-19,99.02327728271484,169.61000061035156,669.7740478515625,397.1900329589844,115.36184692382812
2021-07-20,98.92977905273438,169.38999938964844,673.4672241210938,402.8818664550781,116.83136749267578
2021-07-21,98.60678100585938,168.75999450683594,684.3473510742188,406.143798828125,118.1068115234375
2021-07-22,98.83629608154297,169.08999633789062,681.8517456054688,406.99420166015625,118.29164123535156
2021-07-23,98.76829528808594,168.55999755859375,687.8410034179688,411.1814270019531,119.40071105957031
2021-07-26,98.68331909179688,168.16000366210938,687.641357421875,412.19085693359375,119.47466278076172
2021-07-27,98.91275024414062,168.44000244140625,683.9481811523438,410.312255859375,119.05875396728516
2021-07-28,99.00627136230469,169.2899932861328,686.8427124023438,410.1438903808594,119.27132415771484
2021-07-29,98.84478759765625,171.1699981689453,693.4306640625,411.8450622558594,119.89056396484375
2021-07-30,98.9807357788086,169.82000732421875,689.2384033203125,409.8449401855469,119.06800079345703
2021-08-02,99.19098663330078,169.61000061035156,693.730224609375,408.9850769042969,119.2528305053711
2021-08-03,99.22502899169922,169.49000549316406,696.2255859375,412.3123779296875,120.03843688964844
2021-08-04,99.21651458740234,169.52999877929688,697.4234619140625,410.2842102050781,119.65950775146484
2021-08-05,98.99522399902344,168.86000061035156,698.5214233398438,412.8824768066406,120.3896484375
2021-08-06,98.5526351928711,164.63999938964844,698.1220092773438,413.56475830078125,120.19554901123047
2021-08-09,98.3739013671875,161.72000122070312,699.1203002929688,413.2282409667969,120.21405792236328
2021-08-10,98.24623107910156,161.77000427246094,701.6157836914062,413.7423400878906,120.35267639160156
2021-08-11,98.33985900878906,164.0,707.70458984375,414.77044677734375,120.78707885742188
2021-08-12,98.34839630126953,164.0399932861328,707.6047973632812,416.01348876953125,121.03660583496094
2021-08-13,98.70584869384766,166.38999938964844,710.0003662109375,416.7705993652344,121.40628814697266
2021-08-16,98.75691223144531,167.22000122070312,703.8116455078125,417.7519226074219,121.36933135986328
2021-08-17,98.6803207397461,166.97000122070312,706.3070068359375,415.013427734375,120.44509887695312
2021-08-18,98.6888427734375,167.10000610351562,705.0095825195312,410.4710693359375,119.45616912841797
2021-08-19,98.85907745361328,166.61000061035156,695.826416015625,411.1066589355469,119.01254272460938
2021-08-20,98.8675537109375,166.6999969482422,698.9207763671875,414.3778991699219,119.8720703125
2021-08-23,98.8675537109375,168.72999572753906,700.7173461914062,418.0229797363281,121.00885772705078
2021-08-24,98.72286987304688,168.64999389648438,701.9151611328125,418.6865539550781,121.24916076660156
2021-08-25,98.53562927246094,167.47999572753906,704.7099609375,419.5650634765625,121.44322967529297
2021-08-26,98.54414367675781,167.6699981689453,703.113037109375,417.08837890625,120.79627990722656
2021-08-27,98.81646728515625,170.19000244140625,705.4088134765625,420.81744384765625,121.8406753540039
2021-08-31,98.78248596191406,169.69000244140625,702.3143920898438,422.04180908203125,122.01628875732422
2021-09-01,98.81397247314453,169.6999969482422,705.4088134765625,422.26617431640625,122.4136734008789
2021-09-02,98.9162826538086,169.25,708.1038208007812,423.5653076171875,122.8018569946289
2021-09-03,98.74578857421875,171.05999755859375,705.7081298828125,423.46246337890625,122.96822357177734
2021-09-07,98.48158264160156,167.7100067138672,706.6068115234375,421.9483642578125,122.65399169921875
2021-09-08,98.64352416992188,167.2899932861328,701.1166381835938,421.434326171875,122.26580810546875
2021-09-09,98.95884704589844,168.02999877929688,694.7283325195312,419.6305236816406,121.84991455078125
2021-09-10,98.76284790039062,167.17999267578125,694.7283325195312,416.32196044921875,121.15674591064453
2021-09-13,98.89070129394531,167.74000549316406,698.2218627929688,417.387451171875,121.57263946533203
2021-09-14,99.11231994628906,168.82000732421875,695.3272094726562,415.1349792480469,120.9903793334961
2021-09-15,99.01856231689453,167.8300018310547,693.2310180664062,418.60235595703125,121.72052001953125
2021-09-16,98.84809112548828,164.02999877929688,685.928955078125,417.9388427734375,121.54490661621094
2021-09-17,98.76284790039062,163.77000427246094,679.3402709960938,413.86767578125,120.29721069335938
2021-09-20,98.95040893554688,164.94000244140625,673.7498779296875,406.966796875,118.263916015625
2021-09-21,98.99298858642578,166.0399932861328,680.9376220703125,406.5823669433594,118.46724700927734
2021-09-22,99.02706909179688,165.4199981689453,691.31982421875,410.5483703613281,119.51162719726562
2021-09-23,98.54124450683594,163.50999450683594,690.62109375,415.5365905761719,120.89795684814453
2021-09-24,98.37077331542969,163.3000030517578,688.125244140625,416.2211608886719,120.68541717529297
2021-09-27,98.23441314697266,163.63999938964844,689.52294921875,415.0303955078125,120.43584442138672
2021-09-28,97.82524871826172,162.0500030517578,685.6295166015625,406.66668701171875,117.86650085449219
2021-09-29,97.89344024658203,161.32000732421875,693.0169067382812,407.3511657714844,117.85726165771484
2021-09-30,97.87637329101562,164.22000122070312,691.4197998046875,402.3724060058594,116.8775863647461
2021-10-01,98.17517852783203,164.58999633789062,686.2285766601562,407.15423583984375,117.82953643798828
2021-10-04,98.10688781738281,165.36000061035156,684.4315795898438,401.90362548828125,116.46168518066406
2021-10-05,97.87638092041016,164.58999633789062,691.4197998046875,406.0854187011719,117.39515686035156
2021-10-06,97.9190673828125,165.02999877929688,683.3334350585938,407.77313232421875,117.62620544433594
2021-10-07,97.6458969116211,164.16000366210938,691.31982421875,411.298583984375,118.61511993408203
2021-10-08,97.43245697021484,164.22999572753906,693.1168212890625,410.5483703613281,118.4857177734375
2021-10-11,97.27879333496094,163.9199981689453,697.8087158203125,407.5761413574219,117.85726165771484
2021-10-12,97.63736724853516,164.66000366210938,696.4110717773438,406.572998046875,117.65392303466797
2021-10-13,97.85932922363281,167.58999633789062,697.5093383789062,408.0356140136719,118.31938171386719
2021-10-14,98.0471420288086,168.0,704.1978149414062,414.8990478515625,120.20480346679688
2021-10-15,97.80809783935547,165.3300018310547,707.192626953125,418.0587463378906,121.07356262207031
2021-10-18,97.73979949951172,164.9199981689453,703.8983154296875,419.2966003417969,121.24916076660156
2021-10-19,97.45806884765625,165.4499969482422,705.1961669921875,422.5312805175781,122.09944152832031
2021-10-20,97.38980865478516,166.89999389648438,705.3956909179688,424.19091796875,122.47840118408203
2021-10-21,97.18490600585938,166.75,702.6004638671875,425.2973327636719,122.59852600097656
2021-10-22,97.37268829345703,167.77000427246094,703.8983154296875,424.85662841796875,122.68173217773438
2021-10-25,97.46662139892578,168.92999267578125,705.6953735351562,427.1350402832031,123.023681640625
2021-10-26,97.6458969116211,167.67999267578125,710.3872680664062,427.5195007324219,123.19002532958984
2021-10-27,97.97032165527344,168.1199951171875,708.390625,425.62554931640625,122.58006286621094
2021-10-28,97.89348602294922,168.0800018310547,708.1909790039062,429.7323303222656,123.71684265136719
2021-10-29,97.8678970336914,166.64999389648438,707.4922485351562,430.604248046875,123.69837188720703
2021-11-01,97.80799865722656,167.52000427246094,712.1842041015625,431.3450012207031,124.2251968383789
2021-11-02,98.00464630126953,167.16000366210938,710.886474609375,433.0889892578125,124.48394012451172
2021-11-03,97.80799865722656,165.77000427246094,707.8916015625,435.73309326171875,125.34346771240234
2021-11-04,98.13289642333984,167.64999389648438,711.6849975585938,437.7865295410156,125.62076568603516
2021-11-05,98.5177001953125,169.83999633789062,714.180908203125,439.3054504394531,126.02739715576172
2021-11-08,98.3381576538086,170.4499969482422,713.9811401367188,439.6805419921875,126.110595703125
2021-11-09,98.61174774169922,171.2899932861328,711.1858520507812,438.2272033691406,125.73164367675781
2021-11-10,97.94481658935547,173.14999389648438,716.57666015625,434.7017517089844,124.49319458007812
2021-11-11,97.7652587890625,174.1199951171875,722.1671142578125,434.84234619140625,124.76123046875
2021-11-12,97.74815368652344,174.4499969482422,718.673095703125,438.12396240234375,125.722412109375
2021-11-15,97.3890380859375,174.17999267578125,719.17236328125,438.2740478515625,125.62076568603516
2021-11-16,97.35480499267578,172.9199981689453,717.2754516601562,440.0085754394531,125.92575073242188
2021-11-17,97.585693359375,174.5,713.3822021484375,438.9398193359375,125.593017578125
2021-11-18,97.67118835449219,173.94000244140625,710.686767578125,440.4305725097656,125.89801025390625
2021-11-19,97.85930633544922,172.61000061035156,707.6918334960938,439.64300537109375,125.34346771240234
2021-11-22,97.3890380859375,168.74000549316406,710.4871826171875,438.4053039550781,124.696533203125
2021-11-23,97.0042495727539,167.27999877929688,711.784912109375,438.9866638183594,124.70575714111328
2021-11-24,97.22657012939453,167.1199951171875,713.9811401367188,440.1586608886719,124.7981948852539
2021-11-26,97.91915893554688,166.85000610351562,690.8206787109375,430.34173583984375,121.99777221679688
2021-11-29,97.9704818725586,166.6199951171875,697.2095947265625,435.62060546875,123.06990814208984
2021-11-30,98.13289642333984,165.5,691.31982421875,427.14447021484375,121.16598510742188
2021-12-01,98.15177154541016,166.16000366210938,702.40087890625,422.3999938964844,119.73345184326172
2021-12-02,98.13462829589844,165.24000549316406,698.3077392578125,428.8696594238281,121.43401336669922
2021-12-03,98.52850341796875,166.6300048828125,698.2079467773438,425.137939453125,120.51901245117188
2021-12-06,98.18599700927734,166.22000122070312,708.690185546875,430.1729736328125,121.7667236328125
2021-12-07,98.03189086914062,166.80999755859375,719.272216796875,439.071044921875,124.30834197998047
2021-12-08,97.77500915527344,166.89999389648438,718.3737182617188,440.2337341308594,124.73351287841797
2021-12-09,97.7835693359375,165.8800048828125,717.3754272460938,437.2613830566406,123.66138458251953
2021-12-10,97.80925750732422,166.5800018310547,714.5799560546875,441.3775939941406,124.38230895996094
2021-12-13,98.15177154541016,167.0,708.290771484375,437.4676818847656,123.29788208007812
2021-12-14,97.96334075927734,165.44000244140625,707.0928344726562,434.4578552246094,122.31117248535156
2021-12-15,97.88631439208984,166.14999389648438,702.7005004882812,441.2463073730469,124.17285919189453
2021-12-16,98.0208740234375,168.16000366210938,706.2424926757812,437.3551940917969,123.57711791992188
2021-12-17,98.14088439941406,167.8000030517578,706.9415283203125,432.700439453125,122.2646713256836
2021-12-20,97.99515533447266,167.08999633789062,700.3522338867188,428.0993957519531,121.2407455444336
2021-12-21,97.91801452636719,167.02000427246094,709.5372924804688,435.70196533203125,123.19548797607422
2021-12-22,98.00373840332031,168.58999633789062,713.7302856445312,440.0585021972656,124.28456115722656
2021-12-23,97.88375854492188,168.97000122070312,717.524169921875,442.7965087890625,125.17815399169922
2021-12-29,97.60088348388672,168.58999633789062,721.7172241210938,449.27008056640625,126.50923919677734
2021-12-30,97.81519317626953,169.8000030517578,720.9185791015625,448.0280456542969,126.32947540283203
2021-12-31,97.78087615966797,170.9600067138672,718.72216796875,446.89892578125,126.03145599365234
2022-01-04,97.10375213623047,169.57000732421875,730.1033935546875,449.3359069824219,126.71134185791016
2022-01-05,96.80376434326172,169.05999755859375,731.8007202148438,440.7076721191406,124.58784484863281
2022-01-06,96.7009048461914,166.99000549316406,725.61083984375,440.2936706542969,124.3550033569336
2022-01-07,96.4180679321289,167.75,728.5062255859375,438.552978515625,124.04766082763672
2022-01-10,96.33235931396484,168.25999450683594,725.3114013671875,438.00726318359375,123.53541564941406
2022-01-11,96.51234436035156,170.2899932861328,729.8040161132812,441.99664306640625,124.82071685791016
2022-01-12,96.51234436035156,170.74000549316406,735.4946899414062,443.1917419433594,125.37020111083984
2022-01-13,96.68378448486328,170.16000366210938,736.293212890625,437.0851745605469,123.85208129882812
2022-01-14,96.143798828125,169.6699981689453,735.0952758789062,437.263916015625,123.87071228027344
2022-01-18,95.56094360351562,169.38999938964844,737.3915405273438,429.5201110839844,121.6447525024414
2022-01-19,95.76663970947266,172.0800018310547,740.0870361328125,425.0601501464844,120.76927947998047
2022-01-20,95.81809997558594,171.64999389648438,739.2884521484375,420.3556213378906,119.64234161376953
2022-01-21,96.19522094726562,171.08999633789062,730.602783203125,412.10382080078125,117.52814483642578
2022-01-24,96.08378601074219,172.02999877929688,711.334228515625,413.85382080078125,117.44432067871094
2022-01-25,95.98950958251953,172.5800018310547,719.0216064453125,408.8011474609375,116.28013610839844
2022-01-26,95.44947814941406,169.7899932861328,729.0053100585938,407.7755126953125,115.87964630126953
2022-01-27,95.76663970947266,167.60000610351562,736.6928100585938,405.761962890625,115.26494598388672
2022-01-28,95.835205078125,167.10000610351562,728.0068969726562,415.8392333984375,117.29531860351562
2022-01-31,95.8266830444336,168.08999633789062,728.9054565429688,423.3288879394531,119.51194763183594
2022-02-01,95.79318237304688,168.22999572753906,735.0952758789062,426.1893005371094,120.4898681640625
2022-02-02,95.89614868164062,168.83999633789062,739.9873046875,430.329345703125,121.49573516845703
2022-02-03,95.50992584228516,168.60000610351562,734.99560546875,420.2144470214844,118.87862396240234
2022-02-04,94.90904235839844,168.86000061035156,733.9970703125,422.1903991699219,119.41880798339844
2022-02-07,94.99488830566406,170.11000061035156,739.4882202148438,420.83551025390625,119.26978302001953
2022-02-08,94.70304107666016,170.6300048828125,738.7892456054688,424.2981262207031,120.12664031982422
2022-02-09,94.76316833496094,171.2100067138672,746.4765625,430.50811767578125,121.96142578125
2022-02-10,93.88760375976562,170.55999755859375,749.4717407226562,422.7738037109375,120.06143951416016
2022-02-11,94.505615234375,173.80999755859375,748.3736572265625,414.437255859375,117.947265625
2022-02-14,93.95626068115234,174.74000549316406,736.093505859375,413.0823059082031,117.45364379882812
2022-02-15,93.8017807006836,173.0800018310547,743.082275390625,419.7440490722656,119.49332427978516
2022-02-16,93.9133529663086,174.86000061035156,741.9840087890625,420.2144470214844,119.70751953125
2022-02-17,94.11077117919922,177.25,736.7925415039062,411.2380676269531,117.38844299316406
2022-02-18,94.30821990966797,177.1199951171875,734.99560546875,408.5753173828125,116.51296997070312
2022-02-22,94.20519256591797,177.49000549316406,733.4978637695312,404.19061279296875,115.12525939941406
2022-02-23,93.78459167480469,178.2899932861328,733.3980712890625,397.0207824707031,113.4581069946289
2022-02-24,93.95626068115234,177.13999938964844,707.6402587890625,402.9956359863281,114.01692962646484
2022-02-25,94.05067443847656,176.5500030517578,734.696044921875,411.8873596191406,116.68061065673828
2022-02-28,94.72882080078125,178.3800048828125,730.70263671875,410.8334655761719,116.02867126464844
2022-03-01,95.26261901855469,181.6199951171875,718.9217529296875,404.5763854980469,114.14732360839844
2022-03-02,94.11931610107422,179.72999572753906,728.9054565429688,412.0190124511719,116.02867126464844
2022-03-03,94.43737030029297,180.8000030517578,710.8350219726562,409.96783447265625,114.7806396484375
2022-03-04,94.81562805175781,183.67999267578125,685.8759155273438,406.636962890625,113.243896484375
2022-03-07,94.26546478271484,186.41000366210938,682.7811279296875,394.6496887207031,109.85375213623047
2022-03-08,93.93022918701172,191.50999450683594,684.2786254882812,391.6575927734375,109.48120880126953
2022-03-09,93.73250579833984,185.82000732421875,707.6402587890625,402.158203125,112.85273742675781
2022-03-10,93.2081527709961,186.39999389648438,700.4520874023438,400.3422546386719,112.16352081298828
2022-03-11,93.19097900390625,185.08999633789062,704.8447875976562,395.25189208984375,110.7385482788086
2022-03-14,92.28834533691406,182.3000030517578,709.1377563476562,392.3632507324219,110.30079650878906
2022-03-15,92.49465942382812,178.88999938964844,708.139404296875,400.99139404296875,112.38705444335938
2022-03-16,92.56341552734375,180.00999450683594,719.221435546875,409.8831787109375,115.33015441894531
2022-03-17,92.7181625366211,180.88999938964844,724.75537109375,415.0111999511719,116.5408935546875
2022-03-18,92.92446899414062,179.3000030517578,726.9517211914062,419.5567321777344,118.04039764404297
2022-03-21,92.01329040527344,180.6699981689453,729.5477905273438,419.4339904785156,117.91931915283203
2022-03-22,91.76399230957031,179.36000061035156,733.7411499023438,424.3420104980469,119.28841400146484
2022-03-23,92.14222717285156,181.80999755859375,731.6444091796875,418.8771057128906,117.80755615234375
2022-03-24,91.93592834472656,183.1300048828125,732.9423828125,425.19140625,119.26048278808594
2022-03-25,91.2052230834961,182.3800048828125,734.240234375,427.2678527832031,119.62371063232422
2022-03-28,91.42874145507812,179.05999755859375,733.8410034179688,430.30706787109375,120.1545639038086
2022-03-29,91.8585433959961,179.13999938964844,740.130859375,435.6304016113281,122.01728820800781
2022-03-30,92.10784912109375,180.5800018310547,744.2244873046875,432.9403991699219,121.2442626953125
2022-03-31,92.0648422241211,180.64999389648438,738.533447265625,426.27685546875,119.3629379272461
2022-04-01,91.90126037597656,179.5,740.5302124023438,427.4849853515625,119.96830749511719
2022-04-04,91.97875213623047,180.3699951171875,742.2277221679688,431.1470947265625,120.82516479492188
2022-04-05,91.04896545410156,179.24000549316406,747.918701171875,425.70111083984375,119.22322082519531
2022-04-06,90.81653594970703,179.66000366210938,745.822021484375,421.4444580078125,117.91931915283203
2022-04-07,90.6185531616211,180.33999633789062,742.8265991210938,423.5680236816406,118.43157196044922
2022-04-08,90.1622543334961,181.47000122070312,753.809326171875,422.4353942871094,118.08697509765625
2022-04-11,89.77483367919922,182.3699951171875,750.0154418945312,415.2150573730469,116.31739044189453
2022-04-12,90.0589599609375,183.77000427246094,744.9234619140625,413.67657470703125,115.78651428222656
2022-04-13,90.23973846435547,184.64999389648438,744.7238159179688,418.4146423339844,117.24874877929688
2022-04-14,89.50794982910156,184.0399932861328,748.6175537109375,413.2047119140625,116.05661010742188
2022-04-19,88.69012451171875,181.82000732421875,747.619140625,420.0474853515625,117.1090316772461
2022-04-20,89.19805145263672,182.7100067138672,750.7142944335938,419.7360534667969,117.27667999267578
2022-04-21,88.70732879638672,182.05999755859375,751.2135009765625,413.45953369140625,115.52572631835938
2022-04-22,88.62123107910156,180.2899932861328,741.229248046875,402.1144714355469,112.67577362060547
2022-04-25,89.21529388427734,177.0500030517578,727.2512817382812,404.4458312988281,112.94586181640625
2022-04-26,89.49073791503906,177.32000732421875,727.6507568359375,392.7327575683594,109.90963745117188
2022-04-27,89.12918090820312,175.97999572753906,730.546142578125,393.83697509765625,110.31941986083984
2022-04-28,89.09477996826172,176.92999267578125,739.43212890625,403.7850646972656,112.69440460205078
2022-04-29,88.56097412109375,176.91000366210938,743.5255737304688,388.8629455566406,109.36013793945312
2022-05-03,88.27725982666016,174.08999633789062,744.5239868164062,392.99700927734375,110.33805847167969
2022-05-04,88.84646606445312,175.8000030517578,738.7332153320312,404.9649658203125,113.18801879882812
2022-05-05,87.96678161621094,175.1300048828125,740.330810546875,390.5713806152344,109.06209564208984
2022-05-06,87.5959701538086,175.4199981689453,728.050048828125,388.239990234375,108.35426330566406
2022-05-09,88.02713012695312,172.8800048828125,711.2764892578125,375.8096618652344,104.8430404663086
2022-05-10,88.29449462890625,171.4199981689453,713.7725830078125,376.6779479980469,105.08519744873047
2022-05-11,88.62222290039062,172.82000732421875,723.656982421875,370.6940002441406,103.69747924804688
2022-05-12,88.78607177734375,170.1699981689453,713.0736694335938,370.3069763183594,103.66022491455078
2022-05-13,88.4066162109375,168.7899932861328,731.1451416015625,379.1602783203125,106.32390594482422
2022-05-16,88.60494995117188,170.39999389648438,735.8378295898438,377.621826171875,106.00724792480469
2022-05-17,88.12200927734375,169.3300018310547,740.8299560546875,385.3896179199219,108.15868377685547
2022-05-18,88.47559356689453,169.4199981689453,734.240234375,369.8539733886719,104.34941864013672
2022-05-19,88.6998291015625,171.91000366210938,721.8598022460938,367.58880615234375,104.3028564453125
2022-05-20,88.96717834472656,172.02999877929688,729.9470825195312,367.7492980957031,104.6102066040039
2022-05-23,88.67395782470703,172.8300018310547,742.0279541015625,374.6297912597656,106.40773010253906
2022-05-24,89.35527801513672,174.1300048828125,739.2323608398438,371.7699890136719,105.64400482177734
2022-05-25,89.72611236572266,173.0800018310547,743.42578125,375.0545654296875,106.42636108398438
2022-05-26,89.65711212158203,172.75999450683594,747.41943359375,382.54864501953125,108.28907775878906
2022-05-27,89.8037109375,172.85000610351562,749.7157592773438,391.93994140625,110.52433013916016
2022-05-31,89.23450469970703,171.13999938964844,751.113525390625,389.7407531738281,109.84445190429688
2022-06-01,88.86819458007812,172.22999572753906,744.5239868164062,386.58831787109375,108.97828674316406
2022-06-06,88.28933715820312,171.82000732421875,751.6128540039062,388.6647644042969,109.74199676513672
2022-06-07,88.62626647949219,172.94000244140625,750.7142944335938,392.3929138183594,110.65472412109375
2022-06-08,88.2634048461914,172.77999877929688,749.5161743164062,388.1267395019531,109.38807678222656
2022-06-09,88.16838836669922,172.22999572753906,738.0343017578125,378.8959655761719,106.83946228027344
2022-06-10,87.48584747314453,174.5399932861328,722.8583374023438,367.90966796875,103.80514526367188
2022-06-13,86.05162811279297,169.92999267578125,712.3748168945312,353.9408264160156,99.81263732910156
2022-06-14,85.5418930053711,168.57000732421875,709.7789306640625,352.8742980957031,99.31475830078125
2022-06-15,86.49229431152344,170.77000427246094,718.2655029296875,357.9049377441406,100.95872497558594
2022-06-16,86.69964599609375,172.69000244140625,687.2025756835938,346.0596923828125,97.9338150024414
2022-06-17,86.69097900390625,171.27000427246094,684.3067016601562,346.8056945800781,98.01835632324219
2022-06-21,86.34540557861328,170.6300048828125,697.9869384765625,355.53607177734375,100.05690002441406
2022-06-22,87.07979583740234,171.30999755859375,691.8958740234375,354.89154052734375,99.72810363769531
2022-06-23,87.44264221191406,170.25999450683594,685.005859375,358.37030029296875,100.34810638427734
2022-06-24,87.3044204711914,170.08999633789062,703.578857421875,369.76434326171875,103.39179992675781
2022-06-27,86.9156265258789,169.89999389648438,708.0723266601562,368.3519287109375,103.13816833496094
2022-06-28,86.95020294189453,169.6199951171875,714.5628662109375,360.82537841796875,101.3908462524414
2022-06-29,87.45127868652344,169.49000549316406,714.1635131835938,360.5316467285156,101.21237182617188
2022-06-30,87.84873962402344,168.4600067138672,699.88427734375,357.6025695800781,100.40445709228516
2022-07-01,88.58096313476562,168.32000732421875,700.3834838867188,361.38470458984375,101.23115539550781
2022-07-05,88.74544525146484,164.75,685.5051879882812,362.06719970703125,100.79902648925781
2022-07-06,88.14822387695312,162.13999938964844,693.5933227539062,363.29010009765625,101.04327392578125
2022-07-07,87.94911193847656,162.22999572753906,702.2807006835938,368.73114013671875,102.59329986572266
2022-07-08,87.62020874023438,162.3000030517578,703.578857421875,368.42779541015625,102.63088989257812
2022-07-11,88.02702331542969,161.42999267578125,703.578857421875,364.2190856933594,101.1466064453125
2022-07-12,88.14822387695312,160.8300018310547,704.27783203125,360.9960632324219,100.62992858886719
2022-07-13,88.46842193603516,161.60000610351562,699.2850952148438,359.1002197265625,100.3011245727539
2022-07-14,88.1568603515625,159.3300018310547,688.1013793945312,358.2281799316406,99.5683822631836
2022-07-15,88.50311279296875,159.00999450683594,699.9840087890625,365.07220458984375,101.25933074951172
2022-07-18,88.21745300292969,159.16000366210938,705.9754028320312,362.05780029296875,100.93992614746094
2022-07-19,88.09626770019531,159.5399932861328,712.6655883789062,371.84027099609375,103.68302154541016
2022-07-20,88.03569793701172,158.0399932861328,710.6685791015625,374.2101135253906,103.96483612060547
2022-07-21,88.77140808105469,160.27000427246094,711.068115234375,378.020751953125,105.08274841308594
2022-07-22,89.46385192871094,160.6699981689453,711.1679077148438,374.51336669921875,104.21849060058594
2022-07-25,89.13494873046875,160.22999572753906,714.463134765625,374.9684753417969,104.5754623413086
2022-07-26,89.11763000488281,160.0399932861328,713.8639526367188,370.5322265625,103.18513488769531
2022-07-27,89.42922973632812,161.6699981689453,718.1576538085938,380.153564453125,105.84366607666016
2022-07-28,90.06971740722656,163.63999938964844,717.9579467773438,384.92156982421875,107.00856018066406
2022-07-29,90.07838439941406,164.10000610351562,725.8464965820312,390.5333251953125,108.56796264648438
2022-08-01,90.39059448242188,165.02999877929688,724.6483154296875,389.3768005371094,108.38948059082031
2022-08-02,89.462646484375,164.0500030517578,724.5484008789062,386.80792236328125,107.440673828125
2022-08-03,89.86158752441406,164.4499969482422,727.9434204101562,392.86517333984375,108.80282592773438
2022-08-04,90.07839965820312,167.1699981689453,729.2415771484375,392.5997314453125,108.971923828125
2022-08-05,89.07243347167969,165.2899932861328,728.3429565429688,391.9361572265625,108.63373565673828
2022-08-08,89.48002624511719,166.69000244140625,732.8365478515625,391.4811706542969,108.59615325927734
2022-08-09,89.28054809570312,167.1999969482422,733.2356567382812,389.92657470703125,108.0512924194336
2022-08-10,89.50602722167969,166.77999877929688,736.1315307617188,398.1166076660156,110.44679260253906
2022-08-11,89.02906036376953,166.33999633789062,734.1344604492188,398.1166076660156,110.4749755859375
2022-08-12,89.427978515625,167.8699951171875,737.729248046875,404.8563232421875,112.00623321533203
2022-08-15,89.54071044921875,165.7100067138672,738.5280151367188,406.524658203125,112.12834930419922
2022-08-16,89.41063690185547,165.4199981689453,740.9247436523438,407.3209533691406,112.35379791259766
2022-08-17,88.8816146850586,164.35000610351562,738.9275512695312,404.4297180175781,111.47076416015625
2022-08-18,89.07243347167969,163.9199981689453,743.1215209960938,405.6051940917969,111.48015594482422
2022-08-19,88.447998046875,162.72000122070312,743.720458984375,400.1546936035156,109.98648071289062
2022-08-22,88.06643676757812,161.63999938964844,742.3226318359375,391.8224182128906,107.77886962890625
2022-08-23,88.03173065185547,162.77000427246094,737.6293334960938,390.8745422363281,107.77886962890625
2022-08-24,87.79759216308594,163.25,736.4310913085938,392.1257629394531,108.07947540283203
2022-08-25,88.28324127197266,163.75,737.8291015625,397.6615905761719,109.48860168457031
2022-08-26,88.11846160888672,161.75999450683594,732.5367431640625,384.201171875,106.06912994384766
2022-08-30,87.8062744140625,160.50999450683594,726.5453491210938,377.4709167480469,104.4063720703125
2022-08-31,87.33797454833984,159.27000427246094,718.0577392578125,374.5987243652344,103.59848022460938
2022-09-01,86.95909118652344,157.8699951171875,705.87548828125,375.774169921875,103.29786682128906
2022-09-02,87.21112823486328,159.25999450683594,718.3573608398438,371.8118591308594,102.37725067138672
2022-09-06,86.39423370361328,158.3300018310547,721.1531982421875,370.40899658203125,101.93572235107422
2022-09-07,86.99385070800781,159.94000244140625,715.4617309570312,377.0632629394531,103.5045394897461
2022-09-08,86.71578979492188,158.97999572753906,717.35888671875,379.5278625488281,104.04000091552734
2022-09-09,86.70710754394531,159.82000732421875,726.2460327148438,385.4239807128906,106.05974578857422
2022-09-12,86.57672882080078,160.6300048828125,738.42822265625,389.5663757324219,107.29036712646484
2022-09-13,86.09011840820312,158.5399932861328,729.7407836914062,372.62713623046875,102.90331268310547
2022-09-14,86.20307159423828,157.92999267578125,719.3560791015625,374.0489807128906,103.30726623535156
2022-09-15,85.94239044189453,154.97999572753906,711.2549438476562,369.8022766113281,102.25511932373047
2022-09-16,85.8815689086914,155.83999633789062,706.9607543945312,366.9810791015625,101.46600341796875
2022-09-20,85.36885833740234,155.07000732421875,702.1669921875,365.5819396972656,100.80841064453125
2022-09-21,85.63823699951172,155.7899932861328,706.7609252929688,359.204833984375,99.192626953125
2022-09-22,84.72582244873047,155.6999969482422,698.7715454101562,356.18756103515625,98.36595153808594
2022-09-23,84.46508026123047,153.00999450683594,685.5890502929688,350.2196960449219,96.1865005493164
2022-09-26,83.3788833618164,151.22999572753906,685.4892578125,346.75506591796875,95.0216293334961
2022-09-27,83.02259826660156,151.5399932861328,681.5942993164062,345.8698425292969,94.76798248291016
2022-09-28,84.36083984375,154.69000244140625,683.8912963867188,352.67529296875,96.71257781982422
2022-09-29,83.91764831542969,154.66000366210938,672.7061157226562,345.308349609375,95.04042053222656
2022-09-30,83.71776580810547,154.6699981689453,674.1043090820312,339.9685974121094,93.89433288574219
2022-10-03,84.39796447753906,158.42999267578125,674.7034912109375,348.9441833496094,96.1958999633789
2022-10-04,84.6243667602539,160.6999969482422,691.8806762695312,359.7568359375,99.47444152832031
2022-10-05,84.18024444580078,159.80999755859375,688.8846435546875,358.919189453125,99.09868621826172
2022-10-06,83.8492660522461,159.6300048828125,684.19091796875,355.2166442871094,97.87745666503906
2022-10-07,83.4051513671875,157.8800048828125,683.1920776367188,345.308349609375,95.39739990234375
2022-10-10,83.03065490722656,155.47999572753906,680.695556640625,342.6717834472656,94.79618072509766
2022-10-11,83.08293151855469,155.16000366210938,673.1056518554688,340.5015869140625,93.98828125
2022-10-12,83.15260314941406,155.99000549316406,667.1135864257812,339.3785095214844,93.69705963134766
2022-10-13,82.89131927490234,154.91000366210938,670.4092407226562,348.33502197265625,96.11134338378906
2022-10-14,82.43843841552734,152.97999572753906,670.8086547851562,340.39697265625,93.90372467041016
2022-10-17,82.61264038085938,153.4199981689453,676.5010375976562,349.14410400390625,96.3180160522461
2022-10-18,82.75199127197266,153.75,677.9991455078125,353.2463684082031,97.35137939453125
2022-10-19,82.0378646850586,151.69000244140625,676.9005126953125,350.7431945800781,96.52468872070312
2022-10-20,81.54142761230469,151.4499969482422,678.5982666015625,347.8020324707031,95.89527893066406
2022-10-21,81.663330078125,154.14999389648438,681.2947387695312,356.25421142578125,97.96199798583984
2022-10-24,81.5501480102539,153.64999389648438,685.3892211914062,360.6134948730469,98.70413208007812
2022-10-25,82.35135650634766,154.0,685.0897827148438,366.3719482421875,100.57356262207031
2022-10-26,82.7171401977539,154.97999572753906,688.8846435546875,363.61163330078125,100.32931518554688
2022-10-27,83.1351547241211,154.74000549316406,690.98193359375,361.6700134277344,99.81263732910156
2022-10-28,82.92616271972656,153.16000366210938,688.3851928710938,370.27435302734375,101.71965026855469
2022-10-31,82.64745330810547,151.91000366210938,693.0791625976562,367.5997009277344,100.91175079345703
2022-11-01,82.80108642578125,153.4600067138672,701.7675170898438,365.9911804199219,100.9305419921875
2022-11-02,82.66143035888672,152.38999938964844,697.5730590820312,356.80621337890625,98.61019897460938
2022-11-03,82.35591125488281,151.80999755859375,701.7675170898438,353.1321716308594,97.64260864257812
2022-11-04,82.34716796875,156.47000122070312,716.9474487304688,358.21490478515625,99.69051361083984
2022-11-07,82.0853500366211,155.85000610351562,712.6529541015625,361.6414794921875,100.4514389038086
2022-11-08,82.4344711303711,159.4499969482422,713.4520874023438,363.5926208496094,101.17478942871094
2022-11-09,82.5304946899414,158.64999389648438,712.1536254882812,356.1018981933594,99.25839233398438
2022-11-10,84.30244445800781,163.47999572753906,721.5411987304688,375.671142578125,104.73516082763672
2022-11-11,84.2413330078125,164.55999755859375,715.54931640625,379.30712890625,106.1724624633789
2022-11-14,84.00564575195312,164.9199981689453,721.5411987304688,376.0804443359375,105.11093139648438
2022-11-15,84.62540435791016,165.5,720.3428955078125,379.2880554199219,106.02216339111328
2022-11-16,85.14909362792969,165.1199951171875,718.545166015625,376.39447021484375,105.33638763427734
2022-11-17,84.791259765625,163.9199981689453,718.9446411132812,375.2427978515625,105.06395721435547
2022-11-18,84.66908264160156,162.7899932861328,722.3401489257812,376.94659423828125,105.45851135253906
2022-11-21,84.61668395996094,161.8800048828125,721.9407958984375,375.5759582519531,104.8291015625
2022-11-22,85.0531005859375,162.07000732421875,728.83154296875,380.6301574707031,106.32276916503906
2022-11-23,85.55935668945312,163.0800018310547,730.3294677734375,383.0286560058594,107.14006042480469
2022-11-25,85.57683563232422,163.22000122070312,733.4253540039062,382.9430236816406,107.28096771240234
2022-11-28,85.43718719482422,161.92999267578125,732.5265502929688,376.8323059082031,105.69336700439453
2022-11-29,85.13166809082031,162.72999572753906,736.2216796875,376.1850891113281,105.59942626953125
2022-11-30,85.79505157470703,164.80999755859375,741.8143310546875,388.0351867675781,108.44585418701172
2022-12-01,86.50894165039062,167.83999633789062,740.5159912109375,387.7496337890625,108.80282592773438
2022-12-02,86.86767578125,167.25999450683594,740.5159912109375,387.3022766113281,108.68070220947266
2022-12-05,86.18524169921875,164.38999938964844,741.7144775390625,380.3351135253906,106.7455062866211
2022-12-06,86.43897247314453,164.83999633789062,735.8223876953125,374.8525695800781,105.50547790527344
2022-12-07,87.20886993408203,166.3300018310547,733.2257080078125,374.21484375,105.37397003173828
2022-12-08,86.9464340209961,166.47000122070312,731.6278686523438,377.146484375,106.13489532470703
2022-12-09,86.43022155761719,167.05999755859375,732.2271118164062,374.3291320800781,105.59003448486328
2022-12-12,86.44770812988281,165.67999267578125,729.0313110351562,379.7258605957031,106.66096496582031
2022-12-13,87.02515411376953,168.50999450683594,735.0233764648438,382.6003723144531,107.748291015625
2022-12-14,87.21761322021484,168.10000610351562,734.1243896484375,380.1542053222656,107.24674224853516
2022-12-15,87.34561920166016,165.35000610351562,723.2880249023438,370.85504150390625,104.50241088867188
2022-12-16,87.1176528930664,166.7899932861328,714.2994384765625,366.4765930175781,103.40467071533203
2022-12-19,86.58275604248047,166.32000732421875,716.7962036132812,363.36895751953125,102.66653442382812
2022-12-20,85.99524688720703,169.0800018310547,717.9946899414062,363.8662109375,102.92204284667969
2022-12-21,86.23200225830078,168.8000030517578,729.480224609375,369.30694580078125,104.3415298461914
2022-12-22,86.20568084716797,166.75999450683594,727.2828369140625,364.0383605957031,103.0450668334961
2022-12-23,85.90757751464844,167.25999450683594,727.2828369140625,366.13238525390625,103.56553649902344
2022-12-28,85.13590240478516,167.91000366210938,729.679931640625,360.15618896484375,102.07981872558594
2022-12-29,85.4515609741211,168.85000610351562,731.377685546875,366.63916015625,103.84944152832031
2022-12-30,85.04820251464844,169.63999938964844,725.6849975585938,365.67340087890625,103.38574981689453
2023-01-03,85.54803466796875,171.05999755859375,735.5723876953125,364.1339416503906,103.2437744140625
2023-01-04,86.02156829833984,172.6699981689453,738.7684936523438,366.94512939453125,104.25634765625
2023-01-05,85.95140075683594,170.52000427246094,742.963134765625,362.757080078125,103.03559112548828
2023-01-06,86.88966369628906,173.7100067138672,749.8544311523438,371.07586669921875,105.4676513671875
2023-01-09,87.10887908935547,174.10000610351562,751.8519287109375,370.8654479980469,105.5906753540039
2023-01-10,86.77566528320312,174.74000549316406,749.455078125,373.4662780761719,106.16793823242188
2023-01-11,87.31055450439453,174.6199951171875,752.651123046875,378.1898193359375,107.32244873046875
2023-01-12,87.94189453125,176.63999938964844,759.6421508789062,379.5667419433594,108.15521240234375
2023-01-13,87.61746978759766,178.75999450683594,764.336181640625,381.0392761230469,108.63783264160156
2023-01-17,87.45964050292969,177.58999633789062,764.9354858398438,380.3412170410156,108.62837982177734
2023-01-18,88.3277587890625,177.0800018310547,763.3375244140625,374.3364562988281,107.37921905517578
2023-01-19,88.12606811523438,179.88999938964844,755.4475708007812,371.6113586425781,106.69786834716797
2023-01-20,87.76655578613281,179.2899932861328,757.0454711914062,378.5340270996094,108.41070556640625
2023-01-23,87.54733276367188,179.6300048828125,758.5436401367188,383.0758972167969,109.489501953125
2023-01-24,87.93313598632812,180.27999877929688,755.9468994140625,382.664794921875,109.38541412353516
2023-01-25,88.03839111328125,181.11000061035156,754.3488159179688,382.8081970214844,109.60308074951172
2023-01-26,87.88931274414062,179.47000122070312,756.4462280273438,387.0154724121094,110.51155090332031
2023-01-27,87.75776672363281,179.22000122070312,756.6458740234375,387.9046630859375,110.67242431640625
2023-01-30,87.5210189819336,178.75999450683594,758.14404296875,383.0377197265625,109.42327880859375
2023-01-31,87.88054656982422,179.41000366210938,757.1453247070312,388.6696472167969,110.72921752929688
2023-02-01,88.500244140625,181.6699981689453,756.1466064453125,392.8003234863281,111.89317321777344
2023-02-02,88.5969467163086,177.89999389648438,761.5399169921875,398.518310546875,113.01929473876953
2023-02-03,87.74427032470703,173.4600067138672,769.9291381835938,394.2823791503906,111.82693481445312
2023-02-06,87.26082611083984,173.82000732421875,763.037841796875,391.87286376953125,111.00365447998047
2023-02-07,87.11138916015625,173.97999572753906,765.4348754882812,396.998046875,112.28118896484375
2023-02-08,87.23445129394531,174.41000366210938,767.432373046875,392.6569519042969,111.2212905883789
2023-02-09,86.89163970947266,173.02999877929688,770.2289428710938,389.2529602050781,110.54940032958984
2023-02-10,86.51364135742188,173.36000061035156,767.1326904296875,390.1612854003906,110.55886840820312
2023-02-13,86.77734375,172.47999572753906,773.62451171875,394.7414245605469,111.7890853881836
2023-02-14,86.4697036743164,172.61000061035156,774.3237915039062,394.5597229003906,111.9310302734375
2023-02-15,86.30271911621094,170.88999938964844,778.21875,395.841064453125,112.0918960571289
2023-02-16,85.94229125976562,170.75,781.0153198242188,390.39080810546875,110.87114715576172
2023-02-17,86.14445495605469,171.25999450683594,779.8167114257812,389.41546630859375,110.60617065429688
2023-02-21,85.33576202392578,170.6199951171875,777.1201782226562,381.6034240722656,108.71353149414062
2023-02-22,85.56430053710938,169.66000366210938,773.0252075195312,381.0775146484375,108.46749877929688
2023-02-23,85.8719711303711,169.57000732421875,773.2251586914062,383.1046447753906,108.98796844482422
2023-02-24,85.37973022460938,168.35000610351562,769.4298095703125,379.0121765136719,107.54956817626953
2023-02-27,85.54672241210938,169.00999450683594,775.2225341796875,380.3030700683594,108.221435546875
2023-02-28,85.53791809082031,169.77999877929688,769.0303955078125,378.8974304199219,107.86185455322266
2023-03-01,85.0479965209961,170.75999450683594,773.5245361328125,377.4440612792969,107.71990203857422
2023-03-02,84.87177276611328,170.66000366210938,777.919189453125,380.3795166015625,108.33500671386719
2023-03-03,85.5414810180664,172.49000549316406,778.0191040039062,386.4800109863281,110.0289306640625
2023-03-06,85.32999420166016,171.6199951171875,776.2212524414062,386.74774169921875,109.98160552978516
2023-03-07,85.21540832519531,168.6199951171875,775.3223266601562,380.81939697265625,108.24037170410156
2023-03-08,85.1273422241211,168.5399932861328,776.7206420898438,381.44085693359375,108.49588775634766
2023-03-09,85.43571472167969,170.1999969482422,772.52587890625,374.4033508300781,106.79249572753906
2023-03-10,86.4314193725586,173.8699951171875,759.2427978515625,369.00091552734375,105.27838897705078
2023-03-13,87.11873626708984,177.86000061035156,740.066650390625,368.4749755859375,104.97555541992188
2023-03-14,86.60765838623047,176.8300018310547,749.2552490234375,374.56585693359375,106.57485961914062
2023-03-15,87.4711685180664,178.2100067138672,720.6912231445312,372.2232666015625,105.07965087890625
2023-03-16,87.12751007080078,178.57000732421875,724.0302124023438,378.7539978027344,106.83036041259766
2023-03-17,87.67382049560547,183.77000427246094,717.0385131835938,374.3253173828125,105.57173919677734
2023-03-20,87.32136535644531,183.83999633789062,723.9302368164062,377.9246826171875,106.72625732421875
2023-03-21,87.05703735351562,180.3699951171875,736.3153076171875,382.88702392578125,108.24983215332031
2023-03-22,87.89412689208984,183.44000244140625,739.41162109375,376.36016845703125,106.84928131103516
2023-03-23,88.10557556152344,185.74000549316406,733.6185302734375,377.3776550292969,107.01961517333984
2023-03-24,88.25538635253906,183.64999389648438,725.1287231445312,379.8539733886719,107.3319091796875
2023-03-27,87.30374908447266,181.9499969482422,730.9216918945312,380.564208984375,107.8429183959961
2023-03-28,87.17156219482422,183.44000244140625,731.9205322265625,379.7100524902344,107.75775146484375
2023-03-29,87.27729797363281,182.52999877929688,739.7112426757812,385.22906494140625,109.215087890625
2023-03-30,87.37422943115234,184.17999267578125,746.6029663085938,387.4847106933594,110.00999450683594
2023-03-31,87.7972183227539,183.22000122070312,747.8015747070312,392.94610595703125,111.35377502441406
2023-04-03,88.17878723144531,184.5399932861328,750.6981201171875,394.4434814453125,111.87425231933594
2023-04-04,88.50566101074219,187.97999572753906,746.9026489257812,392.2550964355469,111.44841003417969
2023-04-05,88.8060073852539,187.8300018310547,749.4995727539062,391.2279968261719,110.96577453613281
2023-04-06,88.72652435302734,186.49000549316406,757.3899536132812,392.754150390625,111.36325073242188
2023-04-11,88.16995239257812,186.27999877929688,761.08544921875,393.2628479003906,111.60928344726562
2023-04-12,88.27599334716797,187.19000244140625,765.1806030273438,391.659912109375,111.5146484375
2023-04-13,88.24065399169922,189.72000122070312,768.177001953125,396.86224365234375,113.00983428955078
2023-04-14,87.80776977539062,186.36000061035156,770.7738037109375,395.89276123046875,112.74488067626953
2023-04-17,87.36611938476562,185.52999877929688,771.6726684570312,397.3133544921875,112.90574645996094
2023-04-18,87.48977661132812,186.25,774.2698364257812,397.5725402832031,113.1990966796875
2023-04-19,87.35726165771484,185.36000061035156,773.1710205078125,397.50537109375,113.02877044677734
2023-04-20,87.75479888916016,186.08999633789062,774.5693359375,395.3360900878906,112.58399963378906
2023-04-21,87.60462188720703,184.25,775.3682861328125,395.6432189941406,112.8205795288086
2023-04-24,87.94912719726562,184.80999755859375,775.3682861328125,396.055908203125,112.95306396484375
2023-04-25,88.49681854248047,185.75,773.071044921875,389.7690734863281,111.18343353271484
2023-04-26,88.16995239257812,184.74000549316406,769.6751708984375,388.1181640625,110.82384490966797
2023-04-27,87.8519515991211,184.75,767.977294921875,395.8448181152344,112.78271484375
2023-04-28,88.302490234375,184.8000030517578,772.2720947265625,399.2233581542969,113.3599853515625
2023-05-02,88.24845123291016,187.52000427246094,762.1842041015625,394.3378601074219,112.01619720458984
2023-05-03,88.63810729980469,189.11000061035156,763.8821411132812,391.631103515625,111.53357696533203
2023-05-04,88.53184509277344,190.44000244140625,755.8917236328125,388.85723876953125,110.99417114257812
2023-05-05,88.24845123291016,187.4600067138672,763.482666015625,396.055908203125,112.943603515625
2023-05-09,87.68170928955078,189.02000427246094,761.6846923828125,394.4242248535156,112.5272216796875
2023-05-10,88.24845123291016,188.75,759.7870483398438,396.26715087890625,112.80164337158203
2023-05-11,88.51415252685547,187.1300048828125,759.98681640625,395.5760498046875,112.53668212890625
2023-05-12,88.01821899414062,186.80999755859375,762.1842041015625,395.0577087402344,112.37580871582031
2023-05-15,87.79683685302734,187.2100067138672,764.28173828125,396.42071533203125,113.04769134521484
2023-05-16,87.59310150146484,184.8699951171875,761.4852294921875,393.77154541015625,112.0729751586914
2023-05-17,87.46028137207031,184.22999572753906,759.4874877929688,398.5515441894531,113.14231872558594
2023-05-18,87.05294036865234,181.83999633789062,762.1842041015625,402.3908996582031,113.87100219726562
2023-05-19,86.85808563232422,183.63999938964844,763.7823486328125,401.80535888671875,113.92776489257812
2023-05-22,86.77839660644531,183.2100067138672,765.3804321289062,401.96856689453125,114.00347137451172
2023-05-23,86.87580871582031,183.42999267578125,763.8821411132812,397.45733642578125,112.64078521728516
2023-05-24,86.65440368652344,181.9499969482422,750.7978515625,394.5778503417969,111.58089447021484
2023-05-25,86.3355941772461,180.1999969482422,745.404296875,397.9948425292969,112.05406188964844
2023-05-26,86.40644836425781,180.9199981689453,751.2971801757812,403.1492004394531,113.47354125976562
2023-05-30,86.9820785522461,182.0399932861328,740.8099365234375,403.3027038574219,113.1044692993164
2023-05-31,87.29203796386719,182.32000732421875,733.3187866210938,401.0663146972656,112.23384857177734
2023-06-01,87.5566177368164,183.75999450683594,738.8123779296875,404.8768615722656,113.58709716796875
2023-06-02,87.09490966796875,181.0500030517578,749.6991577148438,410.73187255859375,115.29048156738281
2023-06-05,87.08604431152344,182.13999938964844,749.3995971679688,409.9447937011719,114.94033813476562
2023-06-06,87.19255828857422,182.33999633789062,752.6956176757812,410.8373718261719,115.43242645263672
2023-06-07,86.7308578491211,180.14999389648438,752.2960815429688,409.4169006347656,114.81136322021484
2023-06-08,87.19255828857422,182.52999877929688,749.8988647460938,411.8932800292969,115.56620025634766
2023-06-09,86.98834991455078,182.0399932861328,746.1033935546875,412.63226318359375,115.69996643066406
2023-06-12,87.13932037353516,181.8800048828125,746.7029418945312,416.3756103515625,116.5981216430664
2023-06-13,86.7308578491211,180.5399932861328,749.1997680664062,419.12078857421875,117.4771728515625
2023-06-14,86.81078338623047,180.63999938964844,750.1985473632812,419.619873046875,117.69692993164062
2023-06-15,87.41455841064453,181.91000366210938,742.3109741210938,424.822265625,119.14926147460938
2023-06-16,87.13932037353516,181.6300048828125,743.2100219726562,423.3752136230469,118.75752258300781
2023-06-20,87.29913330078125,179.75,736.417236328125,421.1785888671875,117.75426483154297
2023-06-21,87.44122314453125,179.49000549316406,735.9178466796875,419.0205993652344,117.43895721435547
2023-06-22,86.98834991455078,177.7100067138672,730.6235961914062,420.5331115722656,117.41983795166016
2023-06-23,87.24585723876953,178.1999969482422,726.827392578125,417.3539123535156,116.36881256103516
2023-06-26,87.35243225097656,178.50999450683594,726.0281982421875,415.648681640625,116.12992858886719
2023-06-27,87.18370056152344,177.69000244140625,726.7276000976562,420.2055969238281,117.33385467529297
2023-06-28,87.44122314453125,177.27999877929688,730.6235961914062,420.4175109863281,117.35295867919922
2023-06-29,86.76637268066406,177.08999633789062,727.9263305664062,422.0745544433594,117.69692993164062
2023-06-30,86.9706039428711,178.27000427246094,733.42041015625,427.0553283691406,118.97728729248047
2023-07-03,86.86824035644531,178.47000122070312,733.1209106445312,427.546630859375,119.24482727050781
2023-07-05,86.47652435302734,177.83999633789062,725.3291015625,426.91082763671875,118.63330841064453
2023-07-06,85.91567993164062,177.30999755859375,709.146240234375,423.5678405761719,117.30517578125
2023-07-07,85.93350982666016,178.63999938964844,706.6490478515625,422.4984436035156,117.40074157714844
2023-07-10,86.1738510131836,178.77999877929688,708.646728515625,423.5678405761719,117.7638168334961
2023-07-11,86.36080932617188,179.4499969482422,709.6456909179688,426.2653503417969,118.65242004394531
2023-07-12,87.06409454345703,181.8800048828125,723.031494140625,429.6949768066406,119.94232940673828
2023-07-13,87.60711669921875,182.00999450683594,725.52880859375,433.1054992675781,121.32778930664062
2023-07-14,87.18873596191406,181.42999267578125,724.729736328125,432.8357238769531,121.00292205810547
2023-07-17,87.2866439819336,181.55999755859375,722.3322143554688,434.3386535644531,121.27046203613281
2023-07-18,87.35784912109375,183.63999938964844,726.627685546875,437.5660400390625,122.23551177978516
2023-07-19,87.62492370605469,183.6699981689453,739.6138916015625,438.5390319824219,122.39794158935547
2023-07-20,87.1709213256836,182.74000549316406,745.3077392578125,435.6295471191406,121.6622085571289
2023-07-21,87.23323059082031,182.17999267578125,746.7063598632812,435.6295471191406,121.72908782958984
2023-07-24,87.0729751586914,181.39999389648438,748.7042846679688,437.57568359375,121.91062927246094
2023-07-25,86.97502899169922,182.41000366210938,749.50341796875,438.7702941894531,122.22593688964844
2023-07-26,87.25991821289062,183.3000030517578,748.2047729492188,438.83770751953125,122.31192779541016
2023-07-27,86.51215362548828,180.4199981689453,750.102783203125,435.9282531738281,121.5571060180664
2023-07-28,86.85041809082031,181.86000061035156,749.90283203125,440.1960754394531,122.7228012084961
2023-07-31,86.95723724365234,182.35000610351562,750.6022338867188,441.03424072265625,122.8183364868164
2023-08-01,86.38148498535156,180.4600067138672,747.705322265625,439.7721862792969,122.21639251708984
2023-08-02,86.1761703491211,179.60000610351562,737.4161987304688,433.6545715332031,120.29586791992188
2023-08-03,85.59596252441406,179.5399932861328,734.8189086914062,432.4118347167969,119.93276977539062
2023-08-04,86.30116271972656,180.19000244140625,738.8147583007812,430.45611572265625,119.64613342285156
2023-08-07,86.31901550292969,179.77999877929688,737.7158813476562,434.21343994140625,120.66850280761719
2023-08-08,86.52429962158203,178.63999938964844,735.0188598632812,432.32513427734375,120.05699920654297
2023-08-09,86.5867919921875,177.7899932861328,741.1122436523438,429.4349060058594,119.44548797607422
2023-08-10,86.02442932128906,177.60000610351562,747.1058959960938,429.58905029296875,119.59835052490234
2023-08-11,85.75662994384766,177.60000610351562,737.9156494140625,429.3385314941406,119.31170654296875
2023-08-14,85.69416809082031,177.05999755859375,736.11767578125,431.7085876464844,119.59835052490234
2023-08-15,85.46206665039062,176.58999633789062,724.6297607421875,426.6796875,118.17466735839844
2023-08-16,85.25675964355469,175.57000732421875,721.6329956054688,423.548583984375,117.23829650878906
2023-08-17,85.1675033569336,175.3000030517578,717.5372924804688,420.3211364746094,116.42613983154297
2023-08-18,85.35494995117188,175.3300018310547,713.2418823242188,420.5234680175781,116.39746856689453
2023-08-21,84.92648315429688,175.80999755859375,713.0421142578125,423.2595520019531,117.11408233642578
2023-08-22,85.0157241821289,176.10000610351562,713.8411865234375,422.1131286621094,116.77010345458984
2023-08-23,85.82804870605469,177.88999938964844,719.1355590820312,426.814453125,118.01224517822266
2023-08-24,85.63166809082031,177.85000610351562,721.0336303710938,420.89923095703125,116.44525146484375
2023-08-25,85.578125,177.6199951171875,721.532958984375,423.86651611328125,117.23829650878906
2023-08-29,86.31901550292969,179.8699951171875,734.1196899414062,432.72015380859375,119.81812286376953
2023-08-30,86.28329467773438,180.32000732421875,735.0188598632812,434.5024108886719,120.28630828857422
2023-08-31,86.40826416015625,180.02000427246094,732.2217407226562,433.8665771484375,120.10476684570312
2023-09-01,85.96073150634766,180.11000061035156,735.1185913085938,434.67584228515625,120.30542755126953
2023-09-05,85.49531555175781,178.63999938964844,732.3215942382812,432.7972412109375,119.63656616210938
2023-09-06,85.41477966308594,177.8300018310547,730.5235595703125,429.8876647949219,118.910400390625
2023-09-07,85.68328094482422,178.02000427246094,732.2217407226562,428.56787109375,118.5664291381836
2023-09-08,85.72802734375,178.0800018310547,735.718017578125,429.21337890625,118.5950927734375
2023-09-11,85.62958526611328,178.41000366210938,737.9156494140625,432.0361022949219,119.52191162109375
2023-09-12,85.65642547607422,177.49000549316406,741.0122680664062,429.6661376953125,118.93905639648438
2023-09-13,85.78173065185547,177.0800018310547,740.6128540039062,430.1670837402344,118.97728729248047
2023-09-14,85.66536712646484,177.1699981689453,746.6907348632812,433.8761901855469,120.1238784790039
2023-09-15,85.46845245361328,178.33999633789062,750.0873413085938,428.64874267578125,119.07283782958984
2023-09-18,85.59378051757812,179.38999938964844,744.692626953125,428.9000549316406,118.97728729248047
2023-09-19,85.3431396484375,179.22000122070312,745.1920776367188,428.0106506347656,118.80529022216797
2023-09-20,85.29840087890625,179.35000610351562,752.1853637695312,424.0757751464844,117.93580627441406
2023-09-21,84.71662902832031,178.0500030517578,746.8904418945312,417.0664367675781,115.95795440673828
2023-09-22,85.07464599609375,178.6199951171875,747.0902099609375,416.128662109375,115.77640533447266
2023-09-25,84.40335845947266,177.6999969482422,742.6945190429688,417.8785705566406,115.98661041259766
2023-09-26,84.29593658447266,176.27999877929688,742.1948852539062,411.7394104003906,114.34317016601562
2023-09-27,84.00057220458984,174.10000610351562,739.4974365234375,411.9037780761719,114.2571792602539
2023-09-28,84.25120544433594,173.22999572753906,741.0958862304688,414.291748046875,115.15534210205078
2023-09-29,84.170654296875,171.4499969482422,741.4956665039062,413.28631591796875,114.82091522216797
2023-10-02,83.58457946777344,169.64999389648438,731.9047241210938,413.1219787597656,114.19029998779297
2023-10-03,82.92941284179688,169.16000366210938,728.1082763671875,407.5919189453125,112.69017791748047
2023-10-04,83.51278686523438,169.13999938964844,722.7135009765625,410.5599365234375,113.3494644165039
2023-10-05,83.56660461425781,168.8300018310547,726.8095092773438,410.4053039550781,113.58833312988281
2023-10-06,83.24352264404297,169.6999969482422,730.5060424804688,415.2779235839844,114.89735412597656
2023-10-09,84.1051254272461,172.82000732421875,730.406005859375,417.9366455078125,115.41332244873047
2023-10-10,84.02436828613281,172.52999877929688,743.2938842773438,420.1119079589844,116.3592529296875
2023-10-11,84.41029357910156,173.7899932861328,742.79443359375,421.8327941894531,116.87521362304688
2023-10-12,83.68331146240234,173.25999450683594,745.7916259765625,419.2611389160156,115.97705841064453
2023-10-13,84.04229736328125,178.8300018310547,741.595458984375,417.1728515625,115.30821990966797
2023-10-16,83.5755844116211,177.9600067138672,744.2929077148438,421.5621032714844,116.42613983154297
2023-10-17,82.9742660522461,178.2899932861328,748.7887573242188,421.5427551269531,116.41658020019531
2023-10-18,82.58834075927734,180.8699951171875,740.0968627929688,415.9256286621094,114.71581268310547
2023-10-19,82.27421569824219,183.08999633789062,732.504150390625,412.2711181640625,113.68388366699219
2023-10-20,82.57039642333984,183.58999633789062,722.7135009765625,407.2051696777344,112.4130859375
2023-10-23,82.89348602294922,182.97000122070312,719.916015625,406.4993591308594,112.26976776123047
2023-10-24,83.18968200683594,182.9499969482422,721.3147583007812,409.56414794921875,113.03416442871094
2023-10-25,82.57039642333984,183.72000122070312,723.4127197265625,403.6860046386719,111.57225799560547
2023-10-26,83.12683868408203,184.00999450683594,718.1177978515625,398.8520202636719,110.43523406982422
2023-10-27,83.09992980957031,186.14999389648438,711.9237060546875,397.04412841796875,109.8906021118164
2023-10-30,82.9024887084961,185.10000610351562,715.2205200195312,401.79107666015625,111.24739837646484
2023-10-31,82.84862518310547,184.08999633789062,714.9207763671875,404.314453125,111.8971176147461
2023-11-01,83.76411437988281,183.50999450683594,717.1187133789062,408.6263732910156,113.05326843261719
2023-11-02,84.26823425292969,184.1199951171875,727.5088500976562,416.4573669433594,115.346435546875
2023-11-03,84.78135681152344,184.7899932861328,723.113037109375,420.2569580078125,116.50257873535156
2023-11-06,84.35826110839844,183.35000610351562,724.1121826171875,421.2236633300781,116.46436309814453
2023-11-07,84.8083724975586,182.58999633789062,723.5125732421875,422.4225158691406,116.55989074707031
2023-11-08,85.096435546875,180.77000427246094,722.4136352539062,422.7319641113281,116.58856964111328
2023-11-09,84.38526153564453,181.49000549316406,728.8076171875,419.4351501464844,115.9101791381836
2023-11-10,84.58332824707031,179.50999450683594,719.2166748046875,425.9803771972656,117.37206268310547
2023-11-13,84.57433319091797,180.50999450683594,725.4109497070312,425.57427978515625,117.41028594970703
2023-11-14,85.63658142089844,182.1199951171875,727.0093994140625,433.830810546875,119.87545013427734
2023-11-15,85.10543060302734,181.63999938964844,731.2052612304688,434.7492370605469,120.0665512084961
2023-11-16,85.57353973388672,183.69000244140625,725.0112915039062,435.28094482421875,120.0665512084961
2023-11-17,85.74459075927734,183.6699981689453,734.2025146484375,435.82232666015625,120.67806243896484
2023-11-20,85.87963104248047,183.3699951171875,733.3033447265625,439.1771545410156,121.41377258300781
2023-11-21,85.96961975097656,185.35000610351562,731.8048706054688,438.219970703125,121.15579223632812
2023-11-22,86.05064392089844,184.55999755859375,730.5060424804688,439.911865234375,121.566650390625
2023-11-24,85.6545639038086,185.52000427246094,733.403076171875,440.1825866699219,121.84374237060547
2023-11-27,86.14067840576172,186.77000427246094,730.5060424804688,439.3898620605469,121.64310455322266
2023-11-28,86.51874542236328,189.25999450683594,730.1063842773438,439.8248596191406,121.73865509033203
2023-11-29,86.94185638427734,189.5399932861328,726.5098266601562,439.5155334472656,121.75775909423828
2023-11-30,86.6537857055664,188.75,729.2072143554688,441.2461242675781,122.09217834472656
2023-12-01,87.41574096679688,192.00999450683594,736.9000244140625,443.8564147949219,123.02854919433594
2023-12-04,87.08172607421875,187.86000061035156,735.0017700195312,441.5263977050781,122.3405990600586
2023-12-05,87.65947723388672,187.14999389648438,733.1035766601562,441.439453125,122.14950561523438
2023-12-06,87.88516998291016,187.83999633789062,735.4014282226562,439.6605529785156,121.86285400390625
2023-12-07,87.91226196289062,188.14999389648438,735.6010131835938,443.01531982421875,122.74191284179688
2023-12-08,87.46989440917969,185.63999938964844,739.8971557617188,444.919921875,123.18142700195312
2023-12-11,87.47894287109375,183.58999633789062,739.5973510742188,446.6505126953125,123.64962768554688
2023-12-12,87.74073028564453,183.49000549316406,739.697265625,448.6904296875,123.9744873046875
2023-12-13,88.84210968017578,187.6300048828125,739.9970092773438,454.87786865234375,125.80900573730469
2023-12-14,89.55917358398438,188.72999572753906,743.9535522460938,456.3377990722656,126.46829986572266
2023-12-15,89.35093688964844,187.0,737.3593139648438,455.5863952636719,126.07655334472656
2023-12-18,89.16986846923828,187.85000610351562,740.8563842773438,458.14910888671875,126.65941619873047
2023-12-19,89.27848815917969,189.1300048828125,742.65478515625,460.93511962890625,127.53844451904297
2023-12-20,89.60446166992188,188.10000610351562,751.0474853515625,454.5477600097656,125.84201049804688
2023-12-21,89.59539031982422,189.42999267578125,748.6495971679688,458.85772705078125,127.31590270996094
2023-12-22,89.47769927978516,190.27000427246094,749.3489379882812,459.7799377441406,127.57601165771484
2023-12-27,90.22915649414062,192.58999633789062,751.547119140625,462.55615234375,128.47193908691406
2023-12-28,90.02995300292969,191.47000122070312,751.2473754882812,462.73089599609375,128.39486694335938
2023-12-29,89.85794067382812,191.1699981689453,752.4462280273438,461.39129638671875,128.14439392089844
2024-01-02,89.43242645263672,190.72000122070312,750.7478637695312,458.8092041015625,127.07508087158203
2024-01-03,89.47769927978516,189.1300048828125,746.9510498046875,455.062255859375,126.05394744873047
2024-01-04,89.11553192138672,189.32000732421875,750.5479736328125,453.59649658203125,125.90943145751953
2024-01-05,88.90729522705078,189.35000610351562,747.2507934570312,454.21771240234375,126.06356811523438
2024-01-08,89.2422866821289,187.8699951171875,747.8502197265625,460.7021484375,127.73017120361328
2024-01-09,89.22418975830078,187.92999267578125,747.0509033203125,460.0032043457031,127.2195816040039
2024-01-10,89.05215454101562,187.5,743.7539672851562,462.6047058105469,127.96136474609375
2024-01-11,89.55917358398438,187.8699951171875,737.459228515625,462.40087890625,127.95173645019531
2024-01-12,89.7221450805664,189.7100067138672,741.9553833007812,462.7211608886719,128.0576934814453
2024-01-16,89.05215454101562,187.91000366210938,735.2611694335938,461.0224609375,127.17140197753906
2024-01-17,88.80770111083984,185.83999633789062,724.7703247070312,458.4598083496094,126.34293365478516
2024-01-18,88.72622680664062,187.3699951171875,726.3690185546875,462.5367431640625,127.40260314941406
2024-01-19,88.74432373046875,187.92999267578125,726.4688110351562,468.3028259277344,128.73204040527344
2024-01-22,88.90729522705078,187.22000122070312,729.2664184570312,469.2929382324219,129.03070068359375
2024-01-23,88.69001007080078,187.9499969482422,729.0665283203125,470.6616516113281,129.19447326660156
2024-01-24,88.4908218383789,186.39999389648438,732.9632568359375,471.17608642578125,129.4930877685547
2024-01-25,88.88919067382812,187.13999938964844,733.1630249023438,473.7388610839844,130.00364685058594
2024-01-26,88.78960418701172,187.00999450683594,743.7539672851562,473.1369934082031,130.1192626953125
2024-01-29,89.1427230834961,188.3300018310547,743.5540161132812,476.88397216796875,131.12115478515625
2024-01-30,89.31471252441406,188.58999633789062,746.3515625,476.51513671875,131.0055389404297
2024-01-31,89.7221450805664,188.4499969482422,742.5548095703125,468.7396545410156,129.2811279296875
2024-02-01,90.2333755493164,190.41000366210938,741.9553833007812,474.8746032714844,130.77432250976562
2024-02-02,89.40705871582031,188.61000061035156,741.156005859375,479.8738098144531,131.4486846923828
2024-02-05,88.67152404785156,187.57000732421875,740.8563842773438,478.1264343261719,130.8610382080078
2024-02-06,89.13461303710938,188.5500030517578,747.2507934570312,479.5146179199219,131.37159729003906
2024-02-07,88.95301055908203,188.5,742.3550415039062,483.51397705078125,132.12301635742188
2024-02-08,88.68061828613281,188.3300018310547,738.7582397460938,483.7275085449219,132.2000732421875
2024-02-09,88.65336608886719,187.60000610351562,736.2603149414062,486.5232238769531,132.84552001953125
2024-02-12,88.67152404785156,187.11000061035156,736.8599243164062,486.3096618652344,132.94186401367188
2024-02-13,87.85428619384766,184.52999877929688,730.5653076171875,479.61163330078125,130.94772338867188
2024-02-14,88.24474334716797,184.4199981689453,736.56005859375,483.97015380859375,132.34458923339844
2024-02-15,88.45358276367188,185.66000366210938,740.556640625,487.3094482421875,133.47171020507812
2024-02-16,88.17208862304688,186.33999633789062,751.547119140625,484.8827209472656,132.9803924560547
2024-02-20,88.25381469726562,187.47000122070312,752.1465454101562,482.21319580078125,132.56614685058594
2024-02-21,87.99049377441406,187.47999572753906,746.4514770507812,482.6499938964844,132.65286254882812
2024-02-22,88.06314849853516,187.55999755859375,749.9483642578125,492.6387023925781,135.0419464111328
2024-02-23,88.39000701904297,188.6199951171875,752.0465698242188,492.97845458984375,135.18646240234375
2024-02-26,88.1993179321289,188.1999969482422,750.2481689453125,491.1728820800781,134.66622924804688
2024-02-27,88.08129119873047,188.0,749.6488037109375,492.0853576660156,135.01304626464844
2024-02-28,88.25381469726562,188.33999633789062,743.9535522460938,491.43499755859375,134.58920288085938
2024-02-29,88.39910125732422,189.30999755859375,745.1526489257812,493.2016906738281,135.13827514648438
2024-03-01,88.82349395751953,192.88999938964844,750.6478881835938,497.8320007324219,136.35211181640625
2024-03-04,88.60492706298828,196.00999450683594,746.151611328125,497.298095703125,136.18833923339844
2024-03-05,89.08763885498047,197.19000244140625,746.7513427734375,492.32806396484375,135.12867736816406
2024-03-06,89.22423553466797,198.80999755859375,749.7487182617188,494.8227844238281,136.14016723632812
2024-03-07,89.41548156738281,199.94000244140625,754.2447509765625,499.734619140625,137.6044464111328
2024-03-08,89.49745178222656,201.6300048828125,751.1473999023438,496.7350769042969,136.87232971191406
2024-03-11,89.39725494384766,202.0,751.8468017578125,496.3080139160156,136.4773406982422
2024-03-12,89.1695785522461,199.7899932861328,759.7398681640625,501.6470031738281,137.91273498535156
2024-03-13,89.0056381225586,201.19000244140625,762.0379028320312,500.8606262207031,137.78750610351562
2024-03-14,88.44100952148438,200.35000610351562,754.69140625,499.8705749511719,137.1805877685547
2024-03-15,88.43189239501953,199.7100067138672,753.0925903320312,496.4381103515625,136.5447998046875
2024-03-18,88.3408203125,200.02999877929688,752.5930786132812,499.3885498046875,136.95901489257812
2024-03-19,88.55939483642578,199.8000030517578,754.1917724609375,502.1636962890625,137.63336181640625
2024-03-20,88.74153137207031,202.17999267578125,753.9918823242188,506.80841064453125,138.92425537109375
2024-03-21,88.80528259277344,201.97000122070312,768.280517578125,508.48321533203125,139.3673858642578
2024-03-22,89.08763885498047,200.35000610351562,773.476318359375,507.51922607421875,139.10728454589844
2024-03-25,88.92369079589844,200.99000549316406,772.1773681640625,506.11700439453125,138.72195434570312
2024-03-26,89.01476287841797,201.63999938964844,773.0765380859375,505.1822204589844,138.5388946533203
2024-03-27,89.30618286132812,203.10000610351562,773.5762329101562,509.427734375,139.5985870361328
2024-03-28,89.19691467285156,205.72000122070312,776.5737915039062,509.3303527832031,139.5985870361328
2024-04-02,88.48442077636719,210.88999938964844,774.1755981445312,505.2115173339844,138.24026489257812
2024-04-03,88.53922271728516,212.74000549316406,773.8758544921875,505.7664489746094,138.65451049804688
2024-04-04,88.74931335449219,211.52000427246094,778.6719970703125,499.5930480957031,137.08425903320312
2024-04-05,88.31085968017578,215.13999938964844,771.6776733398438,504.81219482421875,138.29806518554688
2024-04-08,88.22864532470703,216.47999572753906,774.974853515625,505.0946350097656,138.45220947265625
2024-04-09,88.53009033203125,217.6699981689453,774.2755737304688,505.67889404296875,138.5581817626953
2024-04-10,87.47050476074219,215.61000061035156,776.3738403320312,500.61541748046875,137.02645874023438
2024-04-11,87.48877716064453,219.8000030517578,774.07568359375,504.3935546875,137.97052001953125
2024-04-12,87.65321350097656,216.88999938964844,781.27001953125,497.43133544921875,135.822265625
2024-04-15,87.12339782714844,220.9499969482422,778.1725463867188,491.1994934082031,134.43505859375
2024-04-16,86.87677001953125,221.22000122070312,764.1836547851562,490.3036193847656,133.8859405517578
2024-04-17,87.27870178222656,219.58999633789062,767.3811645507812,487.40185546875,133.44281005859375
2024-04-18,87.03205871582031,220.33999633789062,770.3787841796875,486.3989562988281,133.04782104492188
2024-04-19,87.12339782714844,221.02999877929688,772.1773681640625,482.15350341796875,132.2771453857422
2024-04-22,87.17821502685547,215.57000732421875,784.6671142578125,486.5937194824219,133.43316650390625
2024-04-23,87.36089324951172,215.0399932861328,786.5656127929688,492.3678894042969,134.92636108398438
2024-04-24,87.13253784179688,214.63999938964844,785.8661499023438,492.13421630859375,134.82040405273438
2024-04-25,86.88590240478516,215.9199981689453,790.5623779296875,490.2646484375,134.3386993408203
2024-04-26,87.07774353027344,216.6199951171875,796.0580444335938,494.9093933105469,135.6392364501953
2024-04-29,87.34263610839844,216.17999267578125,797.1571655273438,496.662109375,136.05348205566406
2024-04-30,86.98639678955078,211.8699951171875,796.157958984375,488.79437255859375,134.0689697265625
2024-05-01,87.29332733154297,213.7899932861328,793.8598022460938,487.2071838378906,133.51988220214844
2024-05-02,87.68734741210938,213.1300048828125,800.0547485351562,491.7641906738281,134.9456329345703
2024-05-03,88.13631439208984,212.9600067138672,804.25146484375,497.85980224609375,136.5833282470703
2024-05-07,88.38372039794922,214.2100067138672,813.943603515625,503.55615234375,138.06686401367188
2024-05-08,88.20046997070312,213.5800018310547,818.1401977539062,503.6047668457031,138.05723571777344
2024-05-09,88.36539459228516,216.9499969482422,821.1378173828125,506.5065612792969,138.85682678222656
2024-05-10,88.18212890625,218.7100067138672,826.33349609375,507.15899658203125,139.0880126953125
2024-05-13,88.22795104980469,216.25999450683594,824.035400390625,507.2270812988281,139.00131225585938
2024-05-14,88.4661636352539,218.08999633789062,825.5342407226562,509.5542907714844,139.82015991210938
2024-05-15,89.05257415771484,220.88999938964844,827.6325073242188,515.8641967773438,141.41932678222656
2024-05-16,88.95178985595703,220.02999877929688,829.13134765625,514.8026733398438,141.07252502441406
2024-05-17,88.6677474975586,223.66000366210938,826.7332763671875,515.5427856445312,141.35189819335938
2024-05-20,88.58531188964844,224.55999755859375,827.23291015625,516.13671875,141.40005493164062
2024-05-21,88.75022888183594,224.22999572753906,826.4334716796875,517.402587890625,141.63124084472656
2024-05-22,88.64026641845703,220.11000061035156,821.9371337890625,515.912841796875,140.947265625
2024-05-23,88.39287567138672,215.72000122070312,818.7396850585938,512.1444702148438,139.97430419921875
2024-05-24,88.49365997314453,215.9199981689453,816.84130859375,515.5330200195312,140.947265625
2024-05-28,88.08134460449219,218.19000244140625,811.2456665039062,515.8933715820312,140.97616577148438
2024-05-29,87.74232482910156,216.16000366210938,803.8516845703125,512.2807006835938,139.51190185546875
2024-05-30,88.15463256835938,216.57000732421875,808.7477416992188,508.8824768066406,139.32887268066406
2024-05-31,88.43867492675781,215.3000030517578,813.1442260742188,513.517333984375,140.36927795410156
2024-06-03,88.97364044189453,217.22000122070312,811.6453247070312,513.9360961914062,140.70643615722656
2024-06-04,89.29533386230469,215.27000427246094,808.84765625,514.5106811523438,140.6775360107422
2024-06-05,89.57107543945312,217.82000732421875,810.4463500976562,520.6256713867188,142.15145874023438
2024-06-06,89.59864044189453,219.42999267578125,815.3424072265625,520.6158447265625,142.2381591796875
2024-06-07,88.80818939208984,211.60000610351562,810.946044921875,519.9830322265625,141.64089965820312
2024-06-10,88.73466491699219,213.5399932861328,809.846923828125,521.5895385742188,141.95880126953125
2024-06-11,89.0379867553711,214.14999389648438,801.5535278320312,522.845703125,141.7635955810547
2024-06-12,89.46076965332031,214.72000122070312,808.6478271484375,527.1400146484375,143.08438110351562
2024-06-13,89.91118621826172,212.97000122070312,792.6715087890625,528.2013549804688,142.7736053466797
2024-06-14,90.00305938720703,215.72999572753906,791.0726318359375,528.5226440429688,142.3560028076172
2024-06-17,89.68136596679688,214.61000061035156,790.0732421875,532.7291259765625,143.22035217285156
2024-06-18,90.00305938720703,215.47000122070312,795.3698120117188,534.0827026367188,143.6962432861328
2024-06-20,89.84681701660156,218.16000366210938,803.2644653320312,532.6317749023438,143.463134765625
2024-06-21,89.85601043701172,214.77999877929688,800.0665283203125,531.917724609375,142.9872589111328
2024-06-24,89.92950439453125,215.6300048828125,804.1638793945312,530.1885375976562,143.02613830566406
2024-06-25,89.92034149169922,214.55999755859375,801.0659790039062,532.2302856445312,143.52142333984375
2024-06-26,89.51592254638672,212.5800018310547,798.7674560546875,532.8945922851562,143.4437255859375
2024-06-27,89.66300201416016,214.99000549316406,794.8699951171875,533.7347412109375,143.4825897216797
2024-06-28,89.2217788696289,215.00999450683594,793.3711547851562,531.6343994140625,143.2397918701172
2024-07-01,88.74329376220703,215.57000732421875,793.6708374023438,532.728515625,143.55055236816406
2024-07-02,89.0383071899414,215.55999755859375,788.6742553710938,536.3135986328125,144.29837036132812
2024-07-03,89.51775360107422,217.99000549316406,793.5708618164062,538.70703125,145.2792510986328
2024-07-05,89.96955871582031,220.92999267578125,796.9686279296875,541.8134765625,146.16305541992188
2024-07-08,89.9972152709961,218.19000244140625,796.369140625,542.4385986328125,146.0076446533203
2024-07-09,89.91423797607422,218.55999755859375,790.8728637695312,542.9662475585938,146.09506225585938
2024-07-10,90.00643920898438,219.36000061035156,796.56884765625,548.3389892578125,147.63925170898438
2024-07-11,90.46742248535156,223.25,799.1672973632812,543.61083984375,146.91085815429688
2024-07-12,90.71636199951172,223.11000061035156,801.9653930664062,547.0396728515625,148.00827026367188
2024-07-15,90.40289306640625,223.8300018310547,794.8699951171875,548.5440673828125,148.01800537109375
2024-07-16,90.77169799804688,228.2899932861328,793.2711791992188,551.7969970703125,148.88235473632812
2024-07-17,90.83625030517578,227.22999572753906,795.869384765625,544.0601806640625,147.23133850097656
2024-07-18,90.58729553222656,225.77999877929688,797.4683227539062,539.879150390625,145.91053771972656
2024-07-19,90.40289306640625,221.72999572753906,792.2719116210938,536.2940673828125,144.88108825683594
2024-07-22,90.36601257324219,221.8000030517578,796.6688842773438,541.8232421875,146.42526245117188
2024-07-23,90.35677337646484,222.5800018310547,793.2711791992188,540.9732666015625,145.9591064453125
2024-07-24,90.0802001953125,221.8000030517578,792.4715576171875,528.7135620117188,142.9872589111328
2024-07-25,90.32913970947266,218.3300018310547,795.4696655273438,525.9588012695312,142.27830505371094
2024-07-26,90.65184020996094,220.6300048828125,805.7627563476562,531.8492431640625,143.861328125
2024-07-29,90.79934692382812,220.32000732421875,806.1624755859375,532.1619262695312,143.81277465820312
2024-07-30,90.8915786743164,222.52000427246094,804.3637084960938,529.4657592773438,143.40489196777344
2024-07-31,91.38021850585938,226.5500030517578,813.4577026367188,538.0719604492188,145.6483154296875
2024-08-01,91.76312255859375,225.77000427246094,805.4629516601562,530.452392578125,143.06497192382812
2024-08-02,92.7896957397461,225.33999633789062,794.8699951171875,520.576171875,140.45248413085938
2024-08-05,92.7156982421875,222.47999572753906,778.980712890625,505.4150695800781,136.6260223388672
2024-08-06,92.1607894897461,220.6999969482422,780.3797607421875,510.07476806640625,137.67491149902344
2024-08-07,91.88334655761719,220.5500030517578,794.1705932617188,506.66546630859375,137.11160278320312
2024-08-08,91.7446060180664,224.00999450683594,793.970703125,518.3782348632812,140.02517700195312
2024-08-09,92.06829833984375,224.55999755859375,796.2691650390625,520.6641235351562,140.85067749023438
2024-08-12,92.22552490234375,228.41000366210938,800.4663696289062,520.9376831054688,140.72442626953125
2024-08-13,92.59547424316406,228.05999755859375,803.0645751953125,529.5047607421875,143.1717987060547
2024-08-14,92.7619400024414,226.1999969482422,807.36181640625,531.1753540039062,143.60882568359375
2024-08-15,92.37350463867188,226.91000366210938,816.4556274414062,540.2797241210938,145.76486206054688
2024-08-16,92.59547424316406,231.99000549316406,812.7581176757812,541.490966796875,146.36700439453125
2024-08-19,92.69720458984375,231.61000061035156,817.5548095703125,546.6685180664062,147.83348083496094
2024-08-20,92.97464752197266,232.4600067138672,809.1605834960938,545.7796020507812,147.6197967529297
2024-08-21,93.15036010742188,232.14999389648438,810.3598022460938,547.6551513671875,148.46473693847656
2024-08-22,92.77119445800781,229.3699951171875,810.9594116210938,543.3568725585938,147.12451171875
2024-08-23,93.19664001464844,232.02000427246094,815.1565551757812,549.1302490234375,149.36793518066406
2024-08-27,93.14112091064453,233.38999938964844,816.5555419921875,548.5733642578125,149.1639862060547
2024-08-28,93.05790710449219,231.75,816.5555419921875,545.3887939453125,148.45504760742188
2024-08-29,92.93765258789062,232.9499969482422,820.9527587890625,545.4376220703125,148.5521697998047
2024-08-30,92.7156982421875,231.2899932861328,820.0532836914062,550.6443481445312,149.73699951171875
2024-09-03,93.1072006225586,230.2899932861328,812.4583740234375,539.3126831054688,146.65835571289062
2024-09-04,93.51541137695312,230.42999267578125,809.5602416992188,538.2086791992188,146.37669372558594
2024-09-05,93.75662994384766,232.35000610351562,807.2618408203125,536.8997192382812,145.8619842529297
2024-09-06,93.87721252441406,230.6300048828125,801.66552734375,527.8636474609375,143.49229431152344
2024-09-09,94.01636505126953,231.60000610351562,810.3598022460938,533.7737426757812,145.02676391601562
2024-09-10,94.30397033691406,232.6199951171875,803.9640502929688,536.0987548828125,145.42494201660156
2024-09-11,94.2761459350586,232.25,803.1646118164062,541.5984497070312,146.8525848388672
2024-09-12,94.19264221191406,236.3300018310547,799.55029296875,546.1605224609375,147.9694366455078
2024-09-13,94.38745880126953,238.67999267578125,802.3486328125,549.0130004882812,148.7269744873047
2024-09-16,94.61013793945312,238.66000366210938,802.8484497070312,549.8237915039062,149.24169921875
2024-09-17,94.5173568725586,237.33999633789062,805.94677734375,550.0485229492188,148.99888610839844
2024-09-18,94.22049713134766,235.50999450683594,800.3497314453125,548.4171752929688,148.6007080078125
2024-09-19,94.2297592163086,239.1699981689453,807.945556640625,557.7755737304688,151.17434692382812
2024-09-20,94.1462631225586,242.2100067138672,797.451416015625,556.8114624023438,150.6402130126953
2024-09-23,94.10916137695312,242.67999267578125,800.7495727539062,558.2026977539062,151.09666442871094
2024-09-24,94.2390365600586,246.07000732421875,803.0482788085938,559.7998657226562,151.57254028320312
2024-09-25,93.87721252441406,245.72999572753906,801.7490234375,558.5653076171875,151.1937713623047
2024-09-26,93.89576721191406,246.97999572753906,803.7478637695312,560.77978515625,152.57286071777344
2024-09-27,94.1648178100586,245.02000427246094,807.3458862304688,559.9664916992188,152.106689453125
2024-09-30,93.95146179199219,243.05999755859375,798.8505859375,562.21044921875,152.38833618164062
2024-10-01,94.19988250732422,245.61000061035156,803.0482788085938,557.1738891601562,151.1257781982422
2024-10-02,94.00448608398438,245.66000366210938,804.147705078125,557.4090576171875,151.1452178955078
2024-10-03,93.6229476928711,245.49000549316406,803.64794921875,556.3900146484375,150.57220458984375
2024-10-04,93.01809692382812,245.0,803.64794921875,561.4461669921875,151.83474731445312
2024-10-07,92.70171356201172,244.1699981689453,805.646728515625,556.3704223632812,150.5333709716797
2024-10-08,92.85990905761719,242.3699951171875,794.6529541015625,561.6323852539062,151.57254028320312
2024-10-09,92.61795806884766,241.0500030517578,800.1498413085938,565.5224609375,152.37863159179688
2024-10-10,92.5621337890625,242.82000732421875,799.9500732421875,564.5327758789062,152.1260986328125
2024-10-11,92.59003448486328,245.47000122070312,801.549072265625,567.913330078125,153.00015258789062
2024-10-14,92.50628662109375,245.07000732421875,805.0471801757812,572.557861328125,153.97134399414062
2024-10-15,92.8785171508789,245.9199981689453,800.5497436523438,568.1092529296875,152.44659423828125
2024-10-16,92.99948120117188,247.14999389648438,808.7451171875,570.5784912109375,153.0681610107422
2024-10-17,92.54350280761719,248.6300048828125,814.14208984375,570.6275024414062,153.1555633544922
2024-10-18,92.60865783691406,251.27000427246094,811.54345703125,572.8224487304688,153.8353729248047
2024-10-21,91.96656799316406,251.22000122070312,807.4458618164062,571.8817138671875,153.16526794433594
2024-10-22,91.98517608642578,253.92999267578125,806.4464111328125,571.5780029296875,152.9224853515625
2024-10-23,91.75252532958984,250.8699951171875,801.8489379882812,566.3552856445312,151.39772033691406
2024-10-24,91.92933654785156,252.8000030517578,803.1482543945312,567.580078125,151.8930206298828
2024-10-25,91.74324035644531,253.32000732421875,801.7490234375,567.3840942382812,151.65020751953125
2024-10-28,91.59435272216797,253.3300018310547,805.2470092773438,569.13818359375,152.32034301757812
2024-10-29,91.69670867919922,256.0899963378906,798.450927734375,570.0592041015625,152.32034301757812
2024-10-30,91.60365295410156,257.5,792.85400390625,568.3345947265625,151.7667694091797
2024-10-31,91.58502960205078,253.50999450683594,787.8568725585938,557.1935424804688,149.29995727539062
2024-11-01,91.22097778320312,252.47000122070312,794.6529541015625,559.5452270507812,149.90211486816406
2024-11-04,91.60371398925781,252.8300018310547,795.852294921875,558.3399047851562,149.69813537597656
2024-11-05,91.81839752197266,253.39999389648438,794.2532958984375,565.09130859375,151.46571350097656
2024-11-06,91.09960174560547,245.6999969482422,793.8534545898438,579.1427001953125,153.7965545654297
2024-11-07,91.79039764404297,249.64999389648438,792.7540893554688,583.62060546875,155.3018798828125
2024-11-08,91.94908905029297,247.9600067138672,786.15771484375,586.148681640625,155.2727508544922
2024-11-11,91.74371337890625,242.13999938964844,791.4547119140625,586.7071533203125,155.632080078125
2024-11-12,91.21165466308594,240.0500030517578,781.6602172851562,584.8847045898438,154.5928955078125
2024-11-13,91.1929702758789,237.6300048828125,781.6602172851562,585.1688232421875,154.3889617919922
2024-11-14,91.15563201904297,237.00999450683594,786.3577270507812,581.406005859375,153.7479705810547
2024-11-15,91.16497802734375,236.58999633789062,785.758056640625,573.9590454101562,152.14553833007812
2024-11-18,91.24897003173828,241.08999633789062,790.155517578125,576.3107299804688,152.85450744628906
2024-11-19,91.37965393066406,243.25,789.1560668945312,578.41748046875,153.30123901367188
2024-11-20,91.28630065917969,244.6199951171875,787.7569580078125,578.6134033203125,153.2138214111328
2024-11-21,91.2396469116211,246.66000366210938,794.453125,581.7196655273438,154.00050354003906
2024-11-22,91.30500030517578,249.83999633789062,805.646728515625,583.5226440429688,154.67062377929688
2024-11-25,92.12647247314453,242.47999572753906,807.945556640625,585.5020751953125,155.15618896484375
2024-11-26,91.9864501953125,242.9499969482422,805.4469604492188,588.5592041015625,155.43785095214844
2024-11-27,92.23848724365234,243.49000549316406,806.8461303710938,586.7757568359375,155.24362182617188
2024-11-29,92.60252380371094,245.58999633789062,808.1454467773438,590.4209594726562,156.4964141845703
2024-12-02,92.6137924194336,243.44000244140625,811.0438232421875,591.4791870117188,156.8946075439453
2024-12-03,92.43585205078125,243.92999267578125,816.041015625,591.7535400390625,157.05970764160156
2024-12-04,92.73551940917969,244.6699981689453,813.8422241210938,595.4280395507812,157.97262573242188
2024-12-05,92.7542495727539,242.86000061035156,815.241455078125,594.4481811523438,157.98233032226562
2024-12-06,93.01644897460938,242.9499969482422,811.0438232421875,595.574951171875,158.2542724609375
2024-12-09,92.744873046875,245.36000061035156,815.241455078125,592.5079956054688,157.35108947753906
2024-12-10,92.63249206542969,248.58999633789062,808.0455322265625,590.6658935546875,156.6809539794922
2024-12-11,92.41714477539062,250.9600067138672,809.544677734375,595.2321166992188,157.90464782714844
2024-12-12,92.04257202148438,247.27999877929688,805.3966064453125,592.1651000976562,156.8848876953125
2024-12-13,91.69606018066406,244.2899932861328,804.3971557617188,592.0474853515625,156.70037841796875
2024-12-16,91.78035736083984,244.8800048828125,800.5990600585938,594.5755615234375,157.04029846191406
2024-12-17,91.78035736083984,243.94000244140625,794.402099609375,592.1258544921875,156.45651245117188
2024-12-18,91.08139038085938,239.25999450683594,794.6021118164062,574.4784545898438,151.9388427734375
2024-12-19,90.84650421142578,239.60000610351562,786.4061889648438,574.302001953125,151.7237091064453
2024-12-20,91.09078979492188,242.10000610351562,785.106689453125,581.2000122070312,152.8971405029297
2024-12-23,90.80892944335938,240.9600067138672,786.3062133789062,584.680419921875,153.9141082763672
2024-12-24,90.91228485107422,241.44000244140625,789.3046875,591.1790771484375,155.25375366210938
2024-12-27,90.79014587402344,241.39999389648438,790.8040161132812,584.9949951171875,154.1096649169922
2024-12-30,91.14714050292969,240.6300048828125,788.4051513671875,578.3192749023438,152.6624298095703
2024-12-31,91.03441619873047,242.1300048828125,792.7029418945312,576.21533203125,152.05616760253906
2025-01-02,91.04380798339844,245.4199981689453,801.698486328125,574.7994995117188,151.7628173828125
2025-01-03,90.94986724853516,243.49000549316406,799.3995971679688,581.9865112304688,153.50338745117188
2025-01-06,90.85588836669922,243.19000244140625,802.8978881835938,585.339111328125,154.26611328125
2025-01-07,90.5364990234375,244.55999755859375,802.3980712890625,578.7224731445312,152.94601440429688
2025-01-08,90.63984680175781,245.86000061035156,802.498046875,579.5678100585938,152.965576171875
2025-01-10,90.13251495361328,248.2100067138672,801.4986572265625,570.7192993164062,150.83384704589844
2025-01-13,90.04798126220703,245.74000549316406,798.5001831054688,571.604248046875,150.81430053710938
2025-01-14,90.07613372802734,247.02999877929688,796.7009887695312,572.3907470703125,151.00985717773438
2025-01-15,90.85588836669922,248.8800048828125,805.9964599609375,582.802490234375,153.63052368164062
2025-01-16,91.05320739746094,250.60000610351562,815.2916870117188,581.6817626953125,153.65985107421875
2025-01-17,91.05320739746094,249.27000427246094,825.786376953125,587.521728515625,154.89195251464844
2025-01-21,91.35382080078125,253.1300048828125,830.5841064453125,592.8995971679688,156.7205352783203
2025-01-22,91.13775634765625,254.42999267578125,830.084228515625,596.2325439453125,157.32679748535156
2025-01-23,90.9874496459961,254.07000732421875,831.9833374023438,599.4868774414062,158.28509521484375
2025-01-24,91.13775634765625,255.64999389648438,826.6859130859375,597.7367553710938,158.15798950195312
2025-01-27,91.64506530761719,252.99000549316406,826.6859130859375,589.2816162109375,156.4369354248047
2025-01-28,91.61689758300781,255.17999267578125,829.28466796875,594.3449096679688,157.36590576171875
2025-01-29,91.56050872802734,254.1999969482422,831.783447265625,591.6805419921875,156.85743713378906
2025-01-30,91.69203186035156,258.04998779296875,840.6788940429688,594.8561401367188,157.97218322753906
2025-01-31,91.50415802001953,258.55999755859375,842.8777465820312,591.6903076171875,157.10191345214844
2025-02-03,91.59086608886719,259.94000244140625,834.5819702148438,587.7084350585938,155.8404541015625
2025-02-04,91.76053619384766,262.5,832.8828735351562,591.6510009765625,157.08233642578125
2025-02-05,92.25067138671875,264.1300048828125,838.2802124023438,594.0499267578125,157.97218322753906
2025-02-06,92.15641784667969,263.42999267578125,848.3750610351562,596.1146240234375,158.47088623046875
2025-02-07,91.86420440673828,263.8999938964844,846.0762329101562,590.6580810546875,157.04322814941406
2025-02-10,91.89249420166016,268.3699951171875,852.6728515625,594.6693115234375,158.0992889404297
2025-02-11,91.68511199951172,267.3900146484375,853.2726440429688,595.12158203125,158.3828887939453
2025-02-12,91.20440673828125,267.6700134277344,856.0712890625,593.204345703125,158.24598693847656
2025-02-13,91.75109100341797,270.30999755859375,852.9728393554688,599.4672241210938,159.9279022216797
2025-02-14,92.09041595458984,266.2900085449219,849.2745971679688,599.437744140625,159.93765258789062
2025-02-18,91.72283172607422,270.70001220703125,852.3731079101562,601.197509765625,160.4559326171875
2025-02-19,91.85477447509766,270.8500061035156,847.0758056640625,602.6133422851562,160.39724731445312
2025-02-20,91.99616241455078,270.989990234375,844.0772094726562,600.1062622070312,160.0843505859375
2025-02-21,92.3920669555664,270.739990234375,844.2771606445312,589.8419799804688,157.7081756591797
2025-02-24,92.55230712890625,272.2099914550781,843.4776000976562,587.1580200195312,157.0725555419922
2025-02-25,93.12727355957031,268.6199951171875,844.4771118164062,584.2379150390625,156.85743713378906
2025-02-26,93.27808380126953,269.0299987792969,850.9738159179688,584.5327758789062,156.95523071289062
2025-02-27,93.1366958618164,264.92999267578125,853.872314453125,575.2025756835938,154.55947875976562
2025-02-28,93.55145263671875,263.2699890136719,858.7698974609375,584.1788940429688,156.45651245117188
2025-03-03,93.75375366210938,266.739990234375,864.9668579101562,573.9441528320312,154.78436279296875
2025-03-04,93.51738739013672,269.05999755859375,854.072265625,567.1504516601562,153.48385620117188
2025-03-05,93.19593811035156,269.6199951171875,852.9728393554688,573.2461547851562,155.71334838867188
2025-03-06,93.10138702392578,268.25,848.5750732421875,563.0703735351562,153.02426147460938
2025-03-07,92.98793029785156,268.3900146484375,848.974853515625,566.226318359375,154.14877319335938
2025-03-10,93.43231201171875,266.0400085449219,840.9788208007812,551.14453125,149.94400024414062
2025-03-11,93.10138702392578,269.1600036621094,830.9838256835938,546.5628662109375,149.0541534423828
2025-03-12,92.82719421386719,270.3299865722656,835.781494140625,549.4632568359375,149.80709838867188
2025-03-13,93.11085510253906,275.1300048828125,832.5303955078125,542.138671875,147.89053344726562
2025-03-14,92.92173767089844,275.239990234375,841.5263671875,553.3369140625,151.03921508789062
2025-03-17,93.04466247558594,276.7300109863281,846.1243286132812,557.6038818359375,152.41796875
2025-03-18,93.13920593261719,279.9599914550781,848.4232788085938,551.5770874023438,151.10765075683594
2025-03-19,93.41339874267578,281.1099853515625,848.8230590820312,557.584228515625,152.47665405273438
2025-03-20,93.47012329101562,280.75,848.623291015625,555.9718627929688,151.8899383544922
2025-03-21,93.3566665649414,278.489990234375,842.5259399414062,556.1552734375,151.7921600341797
2025-03-24,92.99738311767578,277.25,842.3260498046875,566.1151733398438,153.93365478515625
2025-03-25,93.08246612548828,278.4700012207031,845.0247802734375,567.4760131835938,154.2856903076172
2025-03-26,92.8555679321289,278.239990234375,847.4237060546875,560.7013549804688,152.52552795410156
2025-03-27,92.80831146240234,281.9700012207031,845.7245483398438,559.2122802734375,152.13441467285156
2025-03-28,93.34722900390625,284.05999755859375,844.9249267578125,547.9507446289062,149.49420166015625
2025-03-31,93.52685546875,288.1400146484375,834.529541015625,551.62890625,149.78753662109375
2025-04-01,93.87310791015625,287.57000732421875,842.1260986328125,553.18701171875,150.19825744628906
2025-04-02,93.76874542236328,288.1600036621094,839.7271728515625,556.6878662109375,151.20545959472656
2025-04-03,94.26203155517578,286.4200134277344,827.0328979492188,529.2537231445312,144.99607849121094
2025-04-04,94.3473892211914,279.7200012207031,786.4508056640625,498.2696838378906,136.1660614013672
2025-04-07,93.15215301513672,273.7099914550781,752.3659057617188,497.3821716308594,134.95350646972656
2025-04-08,92.66838073730469,275.20001220703125,772.7568969726562,489.5918273925781,133.28140258789062
2025-04-09,92.87705993652344,285.3800048828125,750.966552734375,541.0084228515625,145.191650390625
2025-04-10,92.14665222167969,292.3500061035156,775.0558471679688,517.3018798828125,140.90866088867188
2025-04-11,92.0517807006836,297.92999267578125,780.8533325195312,526.5320434570312,143.66619873046875
2025-04-14,92.59249114990234,296.2300109863281,797.3460083007812,531.64013671875,144.98631286621094
2025-04-15,92.7822036743164,297.7799987792969,808.8408813476562,530.151123046875,145.1623077392578
2025-04-16,93.0762710571289,307.4700012207031,811.1398315429688,518.366943359375,142.80567932128906
2025-04-17,92.83912658691406,306.1199951171875,812.139404296875,519.1065063476562,143.42172241210938
2025-04-22,92.45018768310547,311.1099853515625,817.8369140625,519.9348754882812,144.1160125732422
2025-04-23,92.6778564453125,303.6499938964844,824.9337158203125,527.991455078125,145.91525268554688
2025-04-24,93.19010925292969,308.07000732421875,825.5335083007812,539.1051635742188,148.73147583007812
2025-04-25,93.53160095214844,304.7300109863281,826.0333251953125,543.0003051757812,149.66043090820312
2025-04-28,93.7877426147461,309.07000732421875,826.4329833984375,543.2074584960938,150.05157470703125
2025-04-29,94.01539611816406,306.05999755859375,831.2308959960938,546.6292724609375,150.76539611816406
2025-04-30,93.93000030517578,303.7699890136719,832.6303100585938,546.8462524414062,150.86318969726562
2025-05-01,93.67402648925781,297.4599914550781,834.1295776367188,550.7217407226562,151.3521270751953
2025-05-02,93.2171859741211,297.9800109863281,843.7254028320312,558.8966674804688,153.72830200195312
2025-05-06,93.28382110595703,315.4800109863281,844.3251342773438,551.047119140625,152.26153564453125
2025-05-07,93.42655944824219,310.75,841.026611328125,553.3645629882812,152.57443237304688
2025-05-08,92.94122314453125,304.6300048828125,838.427734375,557.2203369140625,153.15138244628906
2025-05-09,93.03638458251953,306.8399963378906,840.9265747070312,556.51025390625,153.30783081054688
2025-05-12,92.7223129272461,298.19000244140625,845.5245971679688,574.9015502929688,157.0725555419922
2025-05-13,92.62716674804688,299.4599914550781,845.0247802734375,578.6981811523438,158.04063415527344
2025-05-14,92.3606948852539,293.1600036621094,843.6254272460938,579.4376831054688,158.04063415527344
2025-05-15,92.88410186767578,297.8399963378906,850.2224731445312,582.2679443359375,158.9109344482422
2025-05-16,92.94122314453125,294.239990234375,855.0204467773438,585.9559326171875,159.88877868652344
2025-05-19,92.91265869140625,298.0299987792969,856.5197143554688,586.596923828125,160.2994842529297
2025-05-20,92.75086975097656,303.5799865722656,864.4161987304688,584.624755859375,160.13323974609375
2025-05-21,92.14179229736328,305.82000732421875,864.7160034179688,574.7733154296875,158.03086853027344
2025-05-22,92.40827178955078,303.1099853515625,860.5179443359375,575.0001831054688,157.91351318359375
2025-05-23,92.54149627685547,309.75,858.1189575195312,571.0753173828125,157.395263671875
2025-05-27,92.96024322509766,304.5,864.3162841796875,582.9483642578125,160.20169067382812
2025-05-28,92.78894805908203,303.80999755859375,859.6183471679688,579.5758056640625,159.16517639160156
2025-05-29,93.13155364990234,305.6099853515625,859.9182739257812,581.8635864257812,159.73233032226562
2025-05-30,93.35995483398438,303.6000061035156,865.4157104492188,581.2127685546875,159.69320678710938
2025-06-02,93.11455535888672,311.6700134277344,865.5157470703125,584.4866333007812,160.80795288085938
2025-06-03,93.04771423339844,308.9100036621094,867.2149658203125,587.8197631835938,161.26754760742188
2025-06-04,93.60150909423828,310.8999938964844,868.6143798828125,587.6619873046875,161.463134765625
2025-06-05,93.36280822753906,309.3299865722656,869.9137573242188,584.8218994140625,160.7981719970703
2025-06-06,92.88539123535156,305.17999267578125,872.6126098632812,590.8274536132812,162.1769561767578
2025-06-09,92.99999237060547,306.6199951171875,872.2127685546875,591.3599853515625,162.25518798828125
2025-06-10,93.21005249023438,306.7099914550781,874.311767578125,594.7127685546875,162.8614501953125
2025-06-11,93.52513122558594,308.3699951171875,875.4113159179688,593.0166625976562,162.48985290527344
2025-06-12,93.86886596679688,312.20001220703125,865.43115234375,595.3734741210938,163.27215576171875
2025-06-13,93.53468322753906,316.2900085449219,862.1322631835938,588.7171630859375,161.34579467773438
2025-06-16,93.3437271118164,311.7799987792969,863.7317504882812,594.3182983398438,162.7460174560547
2025-06-17,93.63016510009766,311.94000244140625,860.1328125,589.2398681640625,161.24822998046875
2025-06-18,93.69700622558594,310.260009765625,861.0325317382812,589.1510620117188,161.2876434326172
2025-06-20,93.78294372558594,310.1300048828125,854.9344482421875,587.7673950195312,160.63729858398438
2025-06-23,93.9738998413086,311.0799865722656,854.1346435546875,593.5730590820312,162.0858154296875
2025-06-24,94.35582733154297,306.19000244140625,854.5346069335938,600.1304321289062,163.97775268554688
2025-06-25,94.34628295898438,307.1199951171875,850.5357666015625,600.4666748046875,163.69198608398438
2025-06-26,94.60408020019531,306.7799987792969,852.8350219726562,605.1646118164062,165.2489013671875
2025-06-27,94.33674621582031,301.2200012207031,858.9332275390625,608.1713256835938,166.12586975097656
2025-06-30,94.71867370605469,304.8299865722656,854.0347290039062,611.0791015625,166.9043426513672
2025-07-01,94.63150024414062,307.54998779296875,856.533935546875,610.8812866210938,166.6776885986328
2025-07-02,94.51655578613281,309.25,855.5343017578125,613.6505737304688,167.3871612548828
2025-07-03,94.32496643066406,307.1400146484375,859.9329833984375,618.4869995117188,168.37255859375
2025-07-07,93.98970794677734,307.3699951171875,858.3333740234375,613.8780517578125,166.99301147460938
2025-07-08,93.9513931274414,304.1600036621094,863.0319213867188,613.5418090820312,167.08169555664062
2025-07-09,94.34412384033203,305.5199890136719,864.7313842773438,617.2210083007812,168.2050323486328
2025-07-10,94.31539154052734,306.20001220703125,875.3280639648438,618.9617309570312,168.53021240234375
2025-07-11,93.92265319824219,309.1400146484375,872.0291748046875,616.7858276367188,167.62367248535156
2025-07-14,93.91307067871094,308.010009765625,877.027587890625,617.9627685546875,167.96856689453125
2025-07-15,93.63526916503906,306.7300109863281,870.9295043945312,615.3220825195312,166.99301147460938
2025-07-16,93.76937866210938,308.260009765625,870.02978515625,617.3792114257812,167.51527404785156
2025-07-17,93.80770111083984,307.5899963378906,874.2284545898438,621.1574096679688,168.45138549804688
2025-07-18,93.98011779785156,308.3900146484375,875.9279174804688,620.702392578125,168.3134307861328
2025-07-21,94.23876190185547,313.1300048828125,878.0272827148438,621.87939453125,168.71743774414062
2025-07-22,94.42076110839844,316.1000061035156,878.7271118164062,621.9683837890625,169.0130615234375
2025-07-23,94.21002960205078,312.17999267578125,882.4259643554688,627.2598266601562,170.9542694091797
2025-07-24,94.15255737304688,310.2699890136719,890.12353515625,627.4674072265625,170.8163299560547
2025-07-25,94.30579376220703,307.3999938964844,888.424072265625,630.1180419921875,171.21046447753906
2025-07-28,94.18128204345703,305.4100036621094,885.0250854492188,629.9598999023438,170.471435546875
2025-07-29,94.68897247314453,306.25,890.0235595703125,628.2982788085938,170.10682678222656
2025-07-30,94.42076110839844,300.9599914550781,889.923583984375,627.507080078125,169.62399291992188
2025-07-31,94.46866607666016,302.9599914550781,890.0235595703125,625.1531372070312,168.5991973876953
2025-08-01,95.28560638427734,309.1099853515625,884.025390625,614.9066162109375,166.490478515625
2025-08-04,95.36249542236328,310.9100036621094,889.2238159179688,624.2530517578125,168.91452026367188
2025-08-05,95.39132690429688,311.1600036621094,890.9232788085938,621.088134765625,168.34300231933594
2025-08-06,95.3528823852539,310.5,893.0226440429688,625.845458984375,169.6732635498047
2025-08-07,95.2760009765625,313.1199951171875,888.8239135742188,625.3212280273438,169.8309326171875
2025-08-08,95.09337615966797,313.04998779296875,888.3240966796875,630.197265625,171.09222412109375
2025-08-11,95.1606674194336,308.54998779296875,891.1232299804688,628.9510498046875,170.56997680664062
2025-08-12,95.1606674194336,308.2699890136719,893.4224853515625,635.6468505859375,172.5604248046875
2025-08-13,95.50667572021484,309.2099914550781,895.32177734375,637.8226928710938,173.20094299316406
2025-08-14,95.237548828125,307.25,899.1207275390625,637.8821411132812,173.03343200683594
2025-08-15,95.09337615966797,307.42999267578125,895.621826171875,636.388671875,173.15167236328125
2025-08-18,94.98767852783203,306.95001220703125,896.92138671875,636.2501220703125,172.95458984375
2025-08-19,95.1702651977539,305.2699890136719,900.72021484375,632.7984008789062,172.23526000976562
2025-08-20,95.22795104980469,308.3599853515625,909.9174194335938,631.1170654296875,172.11700439453125
2025-08-21,95.00688934326172,307.2900085449219,912.716552734375,628.5850830078125,171.4174041748047
2025-08-22,95.5354995727539,310.5799865722656,913.416259765625,638.2380981445312,173.97938537597656
2025-08-26,95.50667572021484,312.0799865722656,907.9180297851562,638.0897216796875,173.3684539794922
2025-08-27,95.60277557373047,312.7099914550781,907.1182861328125,639.5436401367188,173.63450622558594
2025-08-28,95.71813201904297,315.0299987792969,904.119140625,641.8085327148438,174.33413696289062
2025-08-29,95.59317016601562,318.07000732421875,901.1201782226562,637.98095703125,173.30934143066406
2025-09-02,95.3395767211914,325.5899963378906,894.3221435546875,633.2533569335938,171.99876403808594
2025-09-03,95.68671417236328,328.1400146484375,900.4203491210938,636.685302734375,172.63926696777344
2025-09-04,96.0724105834961,326.69000244140625,904.2191162109375,642.00634765625,174.0779266357422
2025-09-05,96.52565002441406,331.04998779296875,903.3193969726562,640.14697265625,173.8512725830078
2025-09-08,96.85350799560547,334.82000732421875,902.6197509765625,641.7195434570312,174.66915893554688
2025-09-09,96.66062927246094,334.05999755859375,905.7186889648438,643.203125,174.9647674560547
2025-09-10,96.85350799560547,335.260009765625,904.0192260742188,645.0625610351562,175.26039123535156
2025-09-11,97.03670501708984,334.760009765625,904.2927856445312,650.4231567382812,176.84686279296875
2025-09-12,96.9499282836914,335.4200134277344,902.7931518554688,650.2054443359375,176.6300811767578
2025-09-15,97.11385345458984,338.9100036621094,902.3932495117188,653.6671142578125,177.54647827148438
2025-09-16,97.15242767333984,339.5899963378906,893.8952026367188,652.7671508789062,177.3789520263672
2025-09-17,96.97885131835938,336.9700012207031,895.394775390625,651.9561157226562,176.935546875
2025-09-18,96.7088623046875,335.6199951171875,897.5943603515625,655.00244140625,177.86180114746094
2025-09-19,96.7088623046875,339.17999267578125,895.7947387695312,658.2465209960938,178.39390563964844
2025-09-22,96.5931396484375,345.04998779296875,895.69482421875,661.3607788085938,179.0541229248047
2025-09-23,96.7474365234375,346.4599914550781,895.7947387695312,657.7606201171875,178.32493591308594
2025-09-24,96.564208984375,343.32000732421875,897.9942626953125,655.6678466796875,177.5267791748047
2025-09-25,96.42920684814453,344.75,895.094970703125,652.6429443359375,176.71876525878906
2025-09-26,96.49669647216797,346.739990234375,901.4934692382812,656.3820190429688,177.66473388671875
2025-09-29,96.679931640625,352.4599914550781,903.593017578125,658.2266845703125,178.28550720214844
2025-09-30,96.6702880859375,355.4700012207031,908.1919555664062,660.7061157226562,178.90631103515625
2025-10-01,96.9169692993164,356.0299987792969,917.9896850585938,662.9574584960938,179.6946258544922
2025-10-02,97.02339172363281,354.7900085449219,916.6900024414062,663.7210693359375,179.9705352783203
2025-10-03,96.9169692993164,357.6400146484375,922.1887817382812,663.7112426757812,180.33511352539062
2025-10-06,96.70413208007812,364.3800048828125,921.6888427734375,666.0914916992188,180.92636108398438
2025-10-07,96.86859130859375,366.260009765625,922.2886962890625,663.6219482421875,179.9508056640625
2025-10-08,96.8782730102539,372.29998779296875,928.687255859375,667.5791625976562,180.83767700195312
2025-10-09,96.76217651367188,365.42999267578125,924.5881958007812,665.6452026367188,180.00009155273438
2025-10-10,97.15882110595703,369.1199951171875,917.3897705078125,647.6542358398438,175.5954132080078
2025-10-13,97.34264373779297,378.0899963378906,918.5895385742188,657.5919189453125,178.00961303710938
2025-10-14,97.49742889404297,380.7900085449219,919.3893432617188,656.78857421875,178.1278533935547
2025-10-15,97.45873260498047,387.3900146484375,916.3900146484375,659.7044067382812,178.85704040527344
2025-10-16,97.80702209472656,396.45001220703125,918.4895629882812,655.2116088867188,178.23626708984375
2025-10-17,97.67156982421875,388.989990234375,910.4913940429688,658.9308471679688,178.98513793945312
2025-10-20,97.83602905273438,403.1499938964844,917.18994140625,665.7840576171875,180.56175231933594
2025-10-21,97.93278503417969,377.239990234375,918.8894653320312,665.7741088867188,180.18731689453125
2025-10-22,97.923095703125,377.2799987792969,927.487548828125,662.3128051757812,179.3300323486328
2025-10-23,97.74896240234375,378.7900085449219,934.4859008789062,666.2402954101562,180.48292541503906
2025-10-27,97.91343688964844,367.010009765625,940.6845092773438,679.6094970703125,183.53761291503906
2025-10-28,97.97147369384766,364.3800048828125,945.9832763671875,681.41455078125,183.9120635986328
2025-10-29,97.50711059570312,363.0,951.0821533203125,681.7418823242188,183.4883575439453
2025-10-30,97.32330322265625,370.1300048828125,950.982177734375,674.2440185546875,181.95114135742188
2025-10-31,97.26525115966797,368.1199951171875,947.0830078125,676.45556640625,182.32559204101562
2025-11-03,97.14586639404297,368.7799987792969,945.283447265625,677.7251586914062,182.65077209472656
2025-11-04,97.19441223144531,362.32000732421875,946.4832153320312,669.6917114257812,180.4040985107422
2025-11-05,96.93232727050781,366.510009765625,952.4818115234375,672.012451171875,181.2219696044922
2025-11-06,97.29145050048828,366.07000732421875,948.1828002929688,664.8021850585938,179.5074005126953
2025-11-07,97.25263214111328,368.30999755859375,943.5838012695312,665.4567260742188,179.89169311523438
2025-11-10,97.21380615234375,378.3800048828125,953.6815185546875,675.8406982421875,182.4635467529297
2025-11-11,97.50498962402344,379.8699951171875,964.3789672851562,677.3878784179688,183.044921875
2025-11-12,97.46617126464844,385.989990234375,965.5787353515625,677.7648315429688,183.51791381835938
2025-11-13,97.17498016357422,382.8699951171875,957.0806884765625,666.5180053710938,180.55189514160156
2025-11-14,97.05852508544922,375.9599914550781,947.1830444335938,666.4088745117188,180.51248168945312
2025-11-17,97.07792663574219,371.6499938964844,944.483642578125,660.2003173828125,178.63040161132812
2025-11-18,97.13616943359375,374.3500061035156,932.1864624023438,654.65625,177.14247131347656
2025-11-19,97.13616943359375,374.9599914550781,928.1873168945312,657.185302734375,177.42823791503906
2025-11-20,97.25263214111328,374.8500061035156,930.686767578125,647.1683349609375,174.70858764648438
2025-11-21,97.4855728149414,374.2699890136719,931.5865478515625,653.6149291992188,176.56109619140625
2025-11-24,97.6796875,380.20001220703125,931.086669921875,663.235107421875,178.5121612548828
2025-11-25,97.8349838256836,380.0799865722656,938.9849243164062,669.4735107421875,180.54205322265625
2025-11-26,97.99028778076172,383.1199951171875,947.4829711914062,674.09521484375,182.02996826171875
2025-11-28,97.8543930053711,387.8800048828125,950.3822631835938,677.7747192382812,182.94638061523438
2025-12-01,97.43180084228516,389.75,948.8826293945312,674.6802978515625,182.12852478027344
2025-12-02,97.55838012695312,387.239990234375,948.7826538085938,675.9300537109375,182.57192993164062
2025-12-03,97.74339294433594,386.8800048828125,948.082763671875,678.2706298828125,183.34054565429688
2025-12-04,97.50970458984375,387.1300048828125,950.7821655273438,678.7664794921875,183.52777099609375
2025-12-05,97.402587890625,386.44000244140625,946.8829956054688,680.0557861328125,183.85293579101562
2025-12-08,97.24679565429688,385.4200134277344,944.9835205078125,678.0127563476562,183.19273376464844
2025-12-09,97.15914916992188,387.3999938964844,944.68359375,677.4275512695312,183.1631622314453
2025-12-10,97.47074890136719,389.04998779296875,945.683349609375,681.92041015625,184.39491271972656
2025-12-11,97.49021911621094,393.239990234375,945.4361572265625,683.5072021484375,185.10438537597656
2025-12-12,97.1883544921875,395.44000244140625,939.8372192382812,676.1581420898438,183.37010192871094
2025-12-15,97.28573608398438,395.79998779296875,950.2354125976562,675.1365356445312,183.53761291503906
2025-12-16,97.47074890136719,395.8900146484375,943.5365600585938,673.2918701171875,182.96644592285156
2025-12-17,97.44153594970703,399.2900085449219,951.5352172851562,665.8832397460938,181.0790557861328
2025-12-18,97.6849594116211,398.57000732421875,957.4341430664062,670.9114990234375,182.44989013671875
2025-12-19,97.54232788085938,399.0199890136719,962.9331665039062,676.9923095703125,183.94985961914062
2025-12-22,97.50325775146484,408.2300109863281,959.4337768554688,681.2098999023438,185.05247497558594
2025-12-23,97.50325775146484,413.6400146484375,961.7333984375,684.3233032226562,185.9663848876953
2025-12-24,97.71818542480469,411.92999267578125,960.5335693359375,686.7305297851562,186.47299194335938
2025-12-29,97.85496520996094,398.6000061035156,960.2337036132812,684.2138671875,185.85711669921875
2025-12-30,97.81588745117188,398.8900146484375,967.2324829101562,683.3783569335938,185.7677001953125
2025-12-31,97.5813980102539,396.30999755859375,966.5325927734375,678.3152465820312,184.53594970703125
