Date,US Bonds,Gold,UK Equities,US Equities,Global Equities
2021-01-05,-0.0010164853275772545,0.0029616260665272787,0.006493370799064202,0.006887459759505665,0.0077041027080524405
2021-01-06,-0.004918971789700577,-0.01624105266038789,0.03379407407532664,0.00597844428569827,0.006044948123552052
2021-01-07,-0.0010225495135536278,-0.00233462025122122,0.0035663986271297077,0.014857551199858099,0.011487235363595527
2021-01-08,-0.001194156915711897,-0.03420993723985433,0.0026649539002818745,0.005697691767714952,0.007337933524877105
2021-01-11,-0.001622999173412465,-0.0019614419353504164,-0.011961141080016668,-0.006740806689980783,-0.009192604094441892
2021-01-12,0.0008555987272969023,0.006473960214956609,-0.005679170555184299,0.00021124445374831602,0.002800911556156249
2021-01-13,0.0031627767236048765,-0.004307374345463466,-0.001803515619039131,0.0026928413319993183,0.0015712029830126095
2021-01-14,-0.001959918580516029,-0.0005190998467168306,0.008883943285765028,-0.0035017459836146347,-0.0007842603245413748
2021-01-15,0.0010245373089123877,-0.012407628760563338,-0.010447788169944738,-0.007292969926095072,-0.009680837222215688
2021-01-19,0.0013646773627042919,0.00847307255811236,-0.0028656189377146424,0.007852093464397747,0.008102224675162084
2021-01-20,8.487229304643407e-05,0.016282289539807593,0.004689012699447881,0.013838582106484365,0.0117934059850755
2021-01-21,-0.001447566991152227,-0.0006271772092728556,-0.004065206467903759,0.0009118685197062604,-0.00017270191864360296
2021-01-22,0.0,-0.007873145210082533,-0.0037791943130504047,-0.0035395412718244312,-0.0038860332584781387
2021-01-25,0.0025589149211782125,0.0008626173693986328,-0.007738706320243538,0.003943970316099721,0.0023405429384459886
2021-01-26,-0.00034024074710858887,-0.0024705999829396363,0.001987878561140244,-0.001561267167526137,-0.00138371769856116
2021-01-27,8.46458645984427e-05,-0.006335623059913753,-0.013125575582835669,-0.02444035333989647,-0.023990986310116202
2021-01-28,-0.0006807325703054312,0.0009273614616172043,-0.005413225841265246,0.008600356970774659,0.006921566434124005
2021-01-29,-0.0011065293485215122,-0.0004053281700162614,-0.020369734959118313,-0.020019592784786377,-0.017449387164024777
2021-02-01,0.0009560131256431958,0.009385291185094458,0.009682345896754319,0.016645588956227142,0.015068584852919953
2021-02-02,-0.0015352577338993978,-0.012167796413785958,0.008174984236719807,0.014140130971819875,0.012635863321875052
2021-02-03,-0.0011962516418325686,-0.0015106298641213156,-0.0014034244472037605,0.0007861858015378864,0.001308908221124172
2021-02-04,-0.0004279543957809162,-0.021530474690833024,0.0001560490891852062,0.011365735317483416,0.008714599793392175
2021-02-05,-0.0012833293566272275,0.009872160109213546,-0.002654043876754608,0.003935953461301267,0.0038875680416057268
2021-02-08,0.0010280137226581498,0.010070118005137685,0.0046959746777925915,0.00722205522554642,0.007831453369695929
2021-02-09,0.0004282475224230975,0.0032649110578624185,0.001558230874316946,-0.0006661427297696143,0.0027323666154219772
2021-02-10,0.0009410912619420841,0.0036611162023989507,-0.0014000546511309109,-0.00043549212842297624,-0.0010217922836083249
2021-02-11,-0.0011968653291491993,-0.008685078696598514,0.0009346783682173676,0.0016149970948924341,0.0034096708174293777
2021-02-12,-0.0023105307866307934,-0.0030372306060941767,0.009027167840079287,0.004939636202127895,0.004842409971578698
2021-02-16,-0.0047181085859304694,-0.014353488272303538,0.023908814079841356,-0.0008659337075640483,0.0023671891586098948
2021-02-17,0.0019824143254514315,-0.011352850687983307,-0.005574058254201875,0.00022963570695333502,-0.0016867560351443434
2021-02-18,-0.0005160742664631623,-6.0088418961767864e-05,-0.01105874982268884,-0.004255786772770165,-0.005238165201076117
2021-02-19,-0.0030982000847595836,0.004148551901348441,0.00030616984706677286,-0.0017661168678797523,0.0
2021-02-22,-0.0031075164625685714,0.014969164015496528,-0.0022970695551461917,-0.007691684126509002,-0.006539961002624883
2021-02-23,0.0002600932592145,-0.0023007456922117253,0.0026095145615756543,0.001214084329310694,-8.543086498358221e-05
2021-02-24,-0.00034654424295743613,-0.0007095264939214196,0.0050521733642912015,0.011019359216301705,0.007951440390696396
2021-02-25,-0.00918034004125512,-0.018816524708764826,0.0006090748425167103,-0.024095711378637086,-0.021291121295828885
2021-02-26,0.00812897331208573,-0.024182906697045592,-0.025422380405425993,-0.005152349198560668,-0.009620283470426871
2021-03-01,-0.0005208963903127195,-0.0017304170540851649,0.015932680365383645,0.024239936217106628,0.02284061411205318
2021-03-02,0.00017393183143155078,0.005447934683729505,0.0038436898218667803,-0.007803155479823798,-0.0038502676842262495
2021-03-03,-0.0036488741107839617,-0.011021541189334294,0.009649336529077068,-0.013245849028865941,-0.013827882288094728
2021-03-04,-0.0028771683863860753,-0.009836893780889033,-0.0009102413517330099,-0.012374649490773937,-0.012018839179138818
2021-03-05,-0.000699694588286337,0.0006288110395962221,-0.0039480347070462996,0.01839665800211776,0.014192495981522502
2021-03-08,-0.003937609468024128,-0.010368190918767173,0.013109849270948937,-0.0049788807079338415,-0.0049542957986153935
2021-03-09,0.0037777150428097706,0.02127113294736649,0.0019559662353572094,0.014277464665160444,0.015548711818228922
2021-03-10,0.0016628930276869625,0.005098279923459348,-0.00045040382505268095,0.0062245913931422425,0.00567666288169999
2021-03-11,-8.757054458230495e-05,-0.000866011298261804,-0.0056248663639405505,0.010139419977394093,0.009322707479237469
2021-03-12,-0.005680117812422503,-0.00018572795011984056,0.003928242828630468,0.0013466150803851384,0.000847273295168316
2021-03-15,0.0010551170718131608,0.004396503999798185,-0.002558448245360667,0.005963460760559869,0.00440276764717451
2021-03-16,-0.00035154636805434514,0.0009248406787658592,0.007846463310177798,-0.0012613844004705221,0.0013487486726433406
2021-03-17,-8.762014565555365e-05,0.00714498527693741,-0.005539831917046101,0.003410055854420335,0.0035355739240128248
2021-03-18,-0.0038645852745605724,-0.005810023730399405,0.0030115659268139527,-0.014549588139203262,-0.013924959135897086
2021-03-19,0.0007936206560135162,0.004183119739068708,-0.010807855010852019,-0.0018504198222351054,0.00034024971511970037
2021-03-22,0.001938131563218315,-0.0014702614866924923,0.0037934884958812365,0.007984567649426344,0.0043370444047854395
2021-03-23,0.0025498281126707933,-0.007300628474884996,-0.003476664827582132,-0.007870168832552649,-0.009314102618296793
2021-03-24,0.0012281566452865267,0.0034608341081703298,0.00151687914199794,-0.005083800795009363,-0.005470084959517174
2021-03-25,-0.0005255716095470264,-0.003633653726877295,-0.005149726002526944,0.005625861565984769,0.005757950557450098
2021-03-26,-0.0016651457038101558,0.0028434090575977233,0.010200719265371694,0.016114706522210698,0.012560928937408677
2021-03-29,-0.0016680023050661408,-0.011896005111092234,-0.0012055652875355705,-0.0005049749212610033,-0.0013501581761313775
2021-03-30,0.0007908915589298626,-0.017091823816998808,0.005130390504329618,-0.0026529543832058966,-0.0021969645089724432
2021-03-31,0.0001760467283076217,0.015167857324082767,-0.007806596978865099,0.004053255663084565,0.0034721343863630683
2021-04-01,0.0033609567260659556,0.012628087827510459,0.0030263250304172207,0.01079918498401411,0.01088693260521123
2021-04-06,0.0014906873937778897,0.007655300196758974,0.011766097259626518,0.013753953081944381,0.011187164543616124
2021-04-07,-0.0015764062893953712,-0.002818323186048577,0.008796876128342346,0.001157271475383581,0.0005780755024997752
2021-04-08,0.0024555497892013722,0.01075202788807239,0.009902570478118156,0.004746845514252751,0.006931113231365638
2021-04-09,-0.0011368277127900006,-0.00753747660190629,-0.004097657877741634,0.007270262114824844,0.004343224882146446
2021-04-12,-0.00026269810137258265,-0.006063609158189043,-0.003232931670966943,0.00036429666581772047,-0.0006527499339782361
2021-04-13,0.0028908333287920307,0.007086479573175097,-0.0005898106114700097,0.002964005301069106,0.005143686896563526
2021-04-14,-0.0007862653678692988,-0.004344315528953313,0.007080821791018765,-0.0034152946930463557,-0.0034115089308717206
2021-04-15,0.003933789821720879,0.016162763416190717,0.008056238974256225,0.010742303583711088,0.010758791681459101
2021-04-16,-0.0026120411548783418,0.006047777218550321,0.004649630255537218,0.0033426830255822715,0.0034675321015602556
2021-04-19,-0.0007859321529212204,-0.0027652942409929215,-0.00332631399441774,-0.004913118741475375,-0.0040983713428663915
2021-04-20,0.0015727855634575238,0.0035565515706876827,-0.01988099181944114,-0.007321566260849233,-0.009844208449129921
2021-04-21,0.0009596811234922065,0.009911155680072392,0.0053300008076582195,0.009461968846159685,0.00863817651454224
2021-04-22,0.0002612588417456596,-0.006483147356353358,0.006332802012259275,-0.009133061827109934,-0.006867572644691067
2021-04-23,-0.00017431036057891092,-0.003831414124593202,0.000878152650352737,0.010842352867886706,0.010576069273277477
2021-04-26,-0.0008711537790695445,0.002644245538133694,0.00321676991019082,0.002087655102209318,0.0019318797058254233
2021-04-27,-0.002442348189726107,-0.002517371003141977,-0.0029150810723219678,-0.00021548464669929324,-0.0007230078893096792
2021-04-28,0.0005244446133121361,0.002944390689552989,0.0026312879490766328,-0.0002874009406319544,0.0006432501748783181
2021-04-29,-0.0005241697153285374,-0.004133978948338446,0.00014559594121665853,0.006372827019028637,0.0032139827773258745
2021-04-30,0.0010489680549143898,-0.0033690142851713345,0.002186652141878742,-0.006570406864398914,-0.009931747062604579
2021-05-04,0.0018634379674540291,0.0055535322262927345,-0.0068362465702686,-0.004026047868724736,-0.004449526651757907
2021-05-05,0.000785835036578586,0.004142168530566259,0.016549517790865886,0.00031291229840713086,0.003981721807665206
2021-05-06,0.00017451033828463913,0.01667957921247054,0.005330632613395947,0.007985592571752909,0.0077700991327751545
2021-05-07,-0.0002617198346099858,0.00899681760120985,0.007881907316930725,0.007277970085466823,0.009798553255095932
2021-05-10,-0.0015707300988818673,0.0030305045955998366,-0.0005686709273510226,-0.009902386229925564,-0.008908091407169416
2021-05-11,-0.0021846082899787955,0.000174300035968189,-0.02489681537085564,-0.008924695034512653,-0.010432500637170383
2021-05-12,-0.0035035778847358756,-0.009933813872024522,0.007003160389146945,-0.02124535785953119,-0.02003086342697402
2021-05-13,0.0022855421263516806,0.004107329913244362,-0.00391209261292047,0.012012760603736794,0.011171933042627424
2021-05-14,0.0022796988397848494,0.009115862292308208,0.011782015763199372,0.01535508499307947,0.01604055912751634
2021-05-17,-0.0008746796542865587,0.011639321781340195,-0.0023000391486672767,-0.00254447623674503,-0.0035440447468739755
2021-05-18,-0.0012262226242015783,0.001946172546249958,0.0004321303736631865,-0.008615673235910837,-0.003071789562237748
2021-05-19,-0.0014023849620513618,0.000685616890880425,-0.011090313494779624,-0.0026218046929262773,-0.005432471937659278
2021-05-20,0.003423909147619586,0.004567270124640199,0.011797190431745763,0.010757970227453395,0.012310192958070676
2021-05-21,0.00043753555714820536,0.0004545724551812125,-0.0008636541735377312,-0.0008186555007252405,8.074519844147865e-05
2021-05-24,0.0009619997880592202,0.001761036294059215,0.004466231896571582,0.010194051160916207,0.009018945984349491
2021-05-25,0.0024464591271669,0.009072814229376336,-0.0027251711115197086,-0.0022184139770240474,-0.0019154279303059685
2021-05-26,-0.00034884298448589757,-0.0017420486873281904,-0.0005752139263689449,0.0019844536509920907,0.0014394775726320752
2021-05-27,-0.0012205916184263588,0.00039409662496781017,-0.0008634934894333757,0.0005249137429530482,0.000878349842337478
2021-05-28,0.0,0.003770176937892389,0.0010082503540149723,0.0017888488059458751,0.001994383122551069
2021-06-01,-0.00046318300239400756,-0.0026909461441234628,0.006762472614951109,-0.0008809728198515554,0.0010350865524468844
2021-06-02,0.0013120427250423727,0.004890446350902078,0.0038588026603196823,0.0015728021457988017,0.0017495885938840772
2021-06-03,-0.0023587079745215345,-0.019578228541437537,-0.005979479152618539,-0.003711623732507441,-0.004128444882182336
2021-06-04,0.0041154608316584795,0.010783359066451448,0.0014324122824842522,0.009145910741555907,0.009168337487582834
2021-06-07,-0.0006979130643619547,0.0040076283608136976,0.0015729274555431605,-0.0009699748859215429,0.0016590924015211783
2021-06-08,0.0018325953484519264,-0.0030920774052216604,0.0022848650851132746,0.00021299178503486615,7.887979146325996e-05
2021-06-09,0.002003680408277253,-0.0019175027218333307,-0.0028493744384173736,-0.00149194379827855,-0.0017350873012962342
2021-06-10,0.0020860928601209583,0.004294325821970535,0.0017144749938029502,0.004648469226266716,0.003957632143850365
2021-06-11,-0.00043384739519236604,-0.011252390785353672,0.006275968694734457,0.0016525191927780902,0.002855301179931491
2021-06-14,-0.002516689390354543,-0.005860923791407013,0.0022676768885057097,0.002238866754654678,0.0017399672454478932
2021-06-15,0.0004349743801497219,-0.0037777095572453234,0.0036771888627136207,-0.0018341437922513304,-0.0019737863446180892
2021-06-16,-0.00321766106792698,-0.016891711518855712,0.0029588575077197365,-0.0055833107727869535,-0.005300221944018579
2021-06-17,0.0031408414475004864,-0.030740427140865334,-0.014779166068487726,-0.00033161621891231174,-0.0016702165031518001
2021-06-18,0.0026961062150301363,-0.005547261946798776,-0.02025110854869394,-0.013490458581810971,-0.015294886811853425
2021-06-21,-0.0026021571824567102,0.012247646651096789,0.006987032411050809,0.014315750938119765,0.013510032735789546
2021-06-22,0.0010435002574160634,-0.0041928539145718036,0.0037583494693136377,0.005346549724743355,0.003671811661660751
2021-06-23,-0.0005211672052607419,-0.0006616578066259704,-0.002448252347779123,-0.0012055723960808784,-0.002544944882067579
2021-06-24,0.00034775619126725665,-0.0006019387497473438,0.005774482517969526,0.005915763971486854,0.007973268905324016
2021-06-25,-0.0019984148267743196,0.0033124733437563947,0.0024398192116694695,0.0035520112253508707,0.0026103962817540793
2021-06-28,0.0028728145843097685,-5.999463986816611e-05,-0.008018087713221766,0.002016019934258262,-0.0005523458579922425
2021-06-29,0.0005211174293413556,-0.010505462725200698,0.0020207242727687813,0.0005381277447285004,0.000789259553725552
2021-06-30,0.0006940713716578895,0.004853503869870712,-0.008066949053337602,0.0008417608666242415,-0.001656255141816998
2021-07-01,-0.0005557137308912496,0.0034413575356286863,0.01292493913060766,0.005536639196543458,0.003871332806007377
2021-07-02,0.002171841902074867,0.006558341503640763,-0.0005733341749247778,0.007643406611662851,0.006138878598591857
2021-07-06,0.0032072045068320953,0.004961455343207799,-0.002295441746883009,-0.0018214121703518105,-0.002815991577724941
2021-07-07,0.0017280880352998906,0.003806801143447114,0.007620369903917235,0.003534001975728618,0.0036867975027037314
2021-07-08,0.0011215246788858213,-0.0006518168637834609,-0.01541070805180067,-0.00814804833063687,-0.011176346754235511
2021-07-09,-0.0032741008114597348,0.003320562334123478,0.011304284020656752,0.01067479698760665,0.013436665362837052
2021-07-12,-0.0006052745016864591,-0.001241101031467462,0.00028680670743885806,0.0035820355720468378,0.004289563153175191
2021-07-13,-0.0021622939510044237,0.001301782371024407,-0.0001433184349907135,-0.0034092325088204145,-0.005203083335235115
2021-07-14,0.0033807309540911934,0.010755182911599048,-0.004155428516956716,0.0014924625767445132,0.0023418538207897743
2021-07-15,0.002159910963678957,0.00017547964957964624,-0.010791587175732364,-0.0034154229425465976,-0.005451708839222191
2021-07-16,-0.0008620713671275704,-0.00970365108457183,-0.0008725104767962621,-0.00784369273928176,-0.0072826101220129225
2021-07-19,0.00526325002184147,0.0011805498135817327,-0.023147505236073784,-0.014767970019555321,-0.01538223910869696
2021-07-20,-0.0009442045602422455,-0.001297100524211059,0.005514062961050614,0.01433025258385956,0.012738358547761175
2021-07-21,-0.0032649223516695303,-0.0037192566567244567,0.016155391923228457,0.008096498365012916,0.010916965692810754
2021-07-22,0.0023275790299852606,0.001955450591350383,-0.0036466941310324685,0.002093846648613118,0.001564936937421102
2021-07-23,-0.0006880143849272713,-0.0031344183025339145,0.008783812391917722,0.010288169523587465,0.009375724376096572
2021-07-26,-0.0008603590457970656,-0.0023730060647713103,-0.0002902502105889271,0.002454950212612106,0.000619357460564185
2021-07-27,0.0023249233452549145,0.0016650735799190741,-0.005370788463593623,-0.004557600059822309,-0.003481146577829386
2021-07-28,0.0009454910305621844,0.005046252863966982,0.004232091450441677,-0.000410334997581252,0.0017854226030964426
2021-07-29,-0.0016310458158503849,0.011105233370970247,0.009591645279475758,0.004147744035441603,0.005191858240041647
2021-07-30,0.0013753702593375383,-0.007886842666167015,-0.006045681218691645,-0.004856491563494658,-0.006860950054650927
2021-08-02,0.0021241593410865622,-0.0012366429443513294,0.006517079239090284,-0.0020980209755931956,0.0015523038153186786
2021-08-03,0.0003432001188201639,-0.0007074766626713469,0.00359701976302107,0.008135507169542144,0.006587737841928787
2021-08-04,-8.580903813681928e-05,0.0002359625041987723,0.0017205285194301645,-0.004919007609699322,-0.0031567316936319534
2021-08-05,-0.0022303805903599594,-0.0039520921003340925,0.0015743109971779745,0.006332845712643476,0.006101819234888284
2021-08-06,-0.004470809684280375,-0.024991124040327772,-0.0005717993022895662,0.0016524835333715515,-0.0016122600970157608
2021-08-09,-0.0018135874838233201,-0.017735654639032372,0.0014299663989369993,-0.0008136992507945529,0.00015398998785798312
2021-08-10,-0.0012978064945233792,0.00030919522248562537,0.003569462075971419,0.0012441045168911646,0.00115309699742272
2021-08-11,0.0009529925846429865,0.01378497662510525,0.008678262795498659,0.002484896008551507,0.0036094125934256205
2021-08-12,8.681416229916472e-05,0.0002438615008097944,-0.0001410086664702659,0.002996939636962015,0.0020658416438201765
2021-08-13,0.003634552326436946,0.014325811995228088,0.003385461569201942,0.0018199183827969367,0.003054301708656615
2021-08-16,0.0005173304142902513,0.004988291568599701,-0.008716503536684628,0.00235458845629255,-0.0003044058728213228
2021-08-17,-0.0007755557557299619,-0.0014950364679763295,0.003545495934959453,-0.006555313631962267,-0.007615041399295364
2021-08-18,8.636001208262023e-05,0.0007786122169375354,-0.001836912707716687,-0.010945087784833718,-0.008210626731648518
2021-08-19,0.0017249637891345593,-0.002932408589264246,-0.013025591043866247,0.0015484394567384374,-0.003713716981260995
2021-08-20,8.574080946877061e-05,0.0005401616803368814,0.004447029144540204,0.007957157013328331,0.007222159683450746
2021-08-23,0.0,0.012177557387281546,0.00257049137036236,0.00879651297452888,0.009483338458969204
2021-08-24,-0.0014634107192905699,-0.00047414113127741686,0.0017094124298715485,0.0015874108623610272,0.0019858301620598873
2021-08-25,-0.0018966284187921234,-0.006937433805443538,0.003981677500991765,0.00209825109783357,0.0016005793975348848
2021-08-26,8.640939688264737e-05,0.0011344784228162208,-0.0022660724505731977,-0.005902980934090252,-0.005327178549155653
2021-08-27,0.0027634682106703057,0.015029547921398434,0.003265159719731292,0.008940706886116478,0.00864592392728869
2021-08-31,-0.0003438832026257943,-0.0029378929010365207,-0.004386706442563559,0.0029094925894237456,0.001441336424064188
2021-09-01,0.0003187458882398797,5.8898619200498104e-05,0.004406034422149263,0.0005316185021171371,0.0032568163447836973
2021-09-02,0.0010353817188339942,-0.0026517204262498373,0.0038204900091005634,0.0030765743973795168,0.003171080345565569
2021-09-03,-0.0017236199644354855,0.01069422486613747,-0.0033832481164407513,-0.00024280609490845428,0.001354756200109497
2021-09-07,-0.0026756172230940622,-0.01958371853465668,0.001273446631221642,-0.003575521450029817,-0.0025553908435147488
2021-09-08,0.0016443838936834876,-0.0025044029033459703,-0.007769771321630703,-0.0012182487941188036,-0.0031648671875427192
2021-09-09,0.003196589726796484,0.004423489287242344,-0.009111616122265853,-0.004280150852018494,-0.003401552413809239
2021-09-10,-0.0019806126623211906,-0.005058656845151166,0.0,-0.007884467515361093,-0.005688708463130188
2021-09-13,0.0012945494816394287,0.0033497597913456634,0.005028627896558779,0.0025592950261537073,0.003432690037699082
2021-09-14,0.0022410464224034143,0.006438546534438316,-0.004145750046745222,-0.005396597136554937,-0.004789401088901912
2021-09-15,-0.0009459735121258861,-0.005864266379652205,-0.003014683414790831,0.008352407969246523,0.006034700362601564
2021-09-16,-0.0017216084279296773,-0.02264197706190263,-0.010533376029030705,-0.0015850679628326425,-0.0014427592265636724
2021-09-17,-0.0008623659205461154,-0.0015850424237688898,-0.009605490529672744,-0.009741059158730692,-0.0102653081695252
2021-09-20,0.001899105171059956,0.0071441542310690664,-0.008229150110899863,-0.016674119072535354,-0.01690225954546276
2021-09-21,0.0004303130359637475,0.006669036185550814,0.010668267818781052,-0.0009446223490283678,0.001719298671164271
2021-09-22,0.0003442719111499404,-0.0037340107339023376,0.015246921027614269,0.009754489472292516,0.008815771568545738
2021-09-23,-0.004905977622245761,-0.011546389089901132,-0.0010107195602839791,0.012150140093001971,0.011599956283673052
2021-09-24,-0.0017299476199981179,-0.00128427290155253,-0.003613920327603659,0.0016474368997223543,-0.00175800880670407
2021-09-27,-0.0013861857934143185,0.00208203509820426,0.0020311783211361956,-0.0028608958235496473,-0.002067961148477071
2021-09-28,-0.0041651842323195964,-0.009716428402719801,-0.005646559873893842,-0.02015203846903857,-0.021333711564347824
2021-09-29,0.0006970749291597134,-0.004504756024632184,0.010774609257395484,0.0016831444070213308,-7.838696075956886e-05
2021-09-30,-0.000174342177815201,0.01797665363761114,-0.0023045713864480177,-0.012222279408960812,-0.008312388046261887
2021-10-01,0.003052884233133213,0.0022530453929923144,-0.0075080626068239065,0.011884089869509395,0.00814484712467789
2021-10-04,-0.0006956005731107995,0.0046783175745395145,-0.002618656715024037,-0.012895875541444335,-0.011608729853945343
2021-10-05,-0.0023495485597476717,-0.004656532835140448,0.01021025391468866,0.01040496514011302,0.00801526852577683
2021-10-06,0.0004361262850232084,0.0026733243283083574,-0.01169530399386598,0.004156055709768847,0.001968127051946711
2021-10-07,-0.0027897576896178666,-0.005271739220885419,0.011687397031101554,0.00864562027434701,0.008407263381577712
2021-10-08,-0.0021858567349679614,0.00042636491147840516,0.00259937153161105,-0.0018240121708645862,-0.0010909415318759441
2021-10-11,-0.0015771298398118416,-0.0018875818465466931,0.0067692694609893245,-0.007239656075824552,-0.00530406641013359
2021-10-12,0.003686044011047107,0.004514430828637339,-0.0020029042505234074,-0.0024612414927084325,-0.001725295668564053
2021-10-13,0.0022733301947055473,0.017794197805277356,0.0015770378244555072,0.0035974252442319,0.0056560687653663955
2021-10-14,0.0019192120635385113,0.0024464685904206362,0.00958908532758107,0.016820673495575367,0.01593502032903804
2021-10-15,-0.002438053618971203,-0.015892846243722114,0.004252799352931769,0.007615583845491436,0.007227324784182976
2021-10-18,-0.0006982892148248432,-0.0024799108302698825,-0.004658294498389726,0.0029609570778021954,0.0014503425911351897
2021-10-19,-0.0028824557989488575,0.003213671993580469,0.0018438054674243531,0.007714539476695981,0.007012673377224443
2021-10-20,-0.000700405760941103,0.008763958748792211,0.0002829339340175707,0.003927845174300337,0.003103696880331963
2021-10-21,-0.002103943438805711,-0.0008987052245035265,-0.003962636980591183,0.002608294397767885,0.0009807836788626734
2021-10-22,0.0019322165891308973,0.006116967151190034,0.0018472113658400957,-0.0010362264508910757,0.000678688231187552
2021-10-25,0.0009646761028683226,0.006914158513320778,0.0025530081065356924,0.005362778200538987,0.0027872891653928367
2021-10-26,0.0018393528997127095,-0.00739951491266011,0.006648611720020403,0.0009000911022514213,0.0013521273851222482
2021-10-27,0.003322461607843996,0.002624060476058121,-0.002810640274903742,-0.004430093627942,-0.004951394901876016
2021-10-28,-0.0007842745744428559,-0.00023788536339730548,-0.0002818303758519436,0.009648812230504511,0.009273773879501013
2021-10-29,-0.00026139624092880176,-0.008507900517562339,-0.0009866413008151609,0.0020289786527243336,-0.00014929870310553817
2021-11-01,-0.0006120329370541411,0.005220584505493342,0.006631811975496227,0.0017202644358200736,0.004258948142439989
2021-11-02,0.002010547672405938,-0.0021490007233168074,-0.0018221823577575513,0.004043139556906716,0.0020828567208426296
2021-11-03,-0.0020065134813962437,-0.008315382622616663,-0.004212871047406863,0.006105221027293828,0.006904726722426258
2021-11-04,0.0033217913726248938,0.011340951773961994,0.005358724397521719,0.004712601156652285,0.00221230494650948
2021-11-05,0.003921251547622129,0.0130629437586407,0.003507044061759501,0.003469546904583787,0.0032369765261808237
2021-11-08,-0.0018224394311677772,0.003591619309376348,-0.0002797163353314147,0.0008538285886485752,0.0006601623872344309
2021-11-09,0.0027821355862063246,0.0049281100201232775,-0.003915072722232127,-0.0033054422114333626,-0.003004918216858443
2021-11-10,-0.006763201825513598,0.010858781500706183,0.007580027203752504,-0.008044803319036786,-0.009849939605208746
2021-11-11,-0.001833254750435498,0.005602086369596027,0.007801613438461086,0.0003234274577204044,0.0021530163923897394
2021-11-12,-0.00017496094983970867,0.0018952552280546708,-0.004838241018878864,0.007546680399643124,0.007704169292124474
2021-11-15,-0.0036738862785850035,-0.0015477459282561279,0.0006947074839869227,0.0003425638908125528,-0.0008084988319458919
2021-11-16,-0.0003515086906548115,-0.007233864736584827,-0.0026376314190370564,0.003957632436584646,0.0024278234949544064
2021-11-17,0.0023716175767245495,0.009137183945092442,-0.005427830413975099,-0.00242894380512515,-0.002642296371962005
2021-11-18,0.000876101733502388,-0.0032091550635745536,-0.003778387745299594,0.003396258685492315,0.0024284206372502393
2021-11-19,0.001926033502062774,-0.007646325240812324,-0.004214140770113617,-0.001788175453361407,-0.004404696630117666
2021-11-22,-0.004805554700129333,-0.022420457120115533,0.003949952491728359,-0.002815241914222888,-0.0051612941710031945
2021-11-23,-0.0039510454230388126,-0.008652404091134991,0.0018265346989190245,0.00132607853517408,7.39710860546694e-05
2021-11-24,0.0022918640948186297,-0.0009565020521100642,0.003085522030574106,0.0026697783028721833,0.0007412468057590438
2021-11-26,0.0071234520073124585,-0.001615539860939763,-0.032438477886609585,-0.022303150934274374,-0.022439608770238095
2021-11-29,0.0005241358031424781,-0.0013785494630753625,0.009248298744540584,0.01226669223379906,0.008788159863999168
2021-11-30,0.0016577906699746237,-0.006721853018899604,-0.008447632609132949,-0.019457608633516088,-0.015470256404756522
2021-12-01,0.00019234245353239032,0.003987937535404162,0.016028839763162495,-0.01110742769530182,-0.011822899495185224
2021-12-02,-0.00017466062244009262,-0.005536820827328315,-0.005827355533511214,0.015316443231126575,0.014202893988754628
2021-12-03,0.004013620155391973,0.008412002804647267,-0.00014290616422896196,-0.008701291613206097,-0.007534963970632136
2021-12-06,-0.0034762164938043627,-0.002460563224478851,0.015013061392258775,0.011843295345892457,0.010352816176170787
2021-12-07,-0.001569532772806248,0.003549490636251651,0.01493181571554314,0.02068486826105853,0.020872848273656652
2021-12-08,-0.002620389258941147,0.0005395140531609943,-0.0012491773130867134,0.0026480662353658424,0.0034202925697937037
2021-12-09,8.754978125824486e-05,-0.006111378376110088,-0.0013896541455339362,-0.006751756723248348,-0.008595350769471821
2021-12-10,0.0002627043741720847,0.004219899491422874,-0.003896803661281867,0.009413616424862381,0.005829826181190212
2021-12-13,0.003501857051315227,0.00252130006200435,-0.008801232831992856,-0.008858429069752205,-0.008718497742567943
2021-12-14,-0.0019197899657433792,-0.009341302746070368,-0.001691306819102345,-0.006880112028364804,-0.008002648367355758
2021-12-15,-0.0007862774645137627,0.004291534360497673,-0.006211820810842705,0.015625110852070856,0.015220904752310638
2021-12-16,0.0013746521378736887,0.012097561477355745,0.005040543140411691,-0.008818460837475728,-0.004797677011302515
2021-12-17,0.001224334889605938,-0.002140821851282393,0.0009897955047746265,-0.01064296183411706,-0.010620466121315064
2021-12-20,-0.0014848965936389291,-0.0042312675861405635,-0.009320847863118042,-0.0106333233841569,-0.008374665961539351
2021-12-21,-0.0007871900181409819,-0.0004188884251822289,0.013114912967116643,0.017758888836374664,0.01612281764569179
2021-12-22,0.0008754658411711524,0.009400024100517657,0.005909475384167973,0.009998891930437903,0.008840203476963904
2021-12-23,-0.001224237568414721,0.0022540179789249937,0.005315571377103145,0.006221914991133337,0.007189894111966355
2021-12-29,-0.0028899080423575585,-0.0022489488078782927,0.005843781122627956,0.014619744394659628,0.010633526399234094
2021-12-30,0.002195776152151163,0.0071772153754725565,-0.0011065899397146861,-0.0027645618211288303,-0.001420953877255604
2021-12-31,-0.00035083523824075424,0.00683158799329231,-0.0030466840451660593,-0.0025201990902108395,-0.0023590647252303976
2022-01-04,-0.006924912621275925,-0.008130552965962656,0.015835361831266548,0.005453092546400029,0.00539457279849298
2022-01-05,-0.003089353257409555,-0.00300766493835114,0.0023247757442852457,-0.019202193123681988,-0.016758539355210655
2022-01-06,-0.0010625567896882515,-0.012244126909514819,-0.008458423447952446,-0.0009394015376520404,-0.0018688941283325766
2022-01-07,-0.0029248631593713492,0.004551137683908024,0.003990273550503964,-0.003953479812882854,-0.0024714930722546935
2022-01-10,-0.0008889269407927891,0.0030402057039400354,-0.004385445321596793,-0.00124435440816828,-0.004129422310787612
2022-01-11,0.0018683757739195173,0.0120646549718888,0.0061940495318635325,0.009108022213641487,0.010404313627305761
2022-01-12,0.0,0.002642622730480104,0.00779753701333652,0.0027038641485193082,0.004402187928107981
2022-01-13,0.0017763543684277128,-0.0033969884760131075,0.0010856950568636226,-0.013778612742276541,-0.012109096089504945
2022-01-14,-0.005585069508970419,-0.0028796749096049457,-0.0016269836401394677,0.00040893964261723426,0.00015042929638275915
2022-01-18,-0.0060623278018308024,-0.001650255097062403,0.003123764665324602,-0.017709682066159638,-0.017970024849744193
2022-01-19,0.0021525122942533947,0.015880526897095182,0.0036554468790639394,-0.010383590482513916,-0.00719696496931399
2022-01-20,0.0005373506501784586,-0.0024988838330701757,-0.0010790406335825509,-0.011067913110585637,-0.00933132888648014
2022-01-21,0.003935800978894122,-0.0032624385581478954,-0.011748687430557236,-0.01963052262949616,-0.017670974579959475
2022-01-24,-0.001158424872110042,0.005494198734739664,-0.02637350299026009,0.004246502729820634,-0.0007132262474789375
2022-01-25,-0.0009811897733933428,0.0031971345443269072,0.010806984426616317,-0.012208835791505224,-0.009912651063794908
2022-01-26,-0.005625942204040779,-0.016166464916677392,0.013885123233832397,-0.002508884263156319,-0.003444180756338011
2022-01-27,0.0033228213103702053,-0.012898211138547944,0.010545190678216132,-0.004937887984931555,-0.005304644404805048
2022-01-28,0.0007159629789701416,-0.0029832934474428585,-0.011790413816101575,0.024835424286748342,0.017614831658470997
2022-01-31,-8.892383216019262e-05,0.005924537392067553,0.0012342734307175807,0.018010937736217425,0.01889784737115563
2022-02-01,-0.0003495964831756737,0.0008328835308379912,0.008491937164655683,0.006756951106217324,0.008182617316547347
2022-02-02,0.001074881385533022,0.0036259919505645666,0.006654958845633496,0.009714099253073982,0.008348145945557217
2022-02-03,-0.004027511476374923,-0.0014214062993387344,-0.006745655212095802,-0.02350501722143461,-0.021540766039449766
2022-02-04,-0.00629131976166486,0.0015420788696549614,-0.0013585593557572384,0.004702247060859532,0.004543996245842674
2022-02-07,0.000904507569905233,0.007402581993851909,0.007481160517447183,-0.003209189310508953,-0.0012479186980297596
2022-02-08,-0.0030722414038198975,0.003056870675416823,-0.0009452139875493204,0.008227955774710471,0.007184194337478189
2022-02-09,0.0006349031416226225,0.0033991784238243117,0.010405290737862893,0.014635915341864925,0.0152737598965631
2022-02-10,-0.009239502969132896,-0.0037965605384254753,0.00401242098295107,-0.01796554733183575,-0.015578583596568163
2022-02-11,0.006582460834666737,0.019054878321533186,-0.0014651432955096189,-0.019718695383648788,-0.017609099955117613
2022-02-14,-0.00581293028843044,0.005350715998122091,-0.01640911762273567,-0.0032693729437095476,-0.004185106145158879
2022-02-15,-0.0016441690989915658,-0.009499848975192515,0.009494404549990954,0.0161269148273393,0.01736583400043812
2022-02-16,0.0011894472022979663,0.010284254451501385,-0.0014779878863147022,0.0011206780662129656,0.0017925290199753974
2022-02-17,0.002102131450481215,0.013668073780773726,-0.006996737427844124,-0.021361425001345302,-0.01937285600075056
2022-02-18,0.002098046036545398,-0.0007334549100845855,-0.0024388629552200003,-0.006474960500388538,-0.007457914937264443
2022-02-22,-0.0010924534876035619,0.0020890378623359407,-0.002037755992110424,-0.010731692305669838,-0.011910352741312802
2022-02-23,-0.004464731504253083,0.0045072272703239324,-0.00013605013102002683,-0.017738735377157533,-0.014481204328940178
2022-02-24,0.001830460668239775,-0.006450131470019049,-0.03512118930818375,0.015049221046925743,0.004925365376159396
2022-02-25,0.0010048692512851787,-0.003330678220184624,0.038233814140409716,0.022064069282164978,0.023362153664372665
2022-02-28,0.007210435930986359,0.010365345791119474,-0.00543545624170283,-0.0025586947944779004,-0.00558738412852311
2022-03-01,0.0056350138559841945,0.018163415997793697,-0.01612267863431427,-0.01523021029786309,-0.01621450660206958
2022-03-02,-0.012001590227723846,-0.010406339832951472,0.013887051786368287,0.01839609828923372,0.016481750047020682
2022-03-03,0.003379265940236964,0.005953415398956663,-0.024791191241750887,-0.0049783575915898215,-0.010756234666898123
2022-03-04,0.00400538208827772,0.015929145881701023,-0.03511237583095983,-0.008124714433550007,-0.013388522391662883
2022-03-07,-0.005802453459915369,0.014862865283030269,-0.004512168349397161,-0.029479056907933288,-0.029936662843566997
2022-03-08,-0.0035562928212984346,0.027358997610294145,0.002193232204783513,-0.0075816503415087055,-0.0033912663674786625
2022-03-09,-0.0021050027279100325,-0.029711176156992036,0.03414052760176611,0.026810690116345626,0.030795500546658028
2022-03-10,-0.0055941428523405,0.0031212277978962533,-0.010157945788753397,-0.004515507758432236,-0.006107221051831702
2022-03-11,-0.00018425176960690237,-0.007027884128157469,0.006271235783739337,-0.0127150269297015,-0.012704420509013437
2022-03-14,-0.009685848100751793,-0.015073711931138378,0.006090658291780571,-0.0073083555454941385,-0.003953020667359586
2022-03-15,0.0022355378261564862,-0.01870545038411886,-0.0014078393680844181,0.02199019223752674,0.018914259920181697
2022-03-16,0.0007433521453446001,0.006260803404375848,0.015649505143699116,0.022174502495721837,0.026187179565856367
2022-03-17,0.0016717945032140857,0.004888644573449508,0.007694341788724746,0.012510933618602671,0.010498027526643972
2022-03-18,0.0022250921704585203,-0.008789852082788041,0.003030470949586306,0.010952794110369313,0.012866763276118354
2022-03-21,-0.009805582950650371,0.007640798069546317,0.003571171592637201,-0.0002925508990920811,-0.001025737744259847
2022-03-22,-0.002709370511641218,-0.007250775291250955,0.005747888526903555,0.011701531423173206,0.01161043719102861
2022-03-23,0.004121822228541072,0.013659661796972422,-0.002857602743059018,-0.012878538183721533,-0.012414096218119841
2022-03-24,-0.002238917317876399,0.007260367097212672,0.0017740498205511823,0.015074351047100087,0.01233305131857021
2022-03-25,-0.007947983714164386,-0.004095451209537915,0.001770741592974634,0.004883557152569162,0.003045668068304641
2022-03-28,0.0024507189832472243,-0.018203790082975457,-0.0005437334244847714,0.007113137738056663,0.004437692733976428
2022-03-29,0.004700949986598424,0.00044678784846130526,0.008571142696763179,0.012371011627977824,0.01550273450861539
2022-03-30,0.0027140178352591526,0.008038419372069505,0.0055309515578696455,-0.006174964904782532,-0.006335376929353709
2022-03-31,-0.0004669189149788533,0.000387595883929448,-0.0076469400512114705,-0.015391364986838574,-0.015516814785654476
2022-04-01,-0.0017768112581598716,-0.006365867342034592,0.002703689513469776,0.0028341437432346517,0.005071671143350054
2022-04-04,0.0008432067192210013,0.004846769455083555,0.0022922896827100026,0.008566638596647635,0.007142363826709408
2022-04-05,-0.010108711637572432,-0.006264842571455875,0.007667429865437336,-0.012631382545144287,-0.01325836362355115
2022-04-06,-0.0025527967641949534,0.002343216670796844,-0.002803352402092396,-0.009999158385171958,-0.010936641900280986
2022-04-07,-0.0021800301675850564,0.003784886240234764,-0.004016269668894457,0.005038779448818254,0.004344095702870199
2022-04-08,-0.005035379756187175,0.006265969312183373,0.014785048171102044,-0.002674020065741689,-0.0029096705978710613
2022-04-11,-0.004296927324641486,0.004959463770487282,-0.005032949508081197,-0.017092168439738264,-0.014985434712831758
2022-04-12,0.0031648767265175515,0.007676751619003053,-0.006789166857160245,-0.003705267038602078,-0.004564030861173407
2022-04-13,0.0020073350113789523,0.004788537865617837,-0.0002680087368718276,0.011453555547129124,0.012628711608902554
2022-04-14,-0.008109383379285462,-0.003303550666205468,0.005228431949862111,-0.012451596796087316,-0.010167602505669615
2022-04-19,-0.009136901458968616,-0.01206251925070756,-0.0013336757613928718,0.01656025025901231,0.00906817430605722
2022-04-20,0.005726984190340678,0.004894947496407287,0.00414001413340781,-0.0007414206622495811,0.0014315575240322342
2022-04-21,-0.0055014952485881174,-0.0035576001936850066,0.0006649754063168256,-0.014953492137618207,-0.014930109501955169
2022-04-22,-0.0009705817822874829,-0.0097220932450649,-0.013290832655041718,-0.027439353386217946,-0.024669420297779965
2022-04-25,0.00670339147789023,-0.017970993150090764,-0.018857818071029153,0.005797751707264709,0.0023970387521830006
2022-04-26,0.0030874082096170596,0.001525017044941901,0.0005492944566580782,-0.02896079727872003,-0.02688212136687007
2022-04-27,-0.004040161197231273,-0.00755702425744631,0.003979087103238355,0.0028116257379031673,0.0037283573958655225
2022-04-28,-0.00038596719492844933,0.005398323510093839,0.012163484015897952,0.025259409930067145,0.021528256259929712
2022-04-29,-0.005991437964806945,-0.00011297696546286318,0.005535930431199487,-0.03695559951384708,-0.029586798691307648
2022-05-03,-0.0032036040394683996,-0.01594034970235403,0.001342809341349449,0.010631158787282713,0.008942202804901322
2022-05-04,0.00644793731602733,0.009822544372671826,-0.00777781721867199,0.030453047378085296,0.02582934996885
2022-05-05,-0.009901175445785615,-0.003811138551277793,0.0021626145700321953,-0.03554279115459269,-0.036451942533523685
2022-05-06,-0.004215357838373013,0.0016558743678838361,-0.016588208330379106,-0.0059691787380502515,-0.006490177290822352
2022-05-09,0.004922143934104062,-0.014479496708730832,-0.023039019909841807,-0.03201712518495736,-0.032405027104936535
2022-05-10,0.0030372965876261926,-0.008445202872691127,0.003509315698884574,0.002310441217777681,0.002309709651158842
2022-05-11,0.0037117633762080438,0.008167128516088473,0.013848107435578516,-0.015886111161297123,-0.013205648696246075
2022-05-12,0.001848846390789527,-0.015333925720196762,-0.014624764557459091,-0.0010440523060161189,-0.0003592597791791663
2022-05-13,-0.004273818616030711,-0.00810956630229509,0.025343064738771348,0.023908007594060976,0.025696269060472954
2022-05-16,0.0022434264395003733,0.009538483763206873,0.006418271450182811,-0.004057524578399585,-0.0029782391570890576
2022-05-17,-0.0054504931619989705,-0.006279296383541522,0.006784275371689352,0.020570293372055737,0.020295176925797298
2022-05-18,0.004012440166201392,0.0005314848929158789,-0.008895052941408133,-0.04031152840883756,-0.03521922608246353
2022-05-19,0.002534433798383473,0.014697234801531733,-0.01686155504600584,-0.006124490743128264,-0.0004462142236248967
2022-05-20,0.003014089721164348,0.0006980112537449124,0.01120339468726983,0.0004366072651649233,0.0029467089317209982
2022-05-23,-0.003295828028662129,0.004650369455528214,0.01655033888255586,0.018709738399750542,0.017183060400019823
2022-05-24,0.007683430481095099,0.007521859850632806,-0.0037675039683695566,-0.007633675465256284,-0.0071773477361631866
2022-05-25,0.004150111317689831,-0.006029994959596108,0.005672668882341858,0.008834969236569679,0.007405590724498534
2022-05-26,-0.0007690096263101021,-0.0018488983177334939,0.0053719583642029,0.019981304803630362,0.017502399366400967
2022-05-27,0.0016351052632519458,0.00052102106703944,0.0030723387436590865,0.02454928676126733,0.020641531229493415
2022-05-31,-0.00633833760153979,-0.009893009276743081,0.0018643947335834632,-0.005611033732697335,-0.006151389780035377
2022-06-01,-0.004105027767696057,0.006369033199590923,-0.008773026115848181,-0.008088544184981283,-0.00788537924416488
2022-06-06,-0.0065136624481934025,-0.0023804703796712623,0.009521341572636288,0.005371208692072971,0.007007909968088866
2022-06-07,0.0038161949351294133,0.006518420844169315,-0.0011955085194802484,0.009592198098473448,0.008317028875558075
2022-06-08,-0.004094289962950692,-0.0009251975242893229,-0.0015959734962706085,-0.01087220020079438,-0.011446843764944425
2022-06-09,-0.0010765104706504935,-0.0031832564859568535,-0.015319045741829074,-0.023782885811027166,-0.023298832714894413
2022-06-10,-0.007741333443863629,0.013412283666592417,-0.020562681598027877,-0.028995551828363886,-0.028400714041798447
2022-06-13,-0.016393729977775218,-0.026412288230091452,-0.014502870016670166,-0.03796812850789466,-0.03846156107608234
2022-06-14,-0.005923596317709778,-0.008003209616781914,-0.003643989328237396,-0.0030132955587861554,-0.004988136188393777
2022-06-15,0.011110360932656382,0.013050939388113303,0.011956641566811532,0.014256180389406348,0.016553095460654754
2022-06-16,0.0023973428641339556,0.011243181594596585,-0.043247137888974385,-0.0330960657765389,-0.029961848011412773
2022-06-17,-9.996571598336335e-05,-0.008222816311715064,-0.004214003448047121,0.0021557038097357317,0.0008632495405052065
2022-06-21,-0.003986267420943546,-0.0037367862070599722,0.019991382202187102,0.025173684670422247,0.020797570757555173
2022-06-22,0.008505261558131583,0.003985188163408093,-0.008726616670534648,-0.0018128434810509297,-0.0032860940788543846
2022-06-23,0.004166826196850826,-0.006129257292171064,-0.009958166983091599,0.009802318084155548,0.00621693107526089
2022-06-24,-0.0015807132221334896,-0.0009984622015154487,0.027113633836389317,0.031794049226276044,0.03033135005881249
2022-06-27,-0.004453313397123959,-0.0011170700540719114,0.006386589350832139,-0.003819769473503709,-0.002453111290997456
2022-06-28,0.0003978158749777805,-0.0016480211262837052,0.009166492329104159,-0.020433041627631043,-0.01694156596658536
2022-06-29,0.005762789823086978,-0.0007663579045243951,-0.0005588773867600816,-0.000814054961269628,-0.0017602617284124822
2022-06-30,0.00454494140588535,-0.006077047294322124,-0.019994350840173647,-0.008124327434265832,-0.00798237131794799
2022-07-01,0.008335048560468516,-0.0008310541616338707,0.0007132701206882253,0.010576364186104303,0.008233681324154807
2022-07-05,0.0018568562688687784,-0.02120964335120412,-0.021243070747287818,0.0018885556265091363,-0.004268734309725963
2022-07-06,-0.00672960029463443,-0.015842188833696924,0.011798794388939493,0.0033775508845168556,0.002423113050099346
2022-07-07,-0.0022588309749099755,0.000555053276362516,0.012525175264367139,0.014977121693103834,0.015340218895519397
2022-07-08,-0.003739698912164857,0.0004315313201161963,0.001848486989629139,-0.0008226718428230306,0.00036639845783947855
2022-07-11,0.004642930906514797,-0.005360507452973451,0.0,-0.011423431590202093,-0.014462346071628107
2022-07-12,0.001376856298879181,-0.0037167247224720867,0.000993455960197842,-0.008849131161816737,-0.005108207527700581
2022-07-13,0.0036324958688787046,0.004787690503602615,-0.007089157984720873,-0.0052517013312656236,-0.0032674575121347527
2022-07-14,-0.0035217264833538042,-0.014047055610919013,-0.01599307048990728,-0.0024284022872107514,-0.007305424666887106
2022-07-15,0.003927685718677187,-0.0020084561635671516,0.017268719043968428,0.01910521014708877,0.01698278557804156
2022-07-18,-0.003227680711155201,0.0009433945063559435,0.008559329881454802,-0.008257008501267982,-0.0031543226652455125
2022-07-19,-0.0013737111944316371,0.0023874693093759447,0.009476513657610708,0.027019085613427585,0.02717552412255464
2022-07-20,-0.0006875406275975715,-0.009402031234323593,-0.0028021688010589907,0.0063732809868830564,0.002718039761909097
2022-07-21,0.008356952478179469,0.014110421925231709,0.0005621975482827946,0.010183151897833032,0.010752792330510852
2022-07-22,0.007800302626989941,0.00249575020790771,0.00014034166113030544,-0.009278287596076629,-0.008224545185119836
2022-07-25,-0.003676380919796274,-0.0027385476219622396,0.004633542958047077,0.0012151999983049944,0.003425224628235579
2022-07-26,-0.00019429781283997194,-0.0011858106875901608,-0.0008386466701362227,-0.011830991326012397,-0.013294968269665364
2022-07-27,0.0034964993057853277,0.010184984698782484,0.006014733137898132,0.025966264742702805,0.02576467232279467
2022-07-28,0.007161949988687688,0.012185323455280006,-0.0002780824380146374,0.012542313993432641,0.011005798903074737
2022-07-29,9.62253733773899e-05,0.0028110896821249565,0.01098748170432029,0.01457895792552355,0.014572688981026927
2022-08-01,0.0034659822674378837,0.0056672312077465925,-0.0016507362892649313,-0.002961398128123238,-0.0016439661509097814
2022-08-02,-0.01026597958958364,-0.005938288400823777,-0.00013788005664794323,-0.006597409425226686,-0.008753679393271985
2022-08-03,0.00445930291262675,0.002438243761313297,0.004685704263692747,0.015659583546155265,0.012678179045939597
2022-08-04,0.0024127342923934147,0.016539989487255546,0.0017833209311099996,-0.0006756564657403041,0.0015541682759503406
2022-08-05,-0.011167673830135949,-0.011246066300201418,-0.001232267376995444,-0.0016902054830937319,-0.0031034431577083854
2022-08-08,0.0045759698882268385,0.008470017618367853,0.006169609067028459,-0.0011608690953271994,-0.00034595512373514214
2022-08-09,-0.0022293036533943544,0.0030595386607856767,0.0005446083275852942,-0.003971061864015968,-0.005017312524347672
2022-08-10,0.0025255123404357427,-0.0025119508170524663,0.003949445170628341,0.021004038940249048,0.022170028043779544
2022-08-11,-0.005328879771737016,-0.0026382206776995876,-0.0027129259229441427,0.0,0.0002551724928749888
2022-08-12,0.004480763362271878,0.00919802099904432,0.004896633779398751,0.016928998806866824,0.013860674069154921
2022-08-15,0.0012605890848136347,-0.012867030834262327,0.0010827374568087578,0.004120807469615517,0.0010902615449304154
2022-08-16,-0.0014526749532219885,-0.001750096754401964,0.003245277723393114,0.0019587868778621065,0.002010629870121461
2022-08-17,-0.0059167704775168195,-0.006468335614034371,-0.0026955401340322815,-0.007098174860997841,-0.007859402786974168
2022-08-18,0.002146887039544021,-0.0026164156896926194,0.005675752270106749,0.002906502716913728,8.425334426220843e-05
2022-08-19,-0.00701042287121556,-0.007320625681104476,0.0008059758348519797,-0.013437945489050307,-0.013398575013412017
2022-08-22,-0.0043139617370950845,-0.006637179344595956,-0.0018795061122109935,-0.020822635655202038,-0.02007165853180748
2022-08-23,-0.0003940901550751885,0.0069908740848763085,-0.006322450830087312,-0.0024191468698646634,0.0
2022-08-24,-0.002659705620187025,0.0029489200401788818,-0.0016244502937821093,0.0032010800600272837,0.002789097482287506
2022-08-25,0.005531462730602232,0.003062787136294043,0.001898358543529266,0.01411748005339164,0.013037871219176544
2022-08-26,-0.0018664885963838307,-0.012152705301765265,-0.007172878363336244,-0.03384892838573894,-0.031231303424386958
2022-08-30,-0.0035428125857424053,-0.0077274977896167885,-0.00817896726530054,-0.017517528887555867,-0.015676171515835113
2022-08-31,-0.005333330321183216,-0.007725314789180926,-0.011682147402841125,-0.007609042857014692,-0.007737955353520509
2022-09-01,-0.004338128560637755,-0.008790162100319021,-0.01696555904982533,0.003137879229654139,-0.002901716344376526
2022-09-02,0.002898340413876266,0.008804709144487166,0.01768282475566063,-0.01054439370284388,-0.008912247447423693
2022-09-06,-0.009366861176822172,-0.0058394619355668365,0.003891986850493412,-0.0037730441199681497,-0.004312758131488903
2022-09-07,0.006940474829044696,0.010168638866495439,-0.007892175059376005,0.017964645618288033,0.01539025870900046
2022-09-08,-0.0031963283706022416,-0.006002292729855863,0.002651652324130671,0.006536302662216054,0.005173313445197225
2022-09-09,-0.00010012306867179799,0.005283756568463582,0.012388702726949141,0.015535402656514874,0.019413157009550153
2022-09-12,-0.0015036682324854889,0.005068186218703863,0.01677419137956182,0.010747631768706745,0.011603095300113386
2022-09-13,-0.00562056824305357,-0.01301133993119441,-0.011764771034337707,-0.04348229353754096,-0.04088954638572806
2022-09-14,0.0013120342743586644,-0.003847613448870524,-0.01423067590838567,0.0038157298386944927,0.00392556412143974
2022-09-15,-0.003024035542153136,-0.018679143196684067,-0.01126164842316224,-0.011353336917183432,-0.010184636085753374
2022-09-16,-0.0007077012041484254,0.005549107201315628,-0.006037482748302403,-0.007628934942255028,-0.007717128599336376
2022-09-20,-0.005969972111643296,-0.004940894711023991,-0.006780803852594053,-0.003812565508069854,-0.006480917265743513
2022-09-21,0.003155467548186186,0.004642973675810236,0.006542507917036922,-0.017443711027332,-0.01602826273200353
2022-09-22,-0.010654289284194984,-0.0005776772692025478,-0.01130421843779883,-0.008399867328483634,-0.008334040950742416
2022-09-23,-0.0030774819289335342,-0.01727683040546535,-0.018865243159622125,-0.01675483830173774,-0.02215655879591305
2022-09-26,-0.012859715471230437,-0.011633219026207842,-0.00014555728453669037,-0.009892733521499997,-0.012110547833300789
2022-09-27,-0.004273085472598304,0.002049841746687875,-0.005682012448339657,-0.0025528780274007845,-0.0026693590960823466
2022-09-28,0.016119003802447684,0.02078665233491006,0.003370035624734813,0.01967633370312316,0.020519539257520147
2022-09-29,-0.0052535220031139085,-0.00019392836526865853,-0.01635520253461109,-0.020888742438863628,-0.017289967089005653
2022-09-30,-0.0023818888080955336,6.462244018679009e-05,0.002078460900972967,-0.015463721636925776,-0.012058949656012508
2022-10-03,0.008124902317540483,0.024309785681440932,0.0008888566959648347,0.026401220600442032,0.024512310880758337
2022-10-04,0.002682556198083441,0.014328122056449066,0.02545886494193872,0.030986768382544883,0.034081926217120806
2022-10-05,-0.0052481611556557395,-0.005538266375543777,-0.004330273727252698,-0.002328368499773359,-0.003777405575598247
2022-10-06,-0.003931782281385354,-0.00112629171222689,-0.006813514613589811,-0.010315818364732943,-0.012323367744078273
2022-10-07,-0.005296584048593456,-0.010962851258976669,-0.001459885400111216,-0.027893666687887064,-0.02533838584693393
2022-10-10,-0.004490087888123773,-0.015201476317757034,-0.003654200740631608,-0.007635396494443114,-0.0063022595779502755
2022-10-11,0.0006296061543358267,-0.002058091550185215,-0.01115021937650662,-0.006333163797062724,-0.008522489713383208
2022-10-12,0.0008385793518108642,0.00534932850905423,-0.008902117242917118,-0.003298302961687982,-0.0030984886070819506
2022-10-13,-0.0031422212247790293,-0.006923532232980256,0.004940169656163507,0.026390923997516413,0.025766910529961606
2022-10-14,-0.005463549902892217,-0.012458897998479546,0.0005957764873130156,-0.022788547851009255,-0.022969387750242043
2022-10-17,0.0021131157828824243,0.0028762090057179446,0.008485851772922048,0.025696854115355272,0.02571028348779336
2022-10-18,0.0016867986602395746,0.0021509701146735782,0.0022144946229147866,0.011749487839699979,0.010728660998630124
2022-10-19,-0.008629720879670622,-0.013398358104674823,-0.0016204044205352375,-0.007086198336319183,-0.008491822909646007
2022-10-20,-0.006051316360557557,-0.0015822103586343728,0.0025081291480926193,-0.008385514401487604,-0.006520712973861809
2022-10-21,0.001494975859386516,0.017827646105301076,0.003973591299418988,0.02430169511959379,0.021551833189515923
2022-10-24,-0.0013859594969102274,-0.003243594030472474,0.006009854749898569,0.012236440461487197,0.007575734565413272
2022-10-25,0.009824733806651276,0.002277944142005106,-0.00043688821957543755,0.0159684910604021,0.01893973942727678
2022-10-26,0.004441744579860796,0.006363608620383543,0.005539216808643221,-0.007534187468909548,-0.0024285451380623435
2022-10-27,0.0050535418096882,-0.001548523944967184,0.003044472044318347,-0.00533981780346604,-0.005149819427051616
2022-10-28,-0.002513882425407843,-0.010210687443231947,-0.003758044308265429,0.023790580584941434,0.019105926769225956
2022-10-31,-0.003360934625216805,-0.008161399648159207,0.006818812744918468,-0.007223433321107864,-0.007942413024078276
2022-11-01,0.001858897177424712,0.010203429757038585,0.012535876074565078,-0.004375739435459214,0.00018621417805864127
2022-11-02,-0.001686645343955906,-0.006972548399621914,-0.005976990820559025,-0.025096143110544866,-0.022989503194758787
2022-11-03,-0.0036960297284652777,-0.003806036048150885,0.0060129300482620884,-0.010297022894456331,-0.009812274410686328
2022-11-04,-0.00010616464561663541,0.030696289684813083,0.021630997831838306,0.014393288300025064,0.020973476607513586
2022-11-07,-0.003179440636358777,-0.003962389674382338,-0.005989971282428952,0.009565695511989825,0.007632875640897652
2022-11-08,0.004253147408084912,0.023099074133724695,0.001121349874692923,0.0053952366309353295,0.0072009971464421785
2022-11-09,0.0011648471598544319,-0.0050172660211307285,-0.0018199707268222731,-0.020601965570000824,-0.018941448809012607
2022-11-10,0.02147024290504307,0.030444387121793204,0.01318194966114361,0.05495405804924891,0.055176880915259297
2022-11-11,-0.0007249072145915081,0.006606324071935177,-0.008304283019128111,0.009678641545827205,0.013723200732059349
2022-11-14,-0.002797762659305425,0.002187655661719301,0.008373821603676612,-0.008506785990594956,-0.00999817694970273
2022-11-15,0.007377582785173864,0.0035168677995043307,-0.0016607550958485096,0.008529055770629679,0.008669240986854954
2022-11-16,0.006188322218286357,-0.0022961020109516506,-0.002495657975387089,-0.007628991115669392,-0.006468230178496959
2022-11-17,-0.004202438887585647,-0.007267423593311895,0.0005559498783791472,-0.0030597483608723053,-0.002586289752670612
2022-11-18,-0.0014409164855098133,-0.006893636502166456,0.00472290579597634,0.0045405172237116265,0.0037553710011000163
2022-11-21,-0.0006188644072409044,-0.005589952950737276,-0.0005528600728308408,-0.0036361543180880584,-0.005968316658055195
2022-11-22,0.005157571835160413,0.00117372396636517,0.009544753682657836,0.01345719582870486,0.014248596814010916
2022-11-23,0.005952235721307986,0.006231840940288613,0.0020552414603050018,0.006301388600142177,0.0076868883888547845
2022-11-25,0.00020429025588097893,0.000858470616118101,0.004239026859900852,-0.00022356636475118208,0.0013151690137094274
2022-11-28,-0.0016318485775752567,-0.007903495498554403,-0.0012254876464670161,-0.015957250545234225,-0.0147985308285421
2022-11-29,-0.003575949935093581,0.004940425418036076,0.005044362409872161,-0.0017175194024704465,-0.0008888044493783331
2022-11-30,0.007792440800983735,0.012781920270785507,0.007596423090340698,0.031500710685380406,0.026954956272350117
2022-12-01,0.008320877050373543,0.01838479961277617,-0.0017502221100312854,-0.000735894548363869,0.0032917048180289843
2022-12-02,0.004146786725343743,-0.0034556830535615868,0.0,-0.0011537268865036143,-0.001122431492200704
2022-12-05,-0.007856018661645314,-0.017158885635801036,0.0016184475991736225,-0.017988954640019594,-0.017806251556248154
2022-12-06,0.0029440165035596877,0.0027373742314797944,-0.007943878705589547,-0.014415034926683168,-0.011616679937964558
2022-12-07,0.008906832634743456,0.009039101712364994,-0.003528949011232352,-0.0017012710644948026,-0.0012464554082511903
2022-12-08,-0.003009280056997632,0.0008416965556858891,-0.002179191670474978,0.007834111003246491,0.0072211884276502936
2022-12-09,-0.0059371320881802525,0.003544160110315664,0.0008190545900967905,-0.007470180451478292,-0.0051336635154424215
2022-12-12,0.0002023201138501296,-0.008260534556326027,-0.004364493925009594,0.014417067903949476,0.010142344267446424
2022-12-13,0.006679714203864595,0.017081132038632596,0.00821921546988058,0.00756996564374246,0.010194226633456038
2022-12-14,0.002211534221401079,-0.0024330212847030186,-0.0012230724153700079,-0.006393530088300681,-0.004654818766611446
2022-12-15,0.0014676620549349817,-0.01635930934057528,-0.014760938199156026,-0.024461557147516633,-0.025588948459651317
2022-12-16,-0.0026099340834419005,0.008708721678036602,-0.01242739561047601,-0.011806360966733709,-0.010504448308941705
2022-12-19,-0.006139936428756876,-0.0028178306902848504,0.0034954040311774293,-0.008479765303586073,-0.007138326406318285
2022-12-20,-0.006785521530236149,0.016594482836064905,0.0016720042908759947,0.001368453214504406,0.002488721610069966
2022-12-21,0.0027531215929210706,-0.0016560135809358112,0.015996684695406493,0.014952569652629144,0.013791865768019163
2022-12-22,-0.0003052394754092802,-0.012085358459954287,-0.003012264926700592,-0.014266141660710052,-0.012425186928027743
2022-12-23,-0.0034580474232090985,0.002998321039039853,0.0,0.005752208791338642,0.005050893570367032
2022-12-28,-0.008982619836203631,0.0038862201161131704,0.0032959594326928965,-0.016322501176502358,-0.014345677371656484
2022-12-29,0.003707702161129589,0.005598251568726287,0.002326710428273371,0.018000443668730215,0.017335677363333968
2022-12-30,-0.004720317041309707,0.0046786689817972515,-0.007783513362216721,-0.0026340865414707926,-0.004465038083997119
2023-01-03,0.005877045469999453,0.008370656531798915,0.013624906357417643,-0.004209929474814134,-0.001373258917050757
2023-01-04,0.005535295254987194,0.0094119059589024,0.0043450597255902945,0.007720202438144863,0.009807596128039053
2023-01-05,-0.0008156970733264046,-0.012451461859522062,0.005677883057172206,-0.011413284932590972,-0.011709181821587977
2023-01-06,0.010916203007645509,0.01870749684189077,0.009275421705671416,0.022932113742072824,0.023604079086974705
2023-01-09,0.0025229168089848653,0.0022451175785793698,0.0026638471089970306,-0.0005670503529199289,0.0011664618034215035
2023-01-10,-0.00382525650238863,0.0036760446135073455,-0.003187929024863867,0.007012867044272841,0.005466987274043156
2023-01-11,0.006164046330797035,-0.000686793935011365,0.00426449164888032,0.012647838739545447,0.0108743799424591
2023-01-12,0.0072309703040964735,0.011568000967502767,0.009288537036562516,0.0036408240968506256,0.007759454631588003
2023-01-13,-0.0036890806751617156,0.012001783992939385,0.0061792657980968,0.003879513184290584,0.004462292926414202
2023-01-17,-0.001801344926423698,-0.00654507834469964,0.0007840845607129943,-0.0018319872143727212,-8.701222764084804e-05
2023-01-18,0.009925930190665788,-0.0028717524486322477,-0.002089014636347808,-0.015787825439754988,-0.01149939609382944
2023-01-19,-0.0022834347502214136,0.015868520044824974,-0.01033612702236486,-0.007279808339251348,-0.006345275314935117
2023-01-20,-0.004079523083129755,-0.003335405556458948,0.0021151704663384674,0.018628785950780324,0.01605315313015576
2023-01-23,-0.0024977968030912567,0.0018964337632443318,0.0019789682420987553,0.011998578177999208,0.009951013426971356
2023-01-24,0.004406795849482892,0.003618515163479552,-0.0034233240979889556,-0.001073161475072415,-0.0009506649289025004
2023-01-25,0.0011969904834223666,0.004603959599926544,-0.0021140155443887254,0.00037474599574460754,0.0019899053975398484
2023-01-26,-0.0016933336383759823,-0.009055266877154966,0.0027804273899769694,0.01099055721209874,0.0082887282692794
2023-01-27,-0.0014967237358057828,-0.0013929904624704337,0.0002639262233012918,0.0022975584626789836,0.0014557158212962218
2023-01-30,-0.002697741186199365,-0.002566715270248765,0.0019800133678731235,-0.012546751360647534,-0.011286872186347496
2023-01-31,0.0041078999316135345,0.0036362115419990015,-0.0013173199354148402,0.01470332345925307,0.011934743090521893
2023-02-01,0.007051589856788221,0.012596814339808304,-0.0013190575562296303,0.010627730513844913,0.010511730457849477
2023-02-02,0.0010926814566740717,-0.02075193653580043,0.00713262547355642,0.01455698154674745,0.010064255830910751
2023-02-03,-0.00962421870283936,-0.024957770292002968,0.011016127985175928,-0.01062920143034718,-0.010550056316245837
2023-02-06,-0.005509695528587266,0.0020754098721176284,-0.00895055927221644,-0.006111141426232258,-0.007362093361842348
2023-02-07,-0.0017125319269127859,0.000920425708082595,0.0031414348805578474,0.013078688470970379,0.011508940771798537
2023-02-08,0.0014126985572782136,0.002471594120761589,0.002609624440380376,-0.010934801833093033,-0.00943967895456388
2023-02-09,-0.00392977292099328,-0.007912418174625069,0.0036440602748040174,-0.008669123729276085,-0.0060410219593267644
2023-02-10,-0.004350226941448487,0.0019071943211166342,-0.004019911832791823,0.0023335087672395893,8.564568043833987e-05
2023-02-13,0.0030481018766586043,-0.005076170279846859,0.008462449026160446,0.011739091835972548,0.011127257339847985
2023-02-14,-0.003545165850776466,0.0007537389032514774,0.0009039007613689254,-0.00046030552876108466,0.0012697562088552772
2023-02-15,-0.0019311336920316835,-0.00996466725346834,0.0050301418332101555,0.0032475224366930178,0.0014371866612719053
2023-02-16,-0.004176320979643489,-0.0008192368783922488,0.003593552358149621,-0.013768799745893068,-0.010890608012777525
2023-02-17,0.0023523191356162876,0.002986790669610162,-0.0015346797534102619,-0.00249837285259924,-0.0023899500299440213
2023-02-21,-0.009387637689987738,-0.003737004613899475,-0.0034579064075130894,-0.020060944960356153,-0.0171115151077037
2023-02-22,0.0026781094791128446,-0.005626488586046308,-0.005269417546833743,-0.0013781569835403795,-0.00226312871509482
2023-02-23,0.0035957822518315474,-0.0005304511136865475,0.0002586606101975253,0.0053194692655200715,0.0047983928032337975
2023-02-24,-0.005732265130078296,-0.00719467575637045,-0.0049084656369910995,-0.010682377041181801,-0.01319778952740902
2023-02-27,0.0019558762608020697,0.003920334893926292,0.0075285939501226196,0.003405942169356413,0.006247048519100629
2023-02-28,-0.00010291827718011959,0.00455596886271592,-0.00798756279502022,-0.003696103868382705,-0.0033226411369916553
2023-03-01,-0.005727536755150364,0.005772150633673867,0.005843905067019373,-0.003835785159625571,-0.0013160585383630297
2023-03-02,-0.002072050631307998,-0.0005855636445488699,0.005681336680389393,0.007777193029124163,0.005710223121746738
2023-03-03,0.00789082435922106,0.010723085619275707,0.00012843821329489025,0.016037915078260356,0.01563597955616758
2023-03-06,-0.0024723305452425404,-0.005043830646819902,-0.0023108064483863267,0.0006927414233075524,-0.000430115370491424
2023-03-07,-0.0013428557863726098,-0.017480480627863337,-0.0011580793213566976,-0.015328711941576367,-0.015832045888910296
2023-03-08,-0.0010334527851834086,-0.00047445044105887124,0.0018035278768651075,0.0016319020666433204,0.0023606353916134637
2023-03-09,0.003622484732892506,0.009849316056938173,-0.005400607317847639,-0.01844979628058252,-0.015700060749158973
2023-03-10,0.011654431102058105,0.021562856843419187,-0.017194350917400736,-0.01442945232930426,-0.01417802571400939
2023-03-13,0.00795216484376593,0.022948211912439564,-0.025256936931374874,-0.0014253079579886752,-0.0028765025763731744
2023-03-14,-0.005866451956930474,-0.005791064746217711,0.012415906902388585,0.016529972864427922,0.015235015359730486
2023-03-15,0.00997036691588038,0.007804133170404848,-0.038123224249861365,-0.006254148072141419,-0.014029657140320895
2023-03-16,-0.003928819668101768,0.002020092008242713,0.004633037215638236,0.017545198774913118,0.016660785595004723
2023-03-17,0.006270240299082852,0.02912021467748982,-0.00965664014979628,-0.011692762177070049,-0.011781493678007737
2023-03-20,-0.004020072778484929,0.0003808677357699519,0.009611371643363675,0.009615607246501012,0.010935863482266495
2023-03-21,-0.0030270713456059806,-0.018875115806276432,0.017108099884384664,0.01313050334322896,0.014275538815843314
2023-03-22,0.00961541495117757,0.01702060989813825,0.004205146143956506,-0.01704642638925047,-0.012938134077672081
2023-03-23,0.002405720119311283,0.012538176085624908,-0.007834730554739266,0.002703491648537115,0.0015941507534229515
2023-03-24,0.0017003553981780328,-0.011252350246951037,-0.011572509115523433,0.006561910400293192,0.0029181006289531464
2023-03-27,-0.010782767006027982,-0.009256722051406152,0.00798888330457892,0.0018697595535650535,0.004761018603079981
2023-03-28,-0.0015141032433846346,0.008189093257242153,0.0013665490340590836,-0.0022444477803631457,-0.0007897313279265905
2023-03-29,0.0012129618438210255,-0.00496077000653139,0.010644202623362409,0.014534807321999521,0.013524191122869844
2023-03-30,0.0011106147849446746,0.009039576549164652,0.00931677556756183,0.005855336362785124,0.007278358984676325
2023-03-31,0.0048411172762887755,-0.005212246135594234,0.0016054160678784513,0.014094479376745905,0.01221507667191668
2023-04-03,0.004346025033375334,0.007204410308019105,0.003873414429878652,0.003810638318031856,0.004674087562884788
2023-04-04,0.003706943467468138,0.018640958960437715,-0.005055922067333518,-0.005548031879616833,-0.0038064369265299325
2023-04-05,0.003393527273642505,-0.0007979247786651378,0.0034769241103373982,-0.002618448093366643,-0.004330573203322086
2023-04-06,-0.0008950186430716212,-0.007134091065472581,0.010527532164405606,0.003900931366962457,0.003581971089289704
2023-04-11,-0.006272892627177784,-0.001126101708838645,0.00487925089029595,0.0012952059431063923,0.0022092810081029146
2023-04-12,0.0012026881234743492,0.004885138866613126,0.0053806754718506156,-0.0040759909042351605,-0.000847913424785518
2023-04-13,-0.00040032804082723583,0.013515672558895409,0.0039159368571632935,0.013282777690855285,0.013407977095392765
2023-04-14,-0.004905723118839522,-0.017710313033589165,0.003380473186791688,-0.002442868872969073,-0.0023445182000921827
2023-04-17,-0.005029741579301361,-0.0044537552497120325,0.0011661848674229258,0.003588328458705492,0.0014268123104703712
2023-04-18,0.0014153910856209428,0.003880780603893852,0.0033656342577781384,0.0006523460338927478,0.002598186796724189
2023-04-19,-0.0015146335805836797,-0.004778520212877502,-0.001419164051438604,-0.00016894826137958674,-0.0015046607076036889
2023-04-20,0.004550706190894038,0.00393825919904689,0.0018085460947165899,-0.005457236967366108,-0.00393502301431925
2023-04-21,-0.0017113252363873954,-0.00988766926809792,0.0010314766648300555,0.0007768805174901416,0.002101363389016786
2023-04-24,0.00393250153516056,0.003039335460481629,0.0,0.0010430842465429802,0.0011742931705231996
2023-04-25,0.006227365326621159,0.005086318131183543,-0.0029627742738810303,-0.015873604171996236,-0.01566695377718752
2023-04-26,-0.003693535601457132,-0.0054373863086726315,-0.00439270626644761,-0.004235609072473112,-0.0032341924657424137
2023-04-27,-0.00360667988161234,5.410039265330013e-05,-0.0022059643350331726,0.019907993926020273,0.01767552764189606
2023-04-28,0.005128385050678919,0.0002706525128974846,0.005592352577460602,0.00853501140964541,0.005118430679845298
2023-05-02,-0.0006119759626417309,0.014718621081090122,-0.013062611861654583,-0.012237505514361202,-0.011854166554496115
2023-05-03,0.004415443687120657,0.008479075840785555,0.0022277252697990857,-0.006864054572542244,-0.004308486194870009
2023-05-04,-0.001198832085525403,0.00703295344911492,-0.010460275283859288,-0.007082850981939615,-0.004836263997177959
2023-05-05,-0.0032010386722010065,-0.015647950479605433,0.010042367372843364,0.018512370906023534,0.01756337610326142
2023-05-09,-0.006422117730583099,0.008321761990411458,-0.002354963266154475,-0.004119830851690098,-0.00368663494856436
2023-05-10,0.006463627909987668,-0.001428442843921074,-0.0024913774189583293,0.00467244633890096,0.002438713831180106
2023-05-11,0.003010832374202854,-0.008582755587748347,0.0002629263908127122,-0.001744028170606371,-0.0023489129657709995
2023-05-12,-0.005602872744721488,-0.0017100802429794726,0.0028913497548592737,-0.0013103449127140898,-0.0014295197800630044
2023-05-15,-0.0025151854200551327,0.0021412620336231925,0.00275200426406097,0.0034501455398585623,0.0059788902707129665
2023-05-16,-0.0023205317966472627,-0.0124993937971285,-0.0036590024973662816,-0.006682723226651088,-0.00862216799763682
2023-05-17,-0.0015163309338043218,-0.0034618889303412725,-0.0026234805638331027,0.012139015210756332,0.009541493525806466
2023-05-18,-0.004657439891887272,-0.012972911279784505,0.0035507053795320598,0.0096332720942236,0.006440414867641353
2023-05-19,-0.0022383475561302824,0.0098988291245512,0.0020967956599597937,-0.0014551541100500387,0.0004984824425640078
2023-05-22,-0.0009174623789918179,-0.002341497915543389,0.002092328395588483,0.0004061867374409722,0.0006645130096687435
2023-05-23,0.0011225387099138562,0.001200731149241463,-0.0019575768503220514,-0.011222843874589938,-0.011953023366718551
2023-05-24,-0.002548523375720313,-0.008068450017086337,-0.017128675808171456,-0.007244767727471735,-0.009409475839730508
2023-05-25,-0.0036790918373941217,-0.009618027091793824,-0.007183764146734495,0.008659868222557598,0.004240577400639989
2023-05-26,0.0008206833773132249,0.003995567330169925,0.007905620245933997,0.01295081583821478,0.012667808254154034
2023-05-30,0.00666188923263733,0.006190554546333882,-0.013958848680744484,0.0003807608146100261,-0.0032524935447668657
2023-05-31,0.0035634859131921104,0.0015382006614657051,-0.010112107752629718,-0.005545187619041769,-0.007697491822671321
2023-06-01,0.0030309725734520843,0.00789813034647624,0.007491409478143307,0.009501039442507908,0.012057401696654368
2023-06-02,-0.005273251534629764,-0.014747450675273721,0.014735513521935584,0.014461214117278187,0.014996284277739358
2023-06-05,-0.00010178960491613598,0.006020416015011243,-0.00039957434097714906,-0.001916283858174661,-0.0030370541249976624
2023-06-06,0.0012230889333975092,0.0010980396887689814,0.004398214944694834,0.002177312991199054,0.0042812499585143104
2023-06-07,-0.005295181704900509,-0.012010543410059138,-0.0005308070399642206,-0.0034575023812761785,-0.0053803186115706225
2023-06-08,0.005323369915887444,0.013211240429905624,-0.0031865336742925576,0.0060485519544792865,0.006574584735876687
2023-06-09,-0.0023420390229585974,-0.0026845203333208945,-0.00506131075780647,0.0017941131601959537,0.0011574852683542414
2023-06-12,0.0017355250344750495,-0.0008788640365902101,0.0008035727286901384,0.00907187222610184,0.007762795790788646
2023-06-13,-0.004687465115210121,-0.007367558613950331,0.0033438011715074545,0.006593033199851384,0.0075391541142237894
2023-06-14,0.000921535184725375,0.0005539277015322863,0.0013331281447841459,0.001190789114407842,0.0018706364372234052
2023-06-15,0.006955069414911419,0.007030581691497284,-0.010513980958654079,0.012397869863384203,0.012339587309645905
2023-06-16,-0.0031486521480369456,-0.0015392159510752013,0.0012111471915485783,-0.00340625272977213,-0.003287799578053141
2023-06-20,0.0018339932714763751,-0.010350739592973501,-0.009139792849538808,-0.005188364092129305,-0.008447951166744794
2023-06-21,0.0016276203253982047,-0.0014464228474878604,-0.0006781341117537698,-0.00512369232196086,-0.0026776747121521893
2023-06-22,-0.005179173091299449,-0.009916979914319946,-0.0071940781327261005,0.0036096368754245933,-0.0001628017069362775
2023-06-23,0.0029602507056600835,0.0027572461643308177,-0.005195840420525788,-0.007559926034988784,-0.008951003586444184
2023-06-26,0.0012215481121971017,0.0017396047357047806,-0.001099565514588896,-0.004085814610613303,-0.002052817820433428
2023-06-27,-0.0019316198199076373,-0.004593535884055422,0.0009633260211685535,0.010963382020643841,0.010367061282609003
2023-06-28,0.0029537927542555575,-0.002307409851291853,0.005361012975462209,0.0005043104234006002,0.00016281749167035287
2023-06-29,-0.007717761023902092,-0.001071764681377263,-0.0036917307886855655,0.003941423498616148,0.0029310829169777453
2023-06-30,0.002353806617670706,0.006663323502016594,0.007547576394947519,0.011800696993804705,0.010878426154220744
2023-07-03,-0.0011769906357442794,0.0011218766110339118,-0.00040835993595400577,0.0011504422438903816,0.002248664296485847
2023-07-05,-0.00450931205479288,-0.00353003237800964,-0.01062827286590562,-0.001487096790771747,-0.005128263203199923
2023-07-06,-0.006485510669891781,-0.002980200124891419,-0.02231106030802288,-0.007830644818855759,-0.011195275991100706
2023-07-07,0.00020752783465982638,0.007500997402107412,-0.0035214067862605614,-0.0025247359931801494,0.0008146767204597616
2023-07-10,0.002796827302972149,0.0007836956455820054,0.0028269770830882113,0.002531126419153873,0.0030926146757690454
2023-07-11,0.0021695480797263578,0.0037476125602418087,0.0014096761646473777,0.006368542432200863,0.0075456386718986135
2023-07-12,0.008143569088485014,0.013541420874312982,0.018862656948344103,0.008045754744301359,0.010871327886234683
2023-07-13,0.0062370390297996625,0.0007146999149643118,0.003453949756494712,0.007937077799427428,0.011551050465295587
2023-07-14,-0.004775647836249619,-0.0031866482531699436,-0.0011013653161117132,-0.0006228860891427379,-0.0026775996693889637
2023-07-17,0.0011229434506574432,0.0007165567329587841,-0.003308160066404109,0.0034722866080416637,0.0022110208040997392
2023-07-18,0.0008157621362425704,0.011456278139590825,0.005946669837007201,0.007430576229224384,0.007957830187575343
2023-07-19,0.003057247718985412,0.00016335645500209495,0.01787188447810628,0.0022236459284465937,0.001328826682240658
2023-07-20,-0.005181201434127147,-0.005063389149303599,0.007698405507122752,-0.006634494654053635,-0.006010991873498517
2023-07-21,0.0007147941559997317,-0.0030645332195952113,0.0018765679353625053,0.0,0.0005497127929379175
2023-07-24,-0.0018370915652614617,-0.00428147332668416,0.002675649910164557,0.004467411559843315,0.001491356306926761
2023-07-25,-0.001124874472402948,0.005567859975791123,0.0010673550521160813,0.002730066227382588,0.0025863833126709146
2023-07-26,0.0032755289017334377,0.0048791150253855164,-0.0017326739123495472,0.00015364150894181527,0.0007035405737110256
2023-07-27,-0.008569393631311928,-0.01571197400361901,0.002536752400582598,-0.006629909635952669,-0.006171285098263923
2023-07-28,0.003910022478418318,0.007981390400291666,-0.00026656503128963394,0.009790194222449644,0.0095896918626579
2023-07-31,0.0012299209972752578,0.0026944104889450315,0.0009326566397600544,0.0019040725939374337,0.0007784639641497115
2023-08-01,-0.006621096490077472,-0.010364679607279714,-0.003859449772875223,-0.002861579276229098,-0.004901092027013165
2023-08-02,-0.002376836150307926,-0.004765602229612864,-0.013760933925117902,-0.013910872349277015,-0.01571413259395149
2023-08-03,-0.0067328105015164175,-0.0003341470787491252,-0.0035221494232619,-0.0028657297719991703,-0.003018375866184808
2023-08-04,0.00823870863197973,0.003620414278603157,0.005437869878023305,-0.004522815605686459,-0.0023899752592713153
2023-08-07,0.00020686607967390636,-0.0022753962847783527,-0.0014873511130886197,0.008728704463734083,0.008544942954005652
2023-08-08,0.0023782027338503653,-0.006341080194621318,-0.003655908124748586,-0.0043487959845676105,-0.005067632288842994
2023-08-09,0.0007222522560572653,-0.00475820704444585,0.008290105358923494,-0.006685311684030526,-0.0050935075381712824
2023-08-10,-0.006494785843886852,-0.0010686044760203073,0.008087374611721598,0.00035894680416892477,0.0012797682978091807
2023-08-11,-0.0031130619471035903,0.0,-0.01230112977461939,-0.0005831591812157644,-0.0023967218667778623
2023-08-14,-0.0007283617962627886,-0.003040588549344525,-0.002436557124435801,0.0055202502884978966,0.0024024799429918087
2023-08-15,-0.0027084858351585916,-0.002654474343068869,-0.015606085028280647,-0.01164883046200238,-0.011903869578932635
2023-08-16,-0.0024023173658531682,-0.005776029417432049,-0.004135581091300189,-0.00733829991760504,-0.007923617392292415
2023-08-17,-0.0010469115527526052,-0.0015378724223797935,-0.0056756040119307904,-0.007620017234869825,-0.006927400870117673
2023-08-18,0.0022009168620653607,0.00017112823031739666,-0.005986323221474854,0.00048137370550960235,-0.00024626140392458584
2023-08-21,-0.00501982365545417,0.002737670236275802,-0.00028008459872730374,0.0065063764390449474,0.006156609575399985
2023-08-22,0.001050803289121216,0.0016495566176504273,0.0011206522723510304,-0.002708558695063923,-0.0029371265604747343
2023-08-23,0.009554991523515577,0.01016464068195777,0.0074167373059244035,0.011137593558844028,0.010637497843066113
2023-08-24,-0.002288070370875417,-0.00022482031744353037,0.002639378994810704,-0.013859001551281502,-0.013278229822781706
2023-08-25,-0.0006252720753205931,-0.0012932863561120334,0.0006925177859238296,0.007049870700649885,0.006810454131611632
2023-08-29,0.008657475294413075,0.012667492747736597,0.01744442966922577,0.020887796885910026,0.022004979872656705
2023-08-30,-0.0004138233619462861,0.0025018747942815445,0.0012248274146504645,0.004118729077884575,0.003907467531743869
2023-08-31,0.0014483624308578857,-0.0016637258183913595,-0.003805506624884769,-0.0014633606725770187,-0.0015092444473029376
2023-09-01,-0.005179280687540477,0.0004999240959600026,0.003956247711353722,0.0018652396366587443,0.0016707139178262498
2023-09-05,-0.005414285644550154,-0.008161685723844458,-0.003804824287375941,-0.0043218437545152755,-0.00555969421142799
2023-09-06,-0.0009419918290507479,-0.004534245193468567,-0.0024552528317002276,-0.0067227240355665074,-0.006069764410493117
2023-09-07,0.0031434990852563516,0.0010684498647577367,0.002324608330691813,-0.0030700897216985323,-0.002892692744381087
2023-09-08,0.0005222302231235876,0.0003370270596214642,0.0047748880714988395,0.0015061973984484833,0.00024175169533435792
2023-09-11,-0.0011483068103502747,0.001853109993606994,0.0029870572467041168,0.006576503733096484,0.007814984802337666
2023-09-12,0.00031344552093215405,-0.005156651253074851,0.0041964398706038075,-0.005485570735918599,-0.004876555408995897
2023-09-13,0.001462881215096301,-0.0023100098564432514,-0.0005390114033364535,0.0011658960317628697,0.0003214326492440023
2023-09-14,-0.0013565070849745897,0.0005082241752882855,0.008206555998206966,0.008622478533369948,0.0096370594137416
2023-09-15,-0.0022986497280851337,0.006603816566220333,0.004548879859791466,-0.012048247006894108,-0.008749639644691998
2023-09-18,0.0014663663652136893,0.005887647601878543,-0.007192114915653969,0.0005862894972945565,-0.0008024545215435941
2023-09-19,-0.002928260296776508,-0.0009476457412548323,0.0006706803122749072,-0.0020736866005222065,-0.0014456294493392363
2023-09-20,-0.0005242222130044105,0.0007253927124595272,0.009384541707677219,-0.00919340554363679,-0.0073185625499332385
2023-09-21,-0.006820430917712672,-0.007248413758109917,-0.007039384345987276,-0.016528504549652934,-0.016770579946464248
2023-09-22,0.004226053041531674,0.0032013033173832195,0.0002674663581174741,-0.0022485018585317595,-0.0015656456962738208
2023-09-25,-0.007890571024555482,-0.005150588926742139,-0.005883748521076981,0.004205210086695832,0.001815612408398115
2023-09-26,-0.001272720386494841,-0.007990985893820302,-0.0006727312188951062,-0.01469125384456127,-0.014169223850372448
2023-09-27,-0.0035038981930858304,-0.012366647894697436,-0.0036344210719613246,0.0003992031649857619,-0.0007520423444344893
2023-09-28,0.0029837087196937784,-0.004997187509914736,0.0021615351562893625,0.005797397590904252,0.00786088758371184
2023-09-29,-0.000956083026184773,-0.01027534966921384,0.0005394447342987885,-0.002426869793198172,-0.0029041369143468776
2023-10-02,-0.006962935407801907,-0.010498705650611395,-0.012934589932309448,-0.00039763513059487554,-0.005492163454322019
2023-10-03,-0.007838367198212293,-0.0028882419805683623,-0.005187079176822151,-0.01338602180173254,-0.013137035899484117
2023-10-04,0.007034585238778757,-0.00011825651470720455,-0.007409303761168107,0.007281836170366374,0.005850434449630626
2023-10-05,0.0006444252556232488,-0.0018327868021307259,0.005667540865428089,-0.0003766382313598049,0.0021073651702594454
2023-10-06,-0.0038661612698779324,0.005153083621109555,0.005085972536050587,0.011872701405047037,0.011524255705002373
2023-10-09,0.010350388304534164,0.01838544744893622,-0.00013694153816179444,0.006402271281079619,0.004490689334657683
2023-10-10,-0.0009601928622428035,-0.0016780958953311886,0.017644814410863408,0.005204766020287188,0.008196025041885768
2023-10-11,0.004593016298016561,0.007303045938392039,-0.0006719424095347204,0.0040962567303299835,0.00443420424563179
2023-10-12,-0.008612481794272653,-0.0030496507265770356,0.004035022675535682,-0.006096385366099577,-0.00768473643435752
2023-10-13,0.004289814714612428,0.03214825984540237,-0.005626460322201821,-0.004980875067302493,-0.005766989697293279
2023-10-16,-0.005553310253320953,-0.004864928190345896,0.0036373587483435887,0.010521422217540488,0.009695058364015852
2023-10-17,-0.007194904631637744,0.001854273768354009,0.006040430538533981,-4.589630894502594e-05,-8.210897794502792e-05
2023-10-18,-0.004651144400912743,0.014470816805260078,-0.011607939417133228,-0.01332516428411179,-0.014609323810793273
2023-10-19,-0.0038035037167140073,0.012274016037125302,-0.010259079296310536,-0.008786451822654362,-0.008995525481425237
2023-10-20,0.0035999215864173095,0.0027308974274993236,-0.013365998552829272,-0.012287905368894014,-0.011178345500710285
2023-10-23,0.003912898733740899,-0.0033770637265356784,-0.0038708082079308426,-0.0017333044848953927,-0.0012749243121856768
2023-10-24,0.0035732118179312433,-0.0001093308866343401,0.0019429247932023497,0.007539467774099862,0.00680857084434483
2023-10-25,-0.007444259535037134,0.004208823642007475,0.0029085241936868123,-0.014352192055823498,-0.012933314812332397
2023-10-26,0.006739004350776012,0.0015784524505007003,-0.0073193651847888175,-0.011974614723953003,-0.010190919734061832
2023-10-27,-0.0003237086233242037,0.011629799758343662,-0.008625453672651218,-0.004532738343679399,-0.004931686545468494
2023-10-30,-0.002375947868147099,-0.00564054701797434,0.004630852908542593,0.011955719534505693,0.012346790704339528
2023-10-31,-0.0006497214526336448,-0.005456562573315948,-0.00041909263500372607,0.006280319826460712,0.0058403095062284915
2023-11-01,0.01105014349669653,-0.003150642851826202,0.003074378426778157,0.0106647688023227,0.010332266304228233
2023-11-02,0.00601832749953779,0.0033240729584831374,0.014488726238636174,0.019164190478637266,0.020283952388555626
2023-11-03,0.006089157594706629,0.003638921283475316,-0.006042281118217585,0.009123601516142443,0.010023224237446948
2023-11-06,-0.004990433263123872,-0.007792560392528847,0.001381727968571278,0.002300272021308558,-0.00032802395982878263
2023-11-07,0.0053357120363324295,-0.0041451308444239165,-0.0008280614377081941,0.0028461186856993947,0.0008202307245288587
2023-11-08,0.003396634563700651,-0.00996764391222027,-0.0015188927309952582,0.0007325562217033177,0.0002460442769733895
2023-11-09,-0.008357271449269121,0.003982968433291267,0.008850859980441106,-0.007798828204946262,-0.005818670775513679
2023-11-10,0.0023471718617844584,-0.010909752197912126,-0.013159772423653293,0.015604860604780946,0.012612210211314423
2023-11-13,-0.00010634549785115688,0.005570720464602941,0.008612529602467722,-0.0009533242230106431,0.0003256589833029455
2023-11-14,0.012559936211173461,0.008919177105678688,0.0022035092076799767,0.019400915783460704,0.02099615178201919
2023-11-15,-0.00620238231206971,-0.002635601473798599,0.005771399681748113,0.00211701541555831,0.001594163558966244
2023-11-16,0.005500343838724664,0.011286077178189302,-0.00847090421113672,0.001223021729185536,0.0
2023-11-17,0.0019988775259567326,-0.00010890234740634774,0.012677351721606556,0.0012437526668118704,0.005093102319619902
2023-11-20,0.001574913146209278,-0.0016333808174913145,-0.0012246892430020084,0.007697696229948647,0.006096469641406976
2023-11-21,0.001047846938834418,0.01079790063288577,-0.002043457365726975,-0.002179493691767731,-0.002124802987266694
2023-11-22,0.0009424744480268643,-0.004262252597287075,-0.0017748284784240287,0.0038608339289862847,0.0033911556906454088
2023-11-24,-0.004602871042475143,0.005201596914642392,0.003965790182336004,0.0006153992582187406,0.0022793420653617336
2023-11-27,0.005675290139811384,0.006737817869841178,-0.0039501248161213365,-0.0018008995207469125,-0.0016466813434911076
2023-11-28,0.004388948677890525,0.013331852960406732,-0.0005470977375737762,0.0009900036303838178,0.0007854990010351948
2023-11-29,0.004890396408876896,0.0014794398574642376,-0.004926073370454587,-0.0007032939705655661,0.00015692635910991015
2023-11-30,-0.003313371610535687,-0.004167950375202456,0.003712802767875445,0.003937496376382743,0.0027465949847964577
2023-12-01,0.008793098362943397,0.017271494075951965,0.01054955286666126,0.005915724544156786,0.007669376222984026
2023-12-04,-0.0038209925224450547,-0.02161342646325959,-0.0025759999072338946,-0.005249483869508298,-0.005591792626853276
2023-12-05,0.006634585529179393,-0.0037794459254785195,-0.0025825697798314007,-0.00019691819227574126,-0.0015619789856546884
2023-12-06,0.002574653148127437,0.0036868953454944897,0.0031344159756638845,-0.004029771543733407,-0.002346727560495143
2023-12-07,0.000308265660585727,0.0016503277504122948,0.00027139593870506573,0.007630356698994145,0.0072135093591558785
2023-12-08,-0.005031920961124481,-0.01334039111485108,0.005840316287129443,0.004299178754217703,0.00358079933724631
2023-12-11,0.00010344658553873565,-0.011042895165362276,-0.00040519778345593505,0.003889668084583242,0.0038009032285875044
2023-12-12,0.002992576338474384,-0.0005446421195114404,0.00013509317013671307,0.004567143514238037,0.0026272591775753362
2023-12-13,0.012552658166231856,0.022562533466176538,0.00040522476731141843,0.013789995407642364,0.014797548047999154
2023-12-14,0.008071216525473934,0.005862552982469849,0.005346701296284673,0.0032094997812208703,0.0052404366806189095
2023-12-15,-0.002325129699200068,-0.009166511771857233,-0.008863776859914352,-0.001646595592390887,-0.0030975866791285167
2023-12-18,-0.002026485974442327,0.004545487184575592,0.004742694974172013,0.005625088127497069,0.004623086835267465
2023-12-19,0.0012181210066366521,0.00681394057869511,0.00242746221409762,0.006081013120285972,0.006940094520357487
2023-12-20,0.003651198821388979,-0.005445982936102989,0.011300944076656938,-0.013857394125843636,-0.013301354171234236
2023-12-21,-0.00010123770545122923,0.007070635455129759,-0.0031927251343785157,0.00948187939793832,0.011712243042532489
2023-12-22,-0.0013135836522274458,0.004434417088942322,0.0009341363742905173,0.002009796586159185,0.002043020095819914
2023-12-27,0.008398262588376948,0.012193157162636803,0.0029334546843358122,0.006038137751791739,0.007022695078467978
2023-12-28,-0.0022077507864530777,-0.005815437657636813,-0.00039883547512831186,0.0003777782469400748,-0.0005999142233118482
2023-12-29,-0.0019106122280877491,-0.001566841018672216,0.0015958159431614938,-0.002894986310545189,-0.0019508024613743569
2024-01-02,-0.004735410337701418,-0.002353909884146743,-0.002257123757886337,-0.005596317714220755,-0.008344594848031184
2024-01-03,0.0005062238490467497,-0.008336809604204354,-0.005057375649102469,-0.008166680634763557,-0.00803567006094208
2024-01-04,-0.004047571197220767,0.0010046128932528209,0.0048154746272404125,-0.0032210082433131726,-0.0011464614487357583
2024-01-05,-0.002336704835242842,0.00015845540955172766,-0.004393030547830579,0.00136953399109907,0.0012241867501947556
2024-01-08,0.003767873651117526,-0.007816271130823282,0.0008021754875067177,0.0142760527784358,0.013220338859958991
2024-01-09,-0.00020278417890151612,0.0003193567900841021,-0.0010688188425515,-0.0015171279191281695,-0.003997407932660235
2024-01-10,-0.0019281230544225814,-0.00228804710551489,-0.0044132682532112,0.0056553985717209265,0.005830730872852463
2024-01-11,0.005693506749858912,0.0019733072916665595,-0.008463469166434479,-0.000440607070651744,-7.52437731306177e-05
2024-01-12,0.0018197074633476973,0.009794068475553752,0.006096818117262259,0.0006926500295143523,0.000828101549768645
2024-01-16,-0.007467393238861586,-0.009488181898979597,-0.009022394092494501,-0.0036711092873069617,-0.006921032854887876
2024-01-17,-0.002745059133445138,-0.01101595063528893,-0.01426818817950648,-0.0055586284943240916,-0.006514580399925363
2024-01-18,-0.0009174238627969178,0.008232882099906247,0.002205793743421447,0.008892676610256167,0.008387247818103516
2024-01-19,0.0002039636360009478,0.00298872590696031,0.00013738537564189635,0.012466215601009356,0.010434930079884275
2024-01-22,0.0018364160064705537,-0.003777957126316789,0.0038509670055739686,0.002114256523492175,0.002320015105641726
2024-01-23,-0.0024439519354975126,0.0038991332271092194,-0.00027409754742535597,0.002916543735052679,0.0012692528378142054
2024-01-24,-0.0022458925448634037,-0.008246890539639895,0.005344818839239096,0.001093003461599018,0.002311356626973682
2024-01-25,0.0045018096472966285,0.003969986681303217,0.000272548541203399,0.005439101711726568,0.003942751623497998
2024-01-26,-0.0011203441730258668,-0.0006946931881827156,0.014445548974899802,-0.0012704629601297812,0.000889327703702314
2024-01-29,0.003977029740335647,0.0070584854445867595,-0.00026884047772524067,0.007919437313017141,0.007699798393338453
2024-01-30,0.0019293716297725805,0.0013805262268788976,0.00376239832761871,-0.0007734280679260186,-0.0008817482191642023
2024-01-31,0.0045617630582528435,-0.0007423479101065222,-0.005087083782567281,-0.016317387588725474,-0.013162886277093278
2024-02-01,0.005697929628086129,0.01040067256889099,-0.0008072485179621003,0.013088179485211349,0.01154998106831373
2024-02-02,-0.009157552052837414,-0.009453300862028224,-0.001077392872129379,0.010527424521186157,0.0051566864937635515
2024-02-05,-0.008226807575749007,-0.005513988032274764,-0.0004042625029851976,-0.0036413228906092554,-0.004470539098585968
2024-02-06,0.005222522046738565,0.005224693124019186,0.00863110491505692,0.0029033818130268507,0.003901536232806757
2024-02-07,-0.0020373957079024008,-0.0002651978305409086,-0.006551685185204881,0.008340432139916976,0.005719798517207941
2024-02-08,-0.003062204092219023,-0.0009018470501077624,-0.004845123366476911,0.0004416242430944628,0.000583220750555391
2024-02-09,-0.0003073072537416177,-0.003876152075832917,-0.003381247978426649,0.005779525213360115,0.004882348107033918
2024-02-12,0.00020481973539698828,-0.0026119694947860372,0.0008143986071662557,-0.00043895543159677697,0.0007252332944795992
2024-02-13,-0.009216463377384687,-0.013788690196348319,-0.008542487508814256,-0.013773176002226495,-0.015000095265663815
2024-02-14,0.004444372269541752,-0.0005961123453055439,0.008205633246006316,0.009087603813561218,0.010667354945762986
2024-02-15,0.002366593278902762,0.0067238125229136525,0.005426009711795077,0.006899794144980209,0.008516562544857331
2024-02-16,-0.003182393881965062,0.0036625695484677756,0.014840834465206454,-0.004979848643763218,-0.003681062813000069
2024-02-20,0.0009268928012826638,0.006064210073093879,0.0007975897375758212,-0.005505506860028375,-0.003115087854817733
2024-02-21,-0.0029836775186978803,5.331256612173263e-05,-0.007571753661740788,0.0009058194580879864,0.0006541315434016592
2024-02-22,0.0008257110626901376,0.00042672195902415666,0.004684681207742347,0.02069555293154335,0.018010043781944596
2024-02-23,0.0037116379107573483,0.005651511902278639,0.0027978000438506623,0.0006896579493562704,0.0010701563110691037
2024-02-26,-0.0021573602417859217,-0.0022266895335479875,-0.002391342439506894,-0.0036625789483393234,-0.0038482636874433984
2024-02-27,-0.0013381819289040031,-0.0010626830578386315,-0.0007988892998134212,0.0018577482984671878,0.0025753822509038127
2024-02-28,0.001958684939641797,0.00180849115899262,-0.007597226109947619,-0.0013216408439921112,-0.0031392772440542727
2024-02-29,0.0016462354693331793,0.005150266749304189,0.0016117897092731148,0.0035949680507312287,0.004079616000928654
2024-03-01,0.004800871209764246,0.018910791174389097,0.007374649027597879,0.009388268828250945,0.00898218264667161
2024-03-04,-0.002460687874266454,0.016174996770490724,-0.005989861460009904,-0.0010724602446435805,-0.0012011004510756873
2024-03-05,0.005447911397173488,0.006020141664404566,0.0008037662000688339,-0.0099940695152958,-0.007780856064470654
2024-03-06,0.0015332843191619983,0.008215401882095241,0.004013886974945313,0.00506719125229993,0.007485382731958534
2024-03-07,0.0021434314518786746,0.005683843351386164,0.005996719441238474,0.009926452199480407,0.010755673395514531
2024-03-08,0.0009167340309181871,0.008452547868211147,-0.004106559668076493,-0.006002270247929431,-0.00532044362164974
2024-03-11,-0.001119549622739191,0.00183502012710135,0.0009311113312242547,-0.0008597399461756083,-0.0028858207827925364
2024-03-12,-0.0025467939898665692,-0.01094062729637224,0.010498237656655585,0.010757410938595058,0.010517454983850483
2024-03-13,-0.0018385242181160333,0.00700740378557585,0.00302476513904959,-0.0015675902540027709,-0.0009080298628639794
2024-03-14,-0.006343739711148877,-0.004175139558116325,-0.009640592094866673,-0.0019767001391221006,-0.004404741417592506
2024-03-15,-0.00010308709177075936,-0.00319440663913817,-0.0021185028804199257,-0.006866706646904919,-0.004634678814322224
2024-03-18,-0.0010298556329962905,0.0016022835845583838,-0.0006632806180310036,0.005943217072991391,0.003033547147039739
2024-03-19,0.0024742188622721706,-0.0011498061737871268,0.00212424734306893,0.005557088734734483,0.004923713304721522
2024-03-20,0.002056659668699723,0.011911859798154678,-0.0002650388720981667,0.009249402913417804,0.009379219817426732
2024-03-21,0.0007183921633697743,-0.0010386361790747367,0.018950648659320946,0.0033046110765408976,0.003189727322852054
2024-03-22,0.003179498493370181,-0.00802096899240623,0.006762895403919611,-0.0018958133302060531,-0.0018662997569079964
2024-03-25,-0.0018403008676536325,0.0031944066391380588,-0.00167936647119038,-0.002762893714458925,-0.0027700217242625502
2024-03-26,0.0010241599477529562,0.003233961285236564,0.0011644603415570387,-0.0018469719994197442,-0.001319615869357027
2024-03-27,0.003273838782317462,0.007240660177973313,0.0006463717363043298,0.008403925839191917,0.0076490604711714205
2024-03-28,-0.0012235232206289082,0.012900024807739996,0.003874936258671413,-0.00019115879491005128,0.0
2024-04-02,-0.007987876027972463,0.02513123730443101,-0.003088171897651426,-0.008086766136578438,-0.009730199799250938
2024-04-03,0.0006193399972236335,0.008772374739768773,-0.00038717786127873133,0.0010984144691581488,0.002996562584646645
2024-04-04,0.0023728538692717738,-0.005734705223284009,0.006197560694372939,-0.012206030849658323,-0.011324921628610651
2024-04-05,-0.004940361313727437,0.017114197447370305,-0.008982374808371607,0.01044679614420052,0.008854453172845611
2024-04-08,-0.0009309654074990403,0.00622848536623688,0.004272742739220403,0.0005594955677432623,0.0011145802141379058
2024-04-09,0.003416634203265989,0.005497054993034878,-0.0009023257748093094,0.0011567318136171956,0.0007654069981453127
2024-04-10,-0.011968648934109316,-0.009463856185613961,0.00270997390690364,-0.010013225036973217,-0.011054728078665699
2024-04-11,0.00020889784450561777,0.019433247203493043,-0.002960116143658875,0.007546985320680211,0.0068896276527627975
2024-04-12,0.001879513529262189,-0.013239324939518515,0.009294098871701184,-0.013803148699223056,-0.015570387023453591
2024-04-15,-0.0060444523670797334,0.01871915519396472,-0.003964664030484233,-0.012528044771019098,-0.010213399289627723
2024-04-16,-0.002830787294435977,0.0012220152803359419,-0.01797659358007042,-0.001823849648584619,-0.004084634229613915
2024-04-17,0.004626458403149014,-0.007368252752093185,0.004184216379927719,-0.005918300011035549,-0.003309761214193796
2024-04-18,-0.002825925012286068,0.0034154561341945833,0.003906298157136945,-0.0020576433156114238,-0.0029599872297236818
2024-04-19,0.0010494881159408553,0.003131535140574959,0.0023346748655470595,-0.008728334684688588,-0.0057924711064564205
2024-04-22,0.0006291903331845372,-0.02470249054532203,0.01617471141824023,0.009209133674185965,0.00873938664757934
2024-04-23,0.0020954572492677404,-0.002458663172418052,0.0024194954786043166,0.011866511405072888,0.011190580417159035
2024-04-24,-0.0026139316943868396,-0.0018600907225296837,-0.0008892619754139464,-0.0004745904449330318,-0.0007852952558621284
2024-04-25,-0.0028305779117729912,0.005963468053189924,0.005975862464526971,-0.003798898367841641,-0.003572936272506988
2024-04-26,0.0022079660817071467,0.003241927353549112,0.006951591243562927,0.009473954297642972,0.009681030974369564
2024-04-29,0.0030420239131818683,-0.002031218037689575,0.0013807047129736905,0.0035414887818734364,0.0030540248995050145
2024-04-30,-0.00407864171176997,-0.019937078844561418,-0.0012534624114025616,-0.015841226193612834,-0.014586266364646439
2024-05-01,0.003528488974370969,0.00906215232545482,-0.002886558769333858,-0.00324715015108501,-0.004095560110098151
2024-05-02,0.004513747987516803,-0.0030870874411647042,0.0078035772456734875,0.009353324390745765,0.010678190460528425
2024-05-03,0.005120088510266241,-0.0007976266365629092,0.0052455364039494246,0.012395395370112805,0.012135963772121894
2024-05-07,0.002807083635909091,0.005869646696994524,0.012051129647314918,0.011441675089969516,0.010861763186191586
2024-05-08,-0.0020733504588967833,-0.002941061869504713,0.005155878392747448,9.654236518974457e-05,-6.973647129038252e-05
2024-05-09,0.0018698837051187578,0.015778607960932778,0.0036639437068803904,0.005762047193812236,0.005791736016558469
2024-05-10,-0.0020739531224948093,0.008112513438038427,0.006327413743404842,0.001288108294365431,0.0016649229169589663
2024-05-13,0.0005196307247627985,-0.011202103844459854,-0.0027810753333715743,0.00013424728192878987,-0.0006233494732795775
2024-05-14,0.002699967330248354,0.008462045119477013,0.0018189028424273612,0.004588101776224374,0.00589093471824742
2024-05-15,0.006628641939066204,0.012838750510223873,0.0025417075368379116,0.012383186875545515,0.011437312552942336
2024-05-16,-0.001131739342866367,-0.0038933433506626036,0.0018109974158422304,-0.0020577575341174104,-0.0024522939382009
2024-05-17,-0.0031932168971349206,0.0164977725898805,-0.00289226947677379,0.0014376621237919274,0.0019803513752727486
2024-05-20,-0.0009297135681993751,0.004023937591649318,0.0006043470165588705,0.0011520539555727183,0.00034068688780797274
2024-05-21,0.001861674228713417,-0.001469548604570936,-0.0009664007158655119,0.002452584934648172,0.00163497753376185
2024-05-22,-0.0012390104765286347,-0.01837396956557802,-0.0054406531737956065,-0.0028792783967770408,-0.004829268003635034
2024-05-23,-0.0027909522056536185,-0.019944570339717638,-0.0038901378207950588,-0.007304279476561093,-0.006903017390701871
2024-05-24,0.0011401858010875454,0.0009271136061119734,-0.0023186569546923552,0.0066163943999355546,0.006951000266423701
2024-05-28,-0.004659264502987814,0.010513172896031486,-0.006850341713835473,0.0006989883256873775,0.00020504226425543948
2024-05-29,-0.003848939601375445,-0.009303812074716977,-0.009114356154848124,-0.007002747268023524,-0.0103866061897947
2024-05-30,0.004699074706088213,0.0018967600627461945,0.006090746866473706,-0.006633519225726192,-0.0013119251645948848
2024-05-31,0.0032220922499810456,-0.00586417430627717,0.0054361627839143445,0.009107912708685051,0.007467262552407705
2024-06-03,0.0060489996664894186,0.008917780500373507,-0.0018433401100614866,0.000815478230855593,0.00240193729026128
2024-06-04,0.003615603664326228,-0.008977059834655465,-0.003446910087286037,0.0011180085718740518,-0.00020539320924939375
2024-06-05,0.0030879729681467794,0.011845603201319,0.0019765079805857955,0.011885059841088896,0.010477314085026501
2024-06-06,0.0003077444622181513,0.007391356612921562,0.006041185981424002,-1.8874713054506387e-05,0.0006099159320733794
2024-06-07,-0.008822132187567111,-0.03568330143379639,-0.005392044208324731,-0.001215507569371721,-0.004199010483043941
2024-06-10,-0.0008279019716643798,0.009168181127878317,-0.001355356624072157,0.003089536096547718,0.002244419599813696
2024-06-11,0.003418301502154275,0.0028566106093961263,-0.010240695805685207,0.0024083392358962286,-0.001375086903600553
2024-06-12,0.004748342964119301,0.0026617200115086614,0.008850686909948724,0.008213343817823793,0.009316817318630655
2024-06-13,0.0050347942085327,-0.008150148984962247,-0.019756830876195952,0.00201339360044428,-0.0021719754066735764
2024-06-14,0.0010218213418105027,0.012959545903254766,-0.0020170738261647836,0.0006082700460166013,-0.0029249281619559975
2024-06-17,-0.0035742498377325793,-0.005191652247571676,-0.0012633348800326072,0.007958943634686966,0.006071745119188732
2024-06-18,0.0035870709254055555,0.004007271832187298,0.006703897235595502,0.00254083472097566,0.0033227897157164232
2024-06-20,-0.0017359673289915056,0.012484347826456466,0.009925764343940324,-0.002716672394016739,-0.0016222311396383304
2024-06-21,0.00010232327327130974,-0.015493238109986152,-0.00398117575187007,-0.001340607764340862,-0.003317060199957478
2024-06-24,0.0008179080860823973,0.003957566385821121,0.005121262956495398,-0.0032508542801212847,0.0002719081044515459
2024-06-25,-0.00010188984020009784,-0.004962237629221655,-0.0038523247188837484,0.0038509848895005305,0.003462898740377085
2024-06-26,-0.004497524571232092,-0.009228168111804491,-0.0028693303790991997,0.0012481564062454265,-0.0005413669408940169
2024-06-27,0.0016430537002758427,0.011336925587312363,-0.004879343678760417,0.0015765761896335828,0.000270936463644178
2024-06-28,-0.0049209053301780825,9.297647872519299e-05,-0.0018856421065563955,-0.0039351790968482625,-0.0016921763959897307
2024-07-01,-0.005362873431620785,0.002604589701363791,0.0003777331900460812,0.002058023732368186,0.002169512354001757
2024-07-02,0.003324346158763092,-4.643394389247657e-05,-0.006295534364855415,0.006729662300142714,0.005209440025323753
2024-07-03,0.0053847206473729425,0.011273000380832565,0.006208655109464001,0.004462748330993138,0.006797587074951261
2024-07-05,0.005047100676358607,0.013486798057397165,0.004281616521937481,0.005766483695770486,0.006083486214346179
2024-07-08,0.00030739903107823707,-0.012402074526820739,-0.0007522094141205748,0.0011537588069578941,-0.001063269826667712
2024-07-09,-0.0009219984715306273,0.0016957473442755777,-0.0069016698100019536,0.0009727348442960526,0.0005987193529943813
2024-07-10,0.001025435292402621,0.0036603361122538036,0.007202148597651892,0.009895167007851535,0.010569758000586127
2024-07-11,0.00512166996515484,0.017733403441032136,0.003262052884288158,-0.008622675948070313,-0.004933603674199483
2024-07-12,0.00275170340130404,-0.0006270969301161999,0.003501264018631378,0.006307514045889917,0.007469918310751611
2024-07-15,-0.0034554839523563974,0.0032271131671974818,-0.008847511389598384,0.0027500647684435275,6.577407738461716e-05
2024-07-16,0.00407957001298298,0.019925798233449088,-0.0020114181284865973,0.005930115520199175,0.00583948799382461
2024-07-17,0.0007111501553083155,-0.004643206403117217,0.003275305638897663,-0.014021128145545458,-0.011089401684138633
2024-07-18,-0.002740698477896486,-0.006381186355259194,0.0020090457289698715,-0.007684867266584905,-0.00897092150827139
2024-07-19,-0.002035632753322525,-0.017937829186174925,-0.006516134853943423,-0.006640528727991368,-0.007055346919960348
2024-07-22,-0.00040795700129825363,0.00031573231212611574,0.0055498277696772735,0.010309968244979206,0.010658217804096815
2024-07-23,-0.00010224194378227747,0.003516676143213937,-0.004264889899907476,-0.0015687322354536182,-0.00318357637238198
2024-07-24,-0.0030609014777456256,-0.0035043524704835294,-0.0010080053366345876,-0.022662311331685947,-0.020360823017871565
2024-07-25,0.0027635319817274073,-0.01564473026582147,0.003783237242193316,-0.005210308454554946,-0.004958161047499243
2024-07-26,0.003572496112840051,0.010534525866662925,0.01293963964482403,0.011199435925995038,0.01112624353158731
2024-07-29,0.001627178373053928,-0.0014050562105476505,0.0004960755943761441,0.0005879168006492907,-0.0003375018667608476
2024-07-30,0.001015775483117265,0.009985461488319247,-0.0022312711696688137,-0.005066440981766007,-0.002836206250794393
2024-07-31,0.005376073764697953,0.018110725786084414,0.011305823528050318,0.016254499976771752,0.015643981395127016
2024-08-01,0.004190229121741718,-0.003442943141866439,-0.009828109010030284,-0.014160871465467961,-0.017736858117706866
2024-08-02,0.0111872084616218,-0.0019046282784819235,-0.013151388926250895,-0.01861848648683473,-0.018260848604924163
2024-08-05,-0.0007974753766424314,-0.012691935106198704,-0.01998978741702273,-0.029123696231264207,-0.02724381712200319
2024-08-06,-0.005985057147408823,-0.008000713832612472,0.0017959980631239159,0.009219547984985033,0.007677081877965675
2024-08-07,-0.0030104226934793976,-0.0006796279952806517,0.017671950521135127,-0.006683925516912881,-0.004091585821170529
2024-08-08,-0.0015099639352358363,0.015688013635013043,-0.00025169672412295174,0.023117361125918112,0.02124965473094842
2024-08-09,0.0035281891309622004,0.0024552612171107047,0.002894895120205243,0.004409692610797711,0.005895371860660026
2024-08-12,0.001707716611853094,0.017144665770273848,0.005271087685076781,0.000525405070076923,-0.0008963479832170274
2024-08-13,0.004011355220933099,-0.001532358906807807,0.0032458647420887665,0.01644549418204444,0.017391241175401584
2024-08-14,0.001797774250177575,-0.008155751250824572,0.005351053132797379,0.003155010843296502,0.003052465509889357
2024-08-15,-0.0041874432958097785,0.0031388449312386157,0.011263612980404236,0.017140046217431593,0.01501325818026955
2024-08-16,0.0024029574861368364,0.02238773852658915,-0.004528733272636254,0.0022418806808854885,0.004130915540771829
2024-08-19,0.0010986535520356444,-0.0016380226467286318,0.005901745907193501,0.009561657695156933,0.010019173696257377
2024-08-20,0.0029930021445252475,0.0036699887797402297,-0.010267478065024815,-0.0016260603752510372,-0.0014454376696291238
2024-08-21,0.0018898978391683752,-0.0013336178629832496,0.0014820528513865838,0.0034364591665918542,0.00572375930689728
2024-08-22,-0.004070468959827989,-0.011975011209935604,0.0007399298106076646,-0.00784851342649362,-0.00902722927587818
2024-08-23,0.004585966140957742,0.011553425520716143,0.005175528509247407,0.010625385922989672,0.015248468359933653
2024-08-27,-0.000595720017322332,0.005904642237566371,0.0017162185687196185,-0.0010141214522699782,-0.0013654133623973719
2024-08-28,-0.0008934164130596223,-0.007026862307456638,0.0,-0.005805185814678704,-0.004752746401222363
2024-08-29,-0.0012922546868212592,0.005177980359189593,0.005385079851576213,8.952902139180985e-05,0.0006542195361363135
2024-08-30,-0.0023882069271463635,-0.0071260085162319076,-0.0010956478165479178,0.009545960644327556,0.007975849248858413
2024-09-03,0.004222611572728852,-0.0043235765879541255,-0.009261483148730099,-0.020578918275010016,-0.020560341190669962
2024-09-04,0.004384309179795265,0.000607926500195255,-0.0035671148416708265,-0.0020470571911881397,-0.001920531468770137
2024-09-05,0.0025794525559237336,0.008332306942507639,-0.0028390733147690694,-0.0024320677304666694,-0.0035163348724160937
2024-09-06,0.0012861232388432509,-0.007402630408956501,-0.006932463785078391,-0.01683009220076248,-0.016246110688423965
2024-09-09,0.0014822822611959552,0.004205876079289794,0.01084526477164549,0.011196253508404475,0.01069374221002306
2024-09-10,0.003059098120712145,0.004404097525005923,-0.007892484221697305,0.0043558010091993005,0.002745549096141442
2024-09-11,-0.000295050163381938,-0.001590555949419148,-0.0009943709252561161,0.010258734559868365,0.009817042403239551
2024-09-12,-0.0008857354351550217,0.017567284525531468,-0.004500097233470335,0.008423348989226254,0.007605258074729004
2024-09-13,0.002068278209216956,0.009943683944142245,0.0034998922123581355,0.005222783247845975,0.005119556166262251
2024-09-16,0.0023592025997059007,-8.374817448153493e-05,0.0006229422897865433,0.0014768156945352828,0.0034608700487566146
2024-09-17,-0.000980667282758918,-0.0055309113549146804,0.00385916873582981,0.00040873357753001827,-0.0016269789986487204
2024-09-18,-0.0031407960509434174,-0.007710465405288858,-0.006944684259281186,-0.0029658249921354907,-0.002672356223497263
2024-09-19,9.830222980067305e-05,0.01554075728197235,0.009490632528351695,0.017064378832593485,0.01731915648665905
2024-09-20,-0.0008860904924773427,0.012710660066880486,-0.012988672985137506,-0.0017284932749509485,-0.0035332311466967914
2024-09-23,-0.00039408622684444783,0.0019404068737312041,0.004135871693300208,0.0024985752727864075,0.0030300768094184694
2024-09-24,0.001380048246155896,0.01396907347432852,0.002870692826949517,0.0028612688100160266,0.0031494795486812777
2024-09-25,-0.003839428424270208,-0.001381767735031958,-0.0016179044341161353,-0.0022053562014971995,-0.0024989283691539965
2024-09-26,0.00019764847081682468,0.005086884066794806,0.0024930998025556317,0.0039645812385114,0.009121337096381188
2024-09-27,0.002865417751338084,-0.007935830791900744,0.004476556172806401,-0.0014502902539623719,-0.003055400956994303
2024-09-30,-0.002265772111371467,-0.007999374253898295,-0.010522503969932484,0.004007306781378839,0.0018516393297904887
2024-10-01,0.0026441389052789255,0.010491249392624136,0.005254665822354676,-0.008958495996637117,-0.008285135299945234
2024-10-02,-0.0020742745971541465,0.00020358719772617384,0.0013690662174912216,0.0004220737216988901,0.00012863257015038876
2024-10-03,-0.004058725354579518,-0.0006920058878576718,-0.0006214727172869638,-0.0018281779867485026,-0.003791144130409818
2024-10-04,-0.006460496960928541,-0.001996030315693287,0.0,0.009087424667289845,0.008384965392839394
2024-10-07,-0.003401309769597738,-0.0033877625757333663,0.0024871329527040853,-0.00904048317953321,-0.008571004765320689
2024-10-08,0.0017065002309761823,-0.007371925565205384,-0.013645899654204707,0.009457661081755386,0.006903248793378447
2024-10-09,-0.002605548414002956,-0.005446185963701722,0.006917343198259429,0.006926373524267282,0.0053181882885093845
2024-10-10,-0.0006027371035718376,0.007342892553628744,-0.0002496633206594545,-0.0017500366951881396,-0.0016572727838958246
2024-10-11,0.00030142667048238536,0.010913408354139564,0.0019988735258900103,0.005988233710532809,0.005745588448881733
2024-10-14,-0.0009045019178950398,-0.001629502157067031,0.004364184341538291,0.008178239537643961,0.006347649919447695
2024-10-15,0.00402384036135639,0.003468359323146597,-0.005586550247223432,-0.007769709751462295,-0.009902815136285326
2024-10-16,0.001302389982136276,0.005001609209081437,0.01023718213657343,0.0043464144766458546,0.00407727555716586
2024-10-17,-0.0049030208304962075,0.00598831083503093,0.006673267685397111,8.589743781750592e-05,0.0005710027687853003
2024-10-18,0.0007040475810853319,0.010618185005034864,-0.003191866438202129,0.003846548369420555,0.004438686753670318
2024-10-21,-0.006933367341104724,-0.00019900127714245208,-0.0050491383786561705,-0.0016422800212634314,-0.0043559876231866745
2024-10-22,0.00020233541022318668,0.01078732362833379,-0.0012377928117005554,-0.0005310730001248931,-0.0015851021320425485
2024-10-23,-0.002529220106263108,-0.012050555849465017,-0.005700903471159591,-0.009137365781024864,-0.009970835950926848
2024-10-24,0.0019270447066888075,0.007693259346016168,0.0016204004828013208,0.002162586827586299,0.003271517509421784
2024-10-25,-0.002024339545944387,0.0020569789010425055,-0.001742182653545199,-0.00034529733208077396,-0.0015985797724256123
2024-10-28,-0.0016228730716167927,3.945407605776552e-05,0.004362943686349707,0.003091537766534813,0.004418955364505983
2024-10-29,0.0011174920067587024,0.010894858433216914,-0.00843974763603006,0.001618272212904115,0.0
2024-10-30,-0.0010148207764273387,0.005505891218995584,-0.007009728004207405,-0.0030253162524023214,-0.0036342723331088678
2024-10-31,-0.0002033035959834173,-0.015495166963743978,-0.006302713138908622,-0.019602980971893724,-0.016253967475174158
2024-11-01,-0.003975014480308792,-0.0041023758773532926,0.008626035742886007,0.004220588343223586,0.004033206732020123
2024-11-04,0.004195703832119646,0.0014259144001700363,0.0015092636529219217,-0.0021541105300423302,-0.0013607512633621033
2024-11-05,0.002343611665570844,0.002254447895034817,-0.0020091655620525506,0.012091924203754711,0.011807616177453406
2024-11-06,-0.007828450460542813,-0.030386729020158154,-0.0005034178777205689,0.024865701149306085,0.015388572176356474
2024-11-07,0.0075828640872277475,0.016076503855530166,-0.0013848465708863333,0.00773195496019774,0.009787770094306092
2024-11-08,0.0017288453947590376,-0.006769426092267161,-0.00832083315657417,0.0043317116431220715,-0.00018756391321406163
2024-11-11,-0.002233580272604785,-0.02347155656813127,0.006737830043892945,0.0009527816016310364,0.002314180831184842
2024-11-12,-0.005799402446496571,-0.008631355179477884,-0.012375306484965098,-0.0031062323344024367,-0.006677187439702914
2024-11-13,-0.00020484648892782342,-0.010081225320474285,0.0,0.0004857686482722112,-0.0013191661567009128
2024-11-14,-0.00040944227085681906,-0.0026091417886487944,0.006009656960591192,-0.006430310763933411,-0.004151794296026856
2024-11-15,0.00010252804016364081,-0.0017720694429753658,-0.0007625923794317702,-0.012808537191168923,-0.01042246115458012
2024-11-18,0.0009213187587160387,0.019020246289590537,0.005596456695971419,0.004097303786948725,0.004659808785669739
2024-11-19,0.001432168482343732,0.008959325127211537,-0.001264878446533113,0.0036555808849032534,0.0029225933526348946
2024-11-20,-0.0010215979976813117,0.005632045702723465,-0.0017729178617665875,0.00033872221739161823,-0.0005702341553238677
2024-11-21,-0.0005110706340568649,0.008339500390982302,0.008500295584975559,0.005368458783025609,0.005134537613256551
2024-11-22,0.000716282841580762,0.012892210445830665,0.014089696627003656,0.00309939412825333,0.004351415897049904
2024-11-25,0.008997011830930157,-0.029458856541118794,0.00285339472455326,0.003392209664099921,0.0031393497593941166
2024-11-26,-0.0015198918842013187,0.0019383092584315254,-0.0030925303949875804,0.005221380138115128,0.0018153448417614904
2024-11-27,0.0027399366733329433,0.002222714763140843,0.0017371347718473373,-0.0030301917856291327,-0.0012495613184742016
2024-11-29,0.003946688317827407,0.008624546377060671,0.0016103645507383746,0.006212258421129713,0.008069847531650742
2024-12-02,0.0001216879979053509,-0.008754403389975018,0.003586453993401406,0.0017923271897524184,0.0025444248128609903
2024-12-03,-0.001921316080508606,0.002012776164397767,0.006161433253798698,0.00046384223378992395,0.0010522993762549504
2024-12-04,0.0032418953441768483,0.003033679807253664,-0.0026944619961561944,0.0062095099785566266,0.005812554375203005
2024-12-05,0.00020197399759602774,-0.007397709454119217,0.0017192901960110252,-0.0016456369760092793,6.143209811670935e-05
2024-12-06,0.002826818211167925,0.0003705687954560499,-0.005148943064401945,0.0018954890522955292,0.0017213452803053197
2024-12-09,-0.002919654864576793,0.009919751769426055,0.005175591892380371,-0.005149571116736196,-0.005707163347652311
2024-12-10,-0.001211721766965046,0.01316431251835759,-0.008826738148237201,-0.003108991042220177,-0.0042588551516989925
2024-12-11,-0.0023247489648335895,0.009533812345188464,0.0018552735557879618,0.007730636209670516,0.007810099546728733
2024-12-12,-0.004053065638595643,-0.014663722649505995,-0.0051239559756868225,-0.005152639643455803,-0.006458075464328528
2024-12-13,-0.0037646909816843044,-0.012091578404740733,-0.0012409422582557728,-0.000198618165903941,-0.0011760806286331693
2024-12-16,0.000919310818912944,0.002415209844427002,-0.0047216672459867715,0.004270056430311087,0.002169235629020827
2024-12-17,0.0,-0.0038386247250202787,-0.007740404352667096,-0.0041200937101640855,-0.003717428051652427
2024-12-18,-0.007615648926190599,-0.01918507783771317,0.0002517770372580941,-0.02980346115350485,-0.028874922538902226
2024-12-19,-0.002578860165083241,0.0014210967336203417,-0.010314499206184102,-0.0003071527492615189,-0.0014159227690906384
2024-12-20,0.0026889926653377305,0.010434056495473909,-0.0016524533122371787,0.012011119986430563,0.007734001517594846
2024-12-23,-0.003094279368935915,-0.004708795377563968,0.0015278483063452253,0.005988313217041075,0.006651319770221598
2024-12-24,0.0011381634862164258,0.001992014086009908,0.003813366942897245,0.011114887732055045,0.008703850483522402
2024-12-27,-0.0013434815465352967,-0.00016570802069793,0.001899556200572139,-0.010460590149906857,-0.007369153518871796
2024-12-30,0.003932085640677263,-0.0031896811646235923,-0.0030334503836790816,-0.011411585176906436,-0.009390943184526379
2024-12-31,-0.0012367289152158678,0.006233636577161361,0.005451246126297882,-0.0036380299989984266,-0.003971260039470681
2025-01-02,0.00010316740701088456,0.013587714119632333,0.011347938752560571,-0.002457123996579935,-0.0019292227625606895
2025-01-03,-0.0010318190434258634,-0.007864039973028869,-0.0028675233886064078,0.012503510745669022,0.011469015259310211
2025-01-06,-0.0010333042221944977,-0.0012320959587239777,0.004376148084160203,0.005760614778799633,0.0049687882641726855
2025-01-07,-0.0035153400511879207,0.005633435188264313,-0.0006225161404546098,-0.011303939982040045,-0.008557283572357743
2025-01-08,0.001141504028044693,0.005315681488123669,0.00012459599482439465,0.0014606948119177954,0.00012789981912453285
2025-01-10,-0.0055972275554937445,0.009558310004399662,-0.00124534838723811,-0.015267429606369842,-0.013936005598941481
2025-01-13,-0.0009378823108370238,-0.009951255605703757,-0.0037410843974079455,0.0015505849049237685,-0.00012958967215837003
2025-01-14,0.00031263850033824703,0.005249423200524461,-0.0022532171864259043,0.0013759502770052112,0.0012966717342357548
2025-01-15,0.008656617534520628,0.007488993695735191,0.011667452811578327,0.018189922211973686,0.017354274435355643
2025-01-16,0.0021717803249616807,0.006910965874952435,0.011532590417620225,-0.0019229971694386672,0.00019089561029494995
2025-01-17,0.0,-0.005307269747253374,0.012872313196117924,0.010039795288152353,0.008018369351630916
2025-01-21,0.003301513608500173,0.01548521901629396,0.005809891790525157,0.009153480443916395,0.011805537563347235
2025-01-22,-0.002365138657924093,0.005135652699768123,-0.0006018390260642548,0.005621435388493801,0.003868428639262733
2025-01-23,-0.001649225388946296,-0.0014148699521492336,0.0022878508246262363,0.005458161465926592,0.006091128433358017
2025-01-24,0.0016519498265414878,0.006218705580030903,-0.006367224051561093,-0.0029193667721001404,-0.0008030175722995025
2025-01-27,0.005566397290116987,-0.0104048052682425,0.0,-0.014145255556364478,-0.010881866180571187
2025-01-28,-0.000307356697437311,0.008656417783572623,0.0031435819114318253,0.008592315317060173,0.005938305646242981
2025-01-29,-0.0006154853140424299,-0.0038404097330004827,0.0030131743578420966,-0.0044828644654661964,-0.0032311231932258266
2025-01-30,0.0014364613538233595,0.01514551884715587,0.010694426303608617,0.005367082266790391,0.007106746827689081
2025-01-31,-0.0020489658318202375,0.0019763991077348386,0.002615567673511787,-0.005322013686878346,-0.0055090064441098985
2025-02-03,0.0009475861067285152,0.005337271410283728,-0.009842205943658922,-0.006729656557379227,-0.00802956070277372
2025-02-04,0.0018524784427285113,0.00984841707528572,-0.0020358655474549403,0.006708370482338966,0.007968934198622213
2025-02-05,0.005341459555507244,0.006209542410714253,0.006480309583361432,0.004054629802519472,0.005664843177184631
2025-02-06,-0.0010217111552928149,-0.0026502562908058414,0.012042332007196732,0.0034756291897781733,0.0031569039101737584
2025-02-07,-0.0031708419963497603,0.0017841598670260694,-0.0027096837596747303,-0.009153513013858694,-0.00900896129891271
2025-02-10,0.00030795232054292576,0.016938239196991,0.007796719013904996,0.006791120950360163,0.006724650298266077
2025-02-11,-0.00225679152525049,-0.0036516022155236305,0.0007034262664393776,0.0007605411933127026,0.0017938085327029452
2025-02-12,-0.0052430023887960475,0.0010471549570203464,0.003279895399283861,-0.003221587631860312,-0.0008643727647047461
2025-02-13,0.005994055382712693,0.009862831092105617,-0.0036193828091400926,0.010557708255736653,0.010628486167279627
2025-02-14,0.0036983206135308144,-0.014871773334245608,-0.0043357092006522935,-4.917696795181392e-05,6.0967261343858326e-05
2025-02-18,-0.00399155791300676,0.01656090548123368,0.0036484203725390962,0.002935693726665356,0.0032405129180701486
2025-02-19,0.0014384940645693067,0.000554096378723612,-0.006214769326875702,0.0023550205989428807,-0.0003657409344557383
2025-02-20,0.0015392552021502581,0.0005168326664386491,-0.003539938422695843,-0.004160346116164559,-0.0019507612116447248
2025-02-21,0.004303489739404753,-0.0009225433005247696,0.00023688730086668386,-0.017104107843856187,-0.014843268052502245
2025-02-24,0.0017343499135797913,0.005429568123388684,-0.0009470356230703025,-0.004550303389776356,-0.004030356159601567
2025-02-25,0.006212340334890376,-0.013188334192659745,0.0011849890484754155,-0.004973286374205688,-0.0013695480248655523
2025-02-26,0.001619399300922808,0.0015263333689308212,0.007693167772881981,0.0005046930920669102,0.0006234551634178853
2025-02-27,-0.0015157680528081752,-0.015239958822878874,0.0034060960289707953,-0.01596180843971251,-0.015263919158625683
2025-02-28,0.004453204733800176,-0.006265820058134697,0.005735732292654561,0.01560549055036331,0.012273810099701743
2025-03-03,0.002162457339665247,0.013180390342641513,0.007216089510753587,-0.01751987501654706,-0.010687632186132112
2025-03-04,-0.0025211392903213836,0.008697635934455272,-0.012595386962546362,-0.011836867992038314,-0.008402054111476098
2025-03-05,-0.0034373210026080736,0.0020813110966888537,-0.001287275461083759,0.010747947228388455,0.014525906780565867
2025-03-06,-0.0010145408517034937,-0.005081207410422395,-0.005155810256050275,-0.017751154831232574,-0.017269469457110054
2025-03-07,-0.0012186362598987088,0.0005219558189655249,0.0004711195108642041,0.005604885237354251,0.007348584517995471
2025-03-10,0.004778918214910055,-0.008755937163287819,-0.00941845648517381,-0.02663561657302338,-0.027277368882750785
2025-03-11,-0.0035418687675358163,0.011727541035094546,-0.011884954614755028,-0.008313000999340847,-0.005934527559015024
2025-03-12,-0.0029450990884607453,0.004346793335703092,0.005773479950809568,0.005306600218026203,0.005051485845244175
2025-03-13,0.0030557951371270597,0.017756144523255468,-0.0038898906659274868,-0.013330436330021067,-0.012793552255005669
2025-03-14,-0.0020310997190645663,0.00039975774946587883,0.010805577463871785,0.02065567864541107,0.02129062332274123
2025-03-17,0.0013228853416717978,0.0054135329342379634,0.00546383524636096,0.007711337640769589,0.009128448272901046
2025-03-18,0.001016108334597421,0.011671955843306048,0.0027170359219905738,-0.010808379622018083,-0.0085968734783054
2025-03-19,0.0029439032393829834,0.004107707999658539,0.0004712038005356689,0.010890845995021214,0.009059788098363386
2025-03-20,0.0006072420991349858,-0.0012805854303336028,-0.00023534712478512354,-0.0028916989401738258,-0.003847905122834505
2025-03-21,-0.00121382878378129,-0.008049901213267985,-0.007184991431146703,0.0003298919546212975,-0.0006437445519551499
2025-03-24,-0.0038485033847657224,-0.004452548665506595,-0.00023725101773441892,0.01790848775160092,0.014108072185640808
2025-03-25,0.0009148967955887599,0.004400365088198743,0.003203902419230298,0.0024038215328545665,0.002286930190491976
2025-03-26,-0.002437604017210715,-0.0008259812019960622,0.002838882169199586,-0.011938228305225729,-0.011408461471742348
2025-03-27,-0.0005089244595553044,0.013405732882559862,-0.002005086360817643,-0.002655735881150312,-0.0025642480081609076
2025-03-28,0.005806781020062379,0.007412123023167849,-0.0009454870189128384,-0.020138212342233786,-0.017354475766530597
2025-03-31,0.0019242827747594227,0.014363222998346137,-0.012303324725046472,0.006712577101404937,0.0019621828651543716
2025-04-01,0.0037021713140130696,-0.0019782303576065807,0.009102802529845189,0.002824553701041621,0.00274202269735091
2025-04-02,-0.0011117399872693223,0.0020516615880092903,-0.002848653883479768,0.006328518960180052,0.006705817800833458
2025-04-03,0.005260666873493802,-0.006038278082531101,-0.015117141987005422,-0.04928101496649295,-0.041065852517220724
2025-04-04,0.0009055360319245587,-0.02339226273628292,-0.04906950181279013,-0.05854288397358964,-0.06089831657329259
2025-04-07,-0.01266846084370743,-0.02148580630415131,-0.04334015510806577,-0.0017811884523963872,-0.008904971761402924
2025-04-08,-0.005193355839595237,0.005443793790763651,0.027102492357482744,-0.015662692960500824,-0.012390221829553072
2025-04-09,0.0022518921508978273,0.03699125081478161,-0.028198187973018207,0.10501930911064017,0.08936166315386962
2025-04-10,-0.00786424242264927,0.0244235794430141,0.032077719501462765,-0.04381917539064717,-0.029498869187244092
2025-04-11,-0.001029571001319285,0.019086664805096243,0.007480087238547206,0.017842895866355013,0.019569683115330472
2025-04-14,0.005873981416795404,-0.005705977012200658,0.02112134903495133,0.00970139106478829,0.009188759411800529
2025-04-15,0.002048897508405201,0.005232379352138938,0.01441641762447854,-0.0028007924327630995,0.0012138723274470742
2025-04-16,0.003169437361551841,0.0325408102664011,0.0028422774470573398,-0.02222796326408627,-0.01623443753871534
2025-04-17,-0.0025478509992014065,-0.004390692094044635,0.0012323063361403541,0.0014267171117980926,0.004313855679607181
2025-04-22,-0.0041893856405949,0.016300765431754183,0.007015433231635448,0.0015957595030993144,0.004840899617268857
2025-04-23,0.002462610059672521,-0.023978630729734163,0.008677526822016501,0.015495362918822586,0.01248466482092181
2025-04-24,0.005527240564950464,0.014556277018207942,0.0007270796052654127,0.02104903098185429,0.019300402752276513
2025-04-25,0.0036644629130317963,-0.010841679678267213,0.0006054471314678178,0.0072251980963009554,0.006245853965614501
2025-04-28,0.002738557449996959,0.01424210344049559,0.00048382818336123457,0.0003814976130547265,0.00261354184572693
2025-04-29,0.002427326824072429,-0.009738925467677184,0.0058055676552579705,0.006299276475910887,0.004757173741938514
2025-04-30,-0.0009083173236961173,-0.007482221012837353,0.0016835443307519071,0.00039694175083582195,0.0006486473794351522
2025-05-01,-0.0027251550631993693,-0.02077228754256477,0.0018006401640837666,0.007086979683865069,0.003240932257304374
2025-05-02,-0.004876917671400749,0.0017481999132260562,0.011503998242694768,0.014844024038501491,0.015699646728963845
2025-05-06,0.0007148374105010458,0.058728771577912786,0.0007108135458520071,-0.014044722032839907,-0.00954129030452211
2025-05-07,0.0015301511086582842,-0.014993060801348546,-0.0039066975686350425,0.00420552756227166,0.002054995223784717
2025-05-08,-0.005194842950197787,-0.0196942722998793,-0.0030901245193906135,0.006967872870209169,0.00378143352243665
2025-05-09,0.001023888375562887,0.007254674259445482,0.002980388445634974,-0.00127433074633454,0.001021527600723271
2025-05-12,-0.0033757938540148746,-0.028190568373488878,0.005467804918092067,0.03304754271395138,0.024556636875892268
2025-05-13,-0.0010261411325435121,0.004258992599597278,-0.0005911322937326435,0.006603966987809073,0.006163257546430101
2025-05-14,-0.0028768219103343373,-0.021037827999516923,-0.001655990522421047,0.0012778715696883935,0.0
2025-05-15,0.0056669883555136025,0.015963953531585195,0.007819875605187265,0.004884496319431886,0.005506813469969396
2025-05-16,0.0006149736683338514,-0.012087047232674286,0.005643197850401682,0.006333833619255991,0.006153410661616565
2025-05-19,-0.00030733889826883853,0.012880671121226372,0.0017534873976123855,0.001093923920310047,0.002568695375498864
2025-05-20,-0.0017413013760271268,0.0186222454642182,0.009219267510896856,-0.0033620496266493216,-0.0010370869726169518
2025-05-21,-0.006566811235825254,0.007378683875855163,0.00034682909452676824,-0.016850877987892088,-0.01312888703902959
2025-05-22,0.0028920589185796874,-0.008861493387459118,-0.0048548414339939505,0.00039470808698149895,-0.0007426102746325158
2025-05-23,0.0014416943929878023,0.021906288045034472,-0.002787840546727427,-0.0068258512570531504,-0.0032818566395658166
2025-05-27,0.0045249640981535055,-0.016949152542372836,0.007221990151657032,0.02079068471986001,0.01783044125014932
2025-05-28,-0.0018426712331296446,-0.0022660178699712707,-0.0054354373482359275,-0.005785347040202837,-0.006470058323772121
2025-05-29,0.003692310323446746,0.0059247154716217665,0.0003489068826887376,0.0039473365509063996,0.0035633041317320036
2025-05-30,0.002452457573516087,-0.006576942326457891,0.0063929755770162355,-0.0011185059286688004,-0.000244931849909924
2025-06-02,-0.002628530353662173,0.026581051258171673,0.00011559371974168009,0.005632816282124864,0.006980547990598662
2025-06-03,-0.0007178375628886791,-0.008855551213511115,0.001963244176378831,0.005702662290135274,0.0028580348069164874
2025-06-04,0.005951729877541334,0.006441974072654677,0.0016136876295442804,-0.0002684085986693896,0.001212811635725064
2025-06-05,-0.002550181818745001,-0.00504987891618125,0.0014959197907609134,-0.004832859623354335,-0.0041183566113709436
2025-06-06,-0.005113567182169154,-0.013416073696802311,0.003102436898301253,0.010269030973764526,0.008574625958512883
2025-06-09,0.0012337907364090572,0.004718534884218695,-0.0004582117013600673,0.0009013320810069558,0.00048238549648305096
2025-06-10,0.002258711149048409,0.000293510988597534,0.0024065217789870363,0.005669614593777128,0.003736473480743463
2025-06-11,0.0033803085282519962,0.005412290790508978,0.0012576158535411164,-0.002851975015019881,-0.0022816773987547334
2025-06-12,0.00367531952862854,0.0124202002480438,-0.01140054211402719,0.0039742753822695764,0.004814472057534491
2025-06-13,-0.0035601020190870747,0.013100564311248064,-0.0038118447102606368,-0.011180059785133145,-0.011798466646056438
2025-06-16,-0.002041554096656517,-0.01425909653729851,0.0018552690497639635,0.009514136167775744,0.008678396490699125
2025-06-17,0.003068636716617501,0.0005131941200071655,-0.004166731148006031,-0.008544966880486782,-0.009203220447408955
2025-06-18,0.0007138845201952737,-0.005385627565021256,0.0010460236200804385,-0.00015071307483049967,0.0002444271924919583
2025-06-20,0.0009171851210816317,-0.00041901914110908933,-0.007082291633955684,-0.002348577608368929,-0.004032205039343317
2025-06-23,0.0020361497318894806,0.0030631724583116693,-0.0009355158037489542,0.009877485739587577,0.009017313279492178
2025-06-24,0.004064186874007891,-0.015719378751237634,0.0004682673650160396,0.011047288866202987,0.011672441853371796
2025-06-25,-0.00010115297410362434,0.003037305817845004,-0.004679553407884396,0.000560282661534961,-0.0017427156847947822
2025-06-26,0.0027324578470464544,-0.0011070472235482631,0.0027033023905400633,0.007823809728070064,0.009511249270348188
2025-06-27,-0.0028258187575977978,-0.018123728993798327,0.007150510250271802,0.004968423150459644,0.005306954397478414
2025-06-30,0.004048554837376095,0.01198454729743359,-0.005703002722564299,0.00478117884896645,0.00468604258660954
2025-07-01,-0.0009203408209091934,0.008923010663382636,0.0029263523579230455,-0.0003237141327537829,-0.0013579877499522164
2025-07-02,-0.0012146532360922668,0.005527596405484614,-0.0011670685160002359,0.00453326557880418,0.004256554444779015
2025-07-03,-0.002027045461773569,-0.006822911403597365,0.005141443927598521,0.007881400243543668,0.005886935004332239
2025-07-07,-0.0035542921092175384,0.000748780548875283,-0.0018601558561904818,-0.007451971921066947,-0.008193420178814304
2025-07-08,-0.00040764909449053643,-0.010443411868664265,0.005474035503544306,-0.0005477352950125081,0.000531064631077216
2025-07-09,0.004180147838339199,0.004471282664348264,0.0019691773253234235,0.005996656078344209,0.0067232786227704455
2025-07-10,-0.0003045478471273011,0.0022257895319868215,0.012254302180041421,0.002820258275139098,0.0019332361771253748
2025-07-11,-0.004164095974901416,0.009601575193336043,-0.0037687460233066794,-0.0035154084840562927,-0.005379094371684157
2025-07-14,-0.00010202564775319001,-0.0036553174266280575,0.005731933323282368,0.0019081841138897104,0.0020575519201193604
2025-07-15,-0.0029580708165988234,-0.004155705135267751,-0.006953126196133086,-0.004273212189356279,-0.00580796418019347
2025-07-16,0.0014322540882958368,0.004988096125243757,-0.001033056330898674,0.0033431741923299896,0.0031274516737582747
2025-07-17,0.0004086883082434767,-0.0021735334020257513,0.004825891601906163,0.006119736739210957,0.005588215495668125
2025-07-18,0.0018379800908669974,0.002600924347578637,0.001943957419485276,-0.0007325310505222893,-0.0008189586064025756
2025-07-21,0.0027521151288640855,0.015370115792427752,0.0023967328731953064,0.0018962420109840394,0.0024003251322299857
2025-07-22,0.0019312563415521122,0.009484882235462067,0.0007970471024529857,0.00014309729281114514,0.0017521827218902608
2025-07-23,-0.0022318344384634203,-0.01240118112003663,0.004209330165558134,0.008507575318954297,0.011485549508686965
2025-07-24,-0.0006100436359767203,-0.006118276977772341,0.008723191646342388,0.0003309323466664793,-0.0008068792525727231
2025-07-25,0.0016275329469066513,-0.0092499926477293,-0.0019092438560527336,0.004224338563401986,0.0023073585621806725
2025-07-28,-0.0013202976591656368,-0.00647361832754334,-0.0038258607826083812,-0.00025097216601477346,-0.0043164939299665805
2025-07-29,0.005390566136626251,0.002750389076383808,0.005647833268541458,-0.0026376616892719307,-0.0021388261527731656
2025-07-30,-0.002832551222605839,-0.017273497289540862,-0.00011232914551806417,-0.0012592724779846298,-0.002838415550028617
2025-07-31,0.0005073563027808703,0.0066454015709211944,0.00011234176477259439,-0.0037512610547767444,-0.006041571799989209
2025-08-01,0.008647738361778678,0.020299689958884537,-0.006739337269013768,-0.01639041762130744,-0.012507288912065762
2025-08-04,0.000806932347954481,0.005823229257701401,0.005880402698946741,0.015199764160073403,0.014559641906605414
2025-08-05,0.00030233564889314835,0.0008040912066364925,0.0019111756345286945,-0.005069926343612585,-0.0033834743362726183
2025-08-06,-0.0004030190195544181,-0.00212110700071233,0.002356392839103272,0.007659660445043404,0.007902088071028546
2025-08-07,-0.0008062830065355131,0.008437987494967825,-0.004701706610418244,-0.000837636431655131,0.0009292511034688644
2025-08-08,-0.001916797672264381,-0.00022357985855403495,-0.0005623351114860675,0.007797652437033564,0.007426747792460775
2025-08-11,0.0007076335122715438,-0.014374701087597641,0.003151027098379666,-0.00197750115446238,-0.0030524316177191757
2025-08-12,0.0,-0.0009074665058316222,0.0025801766733699605,0.010645980769615315,0.011669392441222337
2025-08-13,0.0036360432326116854,0.0030492830145867345,0.00212586097096068,0.003423036365476362,0.0037118486999643263
2025-08-14,-0.0028178856615033165,-0.006338706734070332,0.004243111573342118,9.320496566211922e-05,-0.0009671482350690486
2025-08-15,-0.0015138217040552293,0.0005858183101099534,-0.0038914700329111263,-0.0023412933863844465,0.0006833382143205391
2025-08-18,-0.0011115141359421266,-0.0015612675411803556,0.0014510148244484267,-0.00021771255650937515,-0.001138207427288096
2025-08-19,0.0019222142571719836,-0.005473279447945512,0.0042354081207689465,-0.00542510102815319,-0.0041590676178887565
2025-08-20,0.0006061331439071171,0.010122175284489776,0.01021094501741504,-0.0026569843521784264,-0.0006865935304285475
2025-08-21,-0.002321395179734065,-0.0034698951143765644,0.0030762498233340985,-0.004011906127353915,-0.004064678107707054
2025-08-22,0.005563914713409002,0.01070642694476942,0.0007666202931828625,0.015356735941821187,0.014945863948326199
2025-08-26,-0.0003017082934403392,0.004829673722878347,-0.006019413297809639,-0.00023247823230088116,-0.0035115160061298667
2025-08-27,0.00100621085165975,0.0020187288833615202,-0.0008808544671515817,0.002278548623544596,0.0015346058639089666
2025-08-28,0.0012066223456403957,0.007419038046796889,-0.003306234207446468,0.0035414199062957508,0.0040293300710385616
2025-08-29,-0.0013055191361495133,0.00964990177666114,-0.0033169991294185186,-0.005963734491660877,-0.0058783411561253995
2025-09-02,-0.0026528406201384858,0.023642559312442524,-0.007543982292547269,-0.0074102526816088865,-0.007562070121318043
2025-09-03,0.0036410634818218046,0.007831992196408066,0.0068188019388266685,0.005419546163007771,0.003723881001526763
2025-09-04,0.004030825119964332,-0.004418882618094533,0.004218881873951252,0.008357417548391144,0.008333328177518862
2025-09-05,0.004717685734803689,0.01334594055214322,-0.0009950234651656675,-0.0028961941058495144,-0.0013020263804534027
2025-09-08,0.0033965891046419117,0.011388067271604019,-0.0007745278120214749,0.0024565777359784047,0.004704517490077942
2025-09-09,-0.0019914479830021037,-0.002269905468609168,0.00343327074876032,0.0023118846201510834,0.0016923910455015623
2025-09-10,0.001995421761644689,0.0035922056391106683,-0.0018763694636436679,0.002890900188266654,0.0016896189078245971
2025-09-11,0.0018914856598966079,-0.0014913797811720864,0.00030260370844148454,0.008310195052279257,0.009052082712098786
2025-09-12,-0.0008942671062784902,0.0019715725978484144,-0.0016583498319006074,-0.00033472424849623206,-0.001225815447259082
2025-09-15,0.0016908230238064093,0.01040483601055886,-0.00044296120648246173,0.0053239632981088025,0.005188227784425292
2025-09-16,0.00039720613875182664,0.0020064107533963593,-0.00941723232038616,-0.0013767915798059693,-0.0009435627602876195
2025-09-17,-0.00178663939890511,-0.007715171664187115,0.0016775710950041045,-0.001242457061691904,-0.002499761929483424
2025-09-18,-0.0027839988822466744,-0.0040063094596702875,0.00245655326721983,0.004672593154858351,0.005234981261935445
2025-09-19,0.0,0.010607227252210416,-0.0020049386020277726,0.00495277480627232,0.0029916738094108997
2025-09-22,-0.0011966085991726993,0.01730643093326134,-0.00011153732708735209,0.004731142076964234,0.003700895962723383
2025-09-23,0.0015973895823406803,0.004086375052867464,0.00011154976905047853,-0.0054435624348510014,-0.0040724391028124085
2025-09-24,-0.0018938748730371602,-0.009063049726670935,0.002455388305587114,-0.0031816642308674092,-0.004475856022010616
2025-09-25,-0.0013980556321060433,0.004165188877066628,-0.003228630863949311,-0.004613467564511753,-0.00455150439709151
2025-09-26,0.0006998877853441332,0.00577227044053652,0.007148401839561336,0.005729127602591033,0.005352960827586184
2025-09-29,0.0018988750408661659,0.016496514338703028,0.002328966777338737,0.0028103535347194786,0.003494071681245936
2025-09-30,-9.974722286054671e-05,0.008540004081594166,0.005089612136012001,0.003766834755358328,0.0034820768258179147
2025-10-01,0.002551779023970857,0.0015753722020723782,0.010788170311503142,0.0034074798459751143,0.004406299670340008
2025-10-02,0.001098078335360686,-0.003482825151325697,-0.0014157921797395279,0.001151824796685963,0.0015354350332743572
2025-10-03,-0.001096873881914484,0.008032937892485048,0.005998515618399036,-1.4805406382656372e-05,0.002025766309504462
2025-10-06,-0.002196077949785602,0.01884573861512795,-0.0005421221497634576,0.003586271966467658,0.003278604743332414
2025-10-07,0.0017006432401402982,0.005159462258136571,0.0006508199815242754,-0.0037075138893177817,-0.0053920026583026415
2025-10-08,9.994675807045716e-05,0.01649095687844504,0.006937697053057024,0.005963055269571305,0.004928409931913569
2025-10-09,-0.0011983749603974303,-0.018452848086064955,-0.004413821803552875,-0.002896974724933221,-0.004631697681062863
2025-10-10,0.004099169805560576,0.010097700011942212,-0.007785547474715715,-0.027027862178845674,-0.02447042280218026
2025-10-13,0.001891980879795474,0.02430104394061705,0.0013078062400260215,0.015344118135168339,0.013748649722653772
2025-10-14,0.0015901063532539617,0.007141189222626965,0.0008706877815540803,-0.0012216462876413203,0.0006642357928201559
2025-10-15,-0.00039689548228549754,0.017332403569977117,-0.003262305175999236,0.004439529909605389,0.004093615893454361
2025-10-16,0.0035737124877026627,0.02338727694573084,0.0022911078321266043,-0.006810319600221937,-0.0034707793108008644
2025-10-17,-0.0013848931048797697,-0.01881705572696646,-0.008707958443524011,0.005676392528467966,0.0042015626888769475
2025-10-20,0.0016837983541331258,0.03640197438905224,0.007357068289834956,0.010400500262923273,0.008808632929155014
2025-10-21,0.0009889606352804226,-0.06426889260666147,0.0018529683428227806,-1.494287878323064e-05,-0.0020737250275599806
2025-10-22,-9.893858375731313e-05,0.00010605594835544352,0.00935703783804609,-0.005198916065879078,-0.004757740781501485
2025-10-23,-0.0017782658884597513,0.004002358382396931,0.0075454943407311514,0.005929962705964353,0.0064288900821973805
2025-10-27,0.0016826213113925181,-0.031099021921270786,0.00663317487466375,0.020066636245599234,0.0169250774995775
2025-10-28,0.0005927358495712021,-0.007166030388359279,0.0056328843917228255,0.002656016019079832,0.002040184993400196
2025-10-29,-0.004739778637969927,-0.0037872684129753864,0.005390028640575917,0.0004803706386860007,-0.002303851342847163
2025-10-30,-0.0018850663497660403,0.01964188672951095,-0.00010511771836796413,-0.010998097614260183,-0.008377731465361693
2025-10-31,-0.0005964867720885669,-0.005430550723012573,-0.004100150363663402,0.003280040742968948,0.0020579738098931433
2025-11-03,-0.0012274143561200601,0.0017929035935666526,-0.0019001085776330084,0.0018768302726830388,0.0017835129455539
2025-11-04,0.0004997210813419972,-0.017517195825319742,0.0012692151437505572,-0.01185354736001909,-0.012300378247616761
2025-11-05,-0.0026965023494704976,0.011564369498527016,0.006337773448314099,0.0034653852011290454,0.004533550515213536
2025-11-06,0.0037048860797312955,-0.0012005195756799036,-0.00451348380458072,-0.010729363869237507,-0.009461154712857578
2025-11-07,-0.00039899044751934287,0.006119021470095687,-0.004850329516646434,0.000984565078659072,0.0021408176010653257
2025-11-10,-0.00039922815367299247,0.02734111859838051,0.010701452559455094,0.015604278627143309,0.014296678146488162
2025-11-11,0.0029952892825055866,0.003937814406542062,0.011217003289191174,0.002289267544563822,0.003186253541687112
2025-11-12,-0.00039811664536026914,0.016110762091908537,0.0012440836093550178,0.0005564804700675108,0.0025840211163157267
2025-11-13,-0.0029876119816336644,-0.008083098515826892,-0.008800988012547584,-0.016593994920437227,-0.016162011735233017
2025-11-14,-0.0011984059881356979,-0.018047911171504505,-0.010341493838647353,-0.0001637328001578009,-0.00021829431431630297
2025-11-17,0.00019989537524800483,-0.011463979297139493,-0.0028499262854552176,-0.00931643825039885,-0.01042631545758066
2025-11-18,0.0005999592272927234,0.007264932736103624,-0.013020003334535346,-0.008397553343794883,-0.008329658806282447
2025-11-19,0.0,0.0016294519610446923,-0.004290070355137177,0.0038631766432766224,0.001613202070873232
2025-11-20,0.0011989633542133227,-0.0002933255655774847,0.0026928300334421174,-0.015242227316648038,-0.01532817042266399
2025-11-21,0.002395212023569071,-0.0015473311468576778,0.0009667917335700604,0.009961232480063087,0.010603420071544134
2025-11-24,0.0019912144890104067,0.01584423909859023,-0.0005365877500489447,0.014718418739979588,0.01105036786451219
2025-11-25,0.0015898528103255316,-0.00031569077041548876,0.008482834788295257,0.009406020957730021,0.011371169076123122
2025-11-26,0.0015874071728252392,0.007998338908444147,0.009050248470375166,0.006903490619724062,0.008241376524213528
2025-11-28,-0.0013868188212149413,0.012424331348639184,0.0030599937733359894,0.0054584342293309,0.005034403742783855
2025-12-01,-0.004318581415785228,0.004821066034977672,-0.0015779269533493512,-0.004565560353440801,-0.004470467424447233
2025-12-02,0.0012991578065242315,-0.006440050713598433,-0.00010536138278904872,0.001852367504067809,0.002434572793592382
2025-12-03,0.0018964318302749916,-0.0009296182229129313,-0.0007376717248247511,0.003462749080359595,0.004209933711847302
2025-12-04,-0.002390835303060057,0.0006461951944911615,0.002847221739391337,0.0007310498015529188,0.001021188963568953
2025-12-05,-0.0010985234717848513,-0.0017823532991587676,-0.004101012895748157,0.0018994848443159018,0.001771747093952225
2025-12-08,-0.001599467115833364,-0.002639449868615862,-0.0020060293684349695,-0.0030042091058060105,-0.003590924580707422
2025-12-09,-0.0009012788934102955,0.005137202012788666,-0.0003173883473135408,-0.0008631180942337835,-0.0001614230684560125
2025-12-10,0.0032071064239185265,0.004259147967166088,0.001058297048863066,0.006632235252757246,0.006724881102046165
2025-12-11,0.0001997544398006923,0.010769830543307712,-0.0002613902242379895,0.0023269460314641055,0.0038475717458017478
2025-12-12,-0.003096358042478209,0.005594579039939429,-0.005922068820284787,-0.010751986278262682,-0.009369218583033634
2025-12-15,0.0010019882763290244,0.0009103412637567754,0.011063823762802905,-0.001510898681416406,0.0009135130785564716
2025-12-16,0.0019017465954422885,0.00022745542760316262,-0.0070496767961424345,-0.002732285145230273,-0.0031119887804790247
2025-12-17,-0.00029970993338435115,0.008588228474273762,0.008477315628411697,-0.011003593983400228,-0.010315498709061566
2025-12-18,0.0024981488596371726,-0.0018032036998043566,0.006199377252773086,0.00755126270975226,0.007570363919972012
2025-12-19,-0.0014601176232330593,0.0011289903434381632,0.00574350045621741,0.009063506223587092,0.008221268213961963
2025-12-22,-0.00040054538622713576,0.02308160549906857,-0.0036340940058618987,0.00622989400678442,0.005994108170173318
2025-12-23,0.0,0.013252341857567629,0.0023968528495714736,0.0045704023396588855,0.004938652737446203
2025-12-24,0.0022043127408901686,-0.004134082564786756,-0.0012475693404344623,0.003517674396244841,0.0027241861800453293
2025-12-29,0.0013997372603844482,-0.03235983494592798,-0.0003121866140124441,-0.0036647017840368834,-0.0033027584194481596
2025-12-30,-0.00039934364807359124,0.0007275678386380324,0.007288620749864583,-0.0012211244085722495,-0.00048110347074281634
2025-12-31,-0.002397253115298037,-0.006467991163222386,-0.000723600736208696,-0.0074089416209803804,-0.006630595560940922
