Date,US Bonds,Gold,UK Equities,US Equities,Global Equities
2021-01-04,100.0,100.0,100.0,100.0,100.0
2021-01-05,99.89835146724228,100.29616260665273,100.64933707990642,100.68874597595057,100.77041027080524
2021-01-06,99.40695429453731,98.66724734812324,104.0506882328173,101.2907080339646,101.3795621732813
2021-01-07,99.30530576177958,98.43689679433206,104.42177446448271,102.7956399146491,102.54413306502406
2021-01-08,99.18671964413728,95.06937673291195,104.70005367961619,103.3813377859478,103.29659509682136
2021-01-11,99.02573968014134,94.88290367062038,103.44772156646897,102.6844641725811,102.34703039379241
2021-01-12,99.11046597698132,95.49717181406353,102.86022431214776,102.70615569612367,102.63369537396065
2021-01-13,99.42393025183894,95.08582974612733,102.67471429102295,102.98272707723297,102.79495374228982
2021-01-14,99.22906744359044,95.03647070648117,103.58687062966654,102.62210772630857,102.71433573850668
2021-01-15,99.33073132531499,93.857293459241,102.50461694814031,101.87368778090813,101.71997497383418
2021-01-19,99.46628572577552,94.6525531168292,102.21087777661053,102.6736094989267,102.54413306502406
2021-01-20,99.47472765752588,96.19371339235943,102.69014588052679,104.0944666741467,103.75347765764748
2021-01-21,99.33073132531499,96.13338288764442,102.27268923530329,104.18938714138248,103.73555923299006
2021-01-22,99.33073132531499,95.37651080463351,101.88618086976487,103.82060450550945,103.33243939972382
2021-01-25,99.58491021583487,95.45878423948625,101.09771363792252,104.23006988787871,103.57429341107324
2021-01-26,99.5510273715823,95.22294376877274,101.29868361544365,104.06733890189379,103.43097582816438
2021-01-27,99.55945395436584,94.61964709039843,99.9690800872074,101.52389636798877,100.94956470302894
2021-01-28,99.49168059137727,94.70739370462188,99.42792487955181,102.39703811781742,101.64829382161686
2021-01-29,99.38159012686918,94.66900613004458,97.40260440222022,100.34709111233045,99.87459338816093
2021-02-01,99.47660023147776,95.55750231877855,98.34569010928723,102.01742754393936,101.3795621732813
2021-02-02,99.32387801163037,94.39477808475377,99.14966457567999,103.45996733081881,102.6605804645344
2021-02-03,99.20506165948578,94.25218251396184,99.01051551248243,103.54130608816187,102.79495374228982
2021-02-04,99.16260641726488,92.2228882837892,99.0259660132479,104.71812916758645,103.69077062493413
2021-02-05,99.03534813336994,93.13332740266088,98.76314675451073,105.13029485054459,104.09387555102509
2021-02-08,99.13715783027925,94.0711909998168,99.22693599076904,105.88955164583321,104.9090818834739
2021-02-09,99.17961307250015,94.37832507153838,99.38155446599373,105.81901409084577,105.19573195646687
2021-02-10,99.27295013972548,94.72385508661306,99.24241485842698,105.77293074317173,105.08824376928523
2021-02-11,99.15413378758089,93.90117095074064,99.3351745968048,105.94375371904023,105.44656008732028
2021-02-12,98.92503510884298,93.61597144038096,100.23188989031372,106.46707732030012,105.95717556135578
2021-02-16,98.45829605133247,92.27225569221116,102.62831551057239,106.37488388930265,106.20799623862153
2021-02-17,98.65348118788417,91.22470255069408,102.05625930138584,106.39931136096665,106.02884925998546
2021-02-18,98.6025686649461,91.21922100254753,100.92764466193236,105.94649857904479,105.47345263148166
2021-02-19,98.29707817835084,91.59764867527718,100.95854566346331,105.75938468081154,105.47345263148166
2021-02-22,97.99161838968924,92.96878890173123,100.72663686188794,104.94591690043278,104.78366036445956
2021-02-23,98.01710534909192,92.75489136115544,100.98948448751757,105.07333009356674,104.77470860571849
2021-02-24,97.98313808552183,92.6890793082939,101.4997008711189,106.2311708619208,105.60781845564944
2021-02-25,97.08361955958749,90.94499295725673,101.56152178544247,103.67145522941728,103.35930958312234
2021-02-26,97.87280971202806,88.74567867800792,98.979586144059,103.13730369015236,102.36496372562509
2021-03-01,97.82182811873929,88.59211164214713,100.55659625279023,105.63734535320599,104.70304236067642
2021-03-02,97.83884244845797,89.07475567986721,100.94310461832868,104.81304072293909,104.29990762023493
2021-03-03,97.48184082921873,88.09301459121166,101.91713860508077,103.42470300926666,102.85766077500318
2021-03-04,97.20136915853817,87.2264529638396,101.82436941107211,102.1448585608396,101.62143109180599
2021-03-05,97.13335788656391,87.28130192040808,101.42236326661408,104.02398259045806,103.06369284421302
2021-03-08,96.75088465688881,86.37635271845873,102.75199516174283,103.50605959037597,102.55308482376513
2021-03-09,97.1163819292623,88.21367560064168,102.95297459489477,104.9838636988076,104.14765318576025
2021-03-10,97.27787608364665,88.66341361193099,102.90660418133668,105.63734535320599,104.738864302816
2021-03-11,97.2693574070622,88.5866300940006,102.32776828484975,106.70844676303916,105.71531409641872
2021-03-12,96.71685599745146,88.57017708078521,102.72973660678446,106.85214196665476,105.80488385894293
2021-03-15,96.81890360334647,88.95957621858372,102.46690789241649,107.4893505224547,106.27071817851015
2021-03-16,96.78486726942572,89.04184965343644,103.2709107257017,107.35376513248896,106.41405066859426
2021-03-17,96.77638696525831,89.67805235824152,102.69880723836104,107.71984746777308,106.79028541128672
2021-03-18,96.40238636526719,89.15702074594414,103.00809146696453,106.15256805269917,105.30323505082377
2021-03-19,96.47889329037567,89.52997523930306,101.894794949445,105.9561412365933,105.33906444655099
2021-03-22,96.66588207864612,89.39834276480417,102.2813316818759,106.80215521416905,105.79592464661422
2021-03-23,96.91236346230635,88.74567867800792,101.92573377349925,105.96160422095302,104.81053054785806
2021-03-24,97.03138702550301,89.0528127497295,102.08034279309312,105.42291653317409,104.23720804110921
2021-03-25,96.98039008324743,88.72922566479254,101.55465699746466,106.0160112674721,104.83740073125658
2021-03-26,96.81890360334647,88.98151914872143,102.59058754358692,107.72442817570276,106.15425587182452
2021-03-29,96.65740944896211,87.92299454213548,102.46690789241649,107.67003004106685,106.01093083532804
2021-03-30,96.73385497820331,86.42023020995836,102.99260314367575,107.38438636292949,105.7780285827197
2021-03-31,96.75088465688881,87.7310399316974,102.18858139912889,107.81964273508189,106.14530411308345
2021-04-01,97.07606019342921,88.8389152091537,102.49783726083992,108.98400700188834,107.30090088532222
2021-04-06,97.22077025259718,89.51900377423419,103.70383678295232,110.4829679208746,108.50129371920457
2021-04-07,97.06751081891113,89.2667102903053,104.61610658916581,110.61082670816515,108.56401565909317
2021-04-08,97.3058649246408,90.22650844882314,105.65207495781135,111.13587921475259,109.31648514447812
2021-04-09,97.19524492077745,89.54642825251844,105.2191489005607,111.94386618700536,109.7912712227864
2021-04-12,97.16971191447433,89.00345371008335,104.87898258168791,111.98464696421601,109.71960497774434
2021-04-13,97.4506133562258,89.63417486674189,104.81712384484103,112.31657005145632,110.28396827216447
2021-04-14,97.3739913138662,89.24477572894338,105.55931521943351,111.9329758658184,109.90773352947201
2021-04-15,97.757040129797,90.6872179251813,106.40972628880012,113.13539387359724,111.09020793869692
2021-04-16,97.50169471779888,91.23567401576292,106.90449217163595,113.51356963429107,111.47541680089337
2021-04-19,97.42506500095585,90.98338053183403,106.54889426325933,112.95586398790907,111.0185491472425
2021-04-20,97.57829373670828,91.30696761677099,104.43059656804097,112.1288501451701,109.92565940771706
2021-04-21,97.67193778326998,92.21192518749615,104.98721173209285,113.18980983199943,110.87521665715838
2021-04-22,97.69745544060629,91.61410168849258,105.65207495781135,112.15604030060496,110.11377305226948
2021-04-23,97.6804257619208,91.26309012527138,105.7448536074508,113.37207566580902,111.27834394401224
2021-04-26,97.59533108987718,91.50441214413141,106.0850104706928,113.60875745802079,111.49332031837554
2021-04-27,97.3569693096641,91.27406159034022,105.7757640646126,113.58427651505801,111.41270976818001
2021-04-28,97.40802764778695,91.5428080874845,106.05409055790018,113.55163228714657,111.48437601322208
2021-04-29,97.3569693096641,91.16437204597906,106.06953160303485,114.2752771974409,111.84268487766948
2021-04-30,97.45909366039321,90.85723797425747,106.3014687715027,113.52444213171175,110.73189162066188
2021-05-04,97.64070263579366,91.36181657333947,105.574765720199,113.0673872934192,110.23918711769618
2021-05-05,97.717432120921,91.74025261484492,107.32197718375194,113.10276746945208,110.67812889310198
2021-05-06,97.73448482305672,93.27044142530629,107.89407121546178,114.00596008920083,111.53810892643146
2021-05-07,97.70890576985313,94.1095785743941,108.74448228482838,114.83569205629493,112.63102102671978
2021-05-10,97.55543145063163,94.39477808475377,108.68264245924316,113.6985446805727,111.62769359613094
2021-05-11,97.34231104635211,94.41123109796916,105.97679077591866,112.6838198434307,110.46313761156344
2021-05-12,97.00126467812103,93.47336750081323,106.7189632392495,110.28981176587807,108.25046558835119
2021-05-13,97.22296515485228,93.857293459241,106.3014687715027,111.61469687165275,109.45983254173748
2021-05-14,97.44460423571624,94.71288362154421,107.55391435221979,113.32855002859377,111.21562945771124
2021-05-17,97.35937142297125,95.81527735085398,107.30653613861728,113.04018822610125,110.82147629036136
2021-05-18,97.23998715905437,96.00175041314554,107.35290655217537,112.06627090181931,110.48105603622085
2021-05-19,97.10361926335243,96.06757083478288,106.16232916393595,111.77245502685015,109.88087079966114
2021-05-20,97.43609323361518,96.50633738100332,107.41474637776058,112.9748997702784,111.2335255216058
2021-05-21,97.4787249889545,96.55020650372717,107.32197718375194,112.88241224713758,111.24250709469739
2021-05-24,97.57249950173417,96.72023492157913,107.80130202145313,114.0331413327525,112.24579725734809
2021-05-25,97.81120663370066,97.59775964524424,107.50752502740006,113.78016861817599,112.03079852222191
2021-05-26,97.7770858804624,97.42773959616807,107.44568520181484,114.00596008920083,112.19206434413871
2021-05-27,97.65773998896256,97.46613553952118,107.35290655217537,114.06580338443023,112.2906082261669
2021-05-28,97.65773998896256,97.83360011595775,107.46114515821115,114.26984986061368,112.51455872003416
2021-06-01,97.61250658374746,97.57033516696,108.18784820951484,114.16918122875796,112.63102102671978
2021-06-02,97.7405783628838,98.04749765653355,108.60532376599998,114.34874676197866,112.82807897642564
2021-06-03,97.51003688126491,96.1279013394979,107.95592049667782,113.92432723971442,112.36227447120895
2021-06-04,97.91133561874334,97.16448301594612,108.11055788316415,114.96626896794066,113.3924497244334
2021-06-07,97.84300201846588,97.55388215374462,108.28060794789268,114.85475457431365,113.58057827616108
2021-06-08,98.02230864884349,97.25223799894536,108.52801452838764,114.87921769351017,113.58953748848978
2021-06-09,98.2187140282573,97.06575656787801,108.21877757793827,114.70782435712125,113.3924497244334
2021-06-10,98.4236073863219,97.48258855273654,108.40431596595556,115.24104014865735,113.84121532833278
2021-06-11,98.38090656063191,96.38567637157331,109.08465805933201,115.43147817929871,114.16626628478458
2021-06-14,98.1333123768773,95.8207672677763,109.3320268173037,115.68991387823498,114.3649118486552
2021-06-15,98.17599785360048,95.45878423948625,109.73406132865418,115.47772194086912,114.13917994734489
2021-06-16,97.86010076750206,93.84632199417216,110.05874877986903,114.83297393193976,113.53421696111567
2021-06-17,98.16746382804921,90.96144597047211,108.43217225436139,114.79489345531799,113.34459023827479
2021-06-18,98.43213373738978,90.45685900261432,106.23630056386763,113.24625769975563,111.61099755984448
2021-06-21,98.17599785360048,91.56474264884642,106.97857703913752,114.86746291965946,113.1188657905521
2021-06-22,98.27844453263279,91.18082505919445,107.38063991738048,115.48160752191454,113.53421696111567
2021-06-23,98.22722503035834,91.12049455447944,107.11774501359672,115.34238608363108,113.24527863672094
2021-06-24,98.26138415601365,91.06564559791094,107.73629455954206,116.02472441560994,114.14821369554986
2021-06-25,98.0650171490169,91.367298121486,107.99915164080251,116.43684553915243,114.4461857681496
2021-06-28,98.34673976049318,91.36181657333947,107.13320496999303,116.67158454084152,114.38297189147755
2021-06-29,98.39798996070127,90.40201841482164,107.34969163769541,116.73436875750436,114.47324974482642
2021-06-30,98.46628518856167,90.8407849610421,106.48370714436261,116.83263118091452,114.28365283633606
2021-07-01,98.41156612185253,91.1534005809102,107.86000257760494,117.4794913061461,114.72608289075173
2021-07-02,98.6253004848048,91.75121571113797,107.79816275201975,118.37743482673027,115.43037238571003
2021-07-06,98.94161199300731,92.20643527057382,107.55071834900147,118.16182072624184,115.10532142925823
2021-07-07,99.11259180888572,92.55744683379503,108.37029460625287,118.57940483414407,115.52969144085152
2021-07-08,99.22374902658771,92.49711632908001,106.70023163458828,117.61321411253729,114.23849154889874
2021-07-09,98.89888046938368,92.80425876957739,107.90640135805552,118.86871129624853,115.77347593139658
2021-07-12,98.83901949879024,92.6890793082939,107.9373496377406,119.29450324851507,116.27009356786692
2021-07-13,98.6253004848048,92.80974031772392,107.92188022571348,118.88780054991666,115.66513058163773
2021-07-14,98.95872609101032,93.80792605081906,107.47341856701995,119.06523614306887,115.9360014096225
2021-07-15,99.17246812844598,93.82438743281024,106.31360980147997,118.6585780038861,115.30395208595358
2021-07-16,99.08697438326509,92.91394831393856,106.22085006310216,117.72785657714353,114.46423835738433
2021-07-19,99.608493903352,93.02363785829972,103.76210238008629,115.98925512074575,112.70352207357615
2021-07-20,99.5144431091696,92.9029768488697,104.33425314558107,117.65141044363978,114.13917994734489
2021-07-21,99.18953617954853,92.55744683379503,106.01981389616526,118.60397489593817,115.38523345903559
2021-07-22,99.42040766395401,92.73843834794006,105.63319206305695,118.85231343128622,115.56580407290862
2021-07-23,99.35200499332588,92.44775728943387,106.56105420449826,120.07508618013784,116.64931719919818
2021-07-26,99.2665265971118,92.22837820071152,106.53012483607482,120.36986453848522,116.7215648240752
2021-07-27,99.49731366219979,92.38194523657232,105.95797407058005,119.82126683666381,116.315239948129
2021-07-28,99.59138747983242,92.84812789230122,106.40639790675026,119.7720999774262,116.52291180661696
2021-07-29,99.42894936398869,93.87922802060292,107.42701033093857,120.26888399071989,117.1278822464338
2021-07-30,99.56570098386109,93.13881731958321,106.77754087220062,119.68479917026804,116.32427369633398
2021-08-02,99.77719439765781,93.02363785829972,107.47341856701995,119.43369795114916,116.50484431020698
2021-08-03,99.81143794263063,92.95782580543818,107.86000257760494,120.40535165711566,117.27234768183735
2021-08-04,99.80287321914571,92.9797603668001,108.04557878814556,119.81307681606577,116.90215034512347
2021-08-05,99.58027482785559,92.6122957903635,108.21567613102818,120.57183454589901,117.61546613469915
2021-08-06,99.1350703707919,90.297810418607,108.15379848291968,120.7710775170745,117.42583941185826
2021-08-09,98.9552802479595,88.69631963836177,108.30845478066766,120.6728061817812,117.4439218154435
2021-08-10,98.82685544258631,88.723744116646,108.6950577025143,120.82293576501787,117.57934604905445
2021-08-11,98.92103670298667,89.94679885538581,109.63834197782862,121.12316819584183,118.00373842141063
2021-08-12,98.9296244499218,89.96873341674771,109.62288202143233,121.48616701956239,118.24751545836807
2021-08-13,99.2891893466198,91.25760857712484,109.99400607562102,121.70726192817682,118.60867904687696
2021-08-16,99.34055466407904,91.71282813656067,109.03524293264877,121.99383244215987,118.57257386840752
2021-08-17,99.2635105251319,91.57571411391527,109.4218269432338,121.19412460933647,117.66963880957857
2021-08-18,99.27208292310021,91.64701608369914,109.22082859882019,119.8676442764812,116.70349732766523
2021-08-19,99.44332367141455,91.37826958655486,107.79816275201975,120.05325206646518,116.27009356786692
2021-08-20,99.4518500224824,91.42762862620101,108.27754432350586,121.00853464311874,117.10981475002382
2021-08-23,99.4518500224824,92.54099382057964,108.55587081679347,122.07298778813566,118.22040676016545
2021-08-24,99.30631111910621,92.49711632908001,108.74143757170323,122.26676777495142,118.45517240968077
2021-08-25,99.1179639472723,91.85542370735261,109.17441090710798,122.52331415466378,118.64476931817114
2021-08-26,99.12652867075722,91.95963170356724,108.9270137822438,121.80006136722726,118.01272744808986
2021-08-27,99.40046168157295,93.34174339509016,109.28267788003623,122.88904001462262,119.03305651205788
2021-08-31,99.3662795324674,93.06751534979935,108.80328685291927,123.24658476586656,119.20462319207641
2021-09-01,99.39795212549807,93.07299689794588,109.28267788003623,123.31210493065083,119.59285075726214
2021-09-02,99.50086694801834,92.8261933309393,109.70019125904467,123.69148379556746,119.97208929576864
2021-09-03,99.32936526726812,93.81889751588791,109.32904829359431,123.66145074941362,120.13462222758218
2021-09-07,99.0635979068,91.98157463370495,109.46827300183845,123.21929657971728,119.82763131395271
2021-09-08,99.22649649164829,91.75121571113797,108.61772955364033,123.06918482024687,119.44839277544621
2021-09-09,99.54368289095949,92.15707623092766,107.62804649787545,122.54243014398128,119.04208280667525
2021-09-10,99.34652541217156,91.69088520642296,107.62804649787545,121.57624833425764,118.36488710274429
2021-09-13,99.47513440514658,91.99802764692035,108.16926789494681,121.88739782191793,118.77119707151525
2021-09-14,99.69806279922331,92.59036122900159,107.72082514751493,121.22962063985003,118.20235417093075
2021-09-15,99.60375107260498,92.0473866865665,107.39608096251514,122.24217988939105,118.91566996050642
2021-09-16,99.43227241530498,89.96325186860118,106.26483765769275,122.04841772634157,118.7441032804879
2021-09-17,99.34652541217156,89.82065629780924,105.24411176593456,120.85953686903979,117.52515846699976
2021-09-20,99.53519491230867,90.46234891953665,104.37804217192436,118.84431056023395,115.5387177354689
2021-09-21,99.57802620421661,91.06564559791094,105.49157508021447,118.73204756842388,115.7373632993395
2021-09-22,99.61230812160649,90.7256054997586,107.09999679454114,119.89021807645379,116.75767745613228
2021-09-23,99.12361236706164,89.67805235824152,106.99174873287456,121.34690102186325,118.1120614104066
2021-09-24,98.95213370976163,89.56288126573382,106.60508907724295,121.54681238427362,117.90441936626914
2021-09-27,98.81496766778513,89.74935432802538,106.82162302309945,121.1990796163577,117.66059760778596
2021-09-28,98.40338512253808,88.8773111525068,106.218448332873,118.75667110151677,115.15046035593267
2021-09-29,98.47197965525146,88.47694054963944,107.36291060958656,118.95655572827775,115.1414340613153
2021-09-30,98.4548118358646,90.06745986481582,107.11548511782993,117.50263546663913,114.18433378119457
2021-10-01,98.75538297859441,90.27038594032277,106.31125534940496,118.89904734642886,115.11434772387558
2021-10-04,98.6866886775967,90.69269947332783,106.0328626667016,117.36574002985303,113.77801635883597
2021-10-05,98.454819510348,90.27038594032277,107.11548511782993,118.58692646350721,114.68997771228227
2021-10-06,98.49775824502369,90.51170795918281,105.86273695692647,119.07978033633981,114.91570216000497
2021-10-07,98.22297336654951,90.03455383838505,107.09999679454114,120.10929889948045,115.88182873474307
2021-10-08,98.00827201868768,90.07294141296235,107.3783894772445,119.89021807645379,115.75540843498659
2021-10-11,97.8537002483386,89.90292136388616,108.10526272990302,119.02225413072468,115.1414340613153
2021-10-12,98.21439329409779,90.30878188367586,107.88873823967735,118.72931162030244,114.94278104385707
2021-10-13,98.43766703992796,91.91575421206763,108.05888286071412,119.1564314431556,115.59290531752357
2021-10-14,98.62658979801758,92.14062321771227,109.09506870886861,121.16072287135884,117.43488061365088
2021-10-15,98.38613288383372,90.67624646011245,109.55902814648171,122.08343251516602,118.28362063683751
2021-10-18,98.31743090835262,90.4513774544678,109.04866992841804,122.44491631875418,118.45517240968077
2021-10-19,98.0340352594931,90.74205851297398,109.24973446224739,123.38952245941594,119.28585984363266
2021-10-20,97.96537165642903,91.53731817056217,109.28064491940918,123.87417739976738,119.65608699469708
2021-10-21,97.75925805550233,91.45505310448524,108.84760539458867,124.1972777227073,119.77344373189803
2021-10-22,97.94815011565831,92.01448066013573,109.04866992841804,124.06858121840236,119.85473255856769
2021-10-25,98.04263835539504,92.6506833649408,109.32707206675221,124.7339335011322,120.18880235604922
2021-10-26,98.22297336654951,91.96511325171379,110.05394531941073,124.84620540482541,120.35131292709988
2021-10-27,98.54931542456815,92.20643527057382,109.74462326828396,124.29312502578875,119.75540604983857
2021-10-28,98.47202570215192,92.1845007092119,109.71369389986052,125.49240605070521,120.86599060639259
2021-10-29,98.44628548479673,91.40020414791678,109.60544583819392,125.74702746366113,120.84794547074549
2021-11-01,98.3860331155494,91.87736663749033,110.33232854648327,125.96334560291697,121.36263060362582
2021-11-02,98.58384292542712,91.67992211012991,110.13128292391553,126.47263298824443,121.61541157443772
2021-11-03,98.3860331155494,90.91756847897248,109.6673140306716,127.24477636654147,122.45513275659461
2021-11-04,98.71285099153943,91.94866023849839,110.25499094197846,127.84443024682442,122.7260408525175
2021-11-05,99.09992891126018,93.14978041587626,110.64166005324087,128.28799249405557,123.12330216590821
2021-11-08,98.91932529318636,93.4843389658821,110.61071177355579,128.39752844962732,123.20458353899025
2021-11-09,99.19453226824805,93.94504007346445,110.17766279310446,127.97311783924621,122.83436384151346
2021-11-10,98.52365962653047,94.96516873669731,111.01281247432205,126.94359927610557,121.62445277623033
2021-11-11,98.34304065948984,95.49717181406353,111.87889152396306,126.98465632169331,121.88631221677299
2021-11-12,98.32583446768594,95.67816332820857,111.33759448184514,127.94296893861166,122.82534500048374
2021-11-15,97.96459653360469,95.53007784049431,111.41494154198077,127.98679757985336,122.7260408525175
2021-11-16,97.93016112654664,94.83902617912075,111.12106999161948,128.49332228141,123.02399801794198
2021-11-17,98.16241401796582,95.70558780649282,110.5179236682855,128.1812192222546,122.69893215431492
2021-11-18,98.24841427905173,95.39845373477124,110.10034409986129,128.6165558013552,122.99689677332701
2021-11-19,98.43764401647773,94.66900613004458,109.63636575098651,128.38656683337533,122.45513275659461
2021-11-22,97.96459653360469,92.54648373750196,110.06942418706869,128.02512758920284,121.82310579368858
2021-11-23,97.57753396285074,91.74573416299144,110.2704698096364,128.19489896286177,121.83211718113067
2021-11-24,97.80116840940116,91.6579791799922,110.61071177355579,128.53715092265173,121.92242484883008
2021-11-26,98.4978503388246,91.50990206105374,107.02266864566717,125.67036744496221,119.18653333490357
2021-11-29,98.54947658871976,91.38375113470138,108.01244625774027,127.21192716531802,120.23396364348655
2021-11-30,98.71285099153943,90.76948299125823,107.09999679454114,124.7366872730199,118.37391339736163
2021-12-01,98.73183766349432,91.13146601954828,108.81668548179606,123.35118353818338,116.97439051641287
2021-12-02,98.71459309927336,90.62688742046629,108.18257196751537,125.24048493833824,118.63576538431666
2021-12-03,99.11079597976791,91.38924105162371,108.16711201111906,124.1507309571104,117.74184916651747
2021-12-06,98.76626539606896,91.16437204597906,109.79103150436534,125.6210847312439,118.96080888718086
2021-12-07,98.61124850568214,91.48795913091602,111.4304109540079,128.21954031972095,121.44385980159444
2021-12-08,98.35284864928708,91.53731817056217,111.29121461265623,128.5590741551557,121.85923333292091
2021-12-09,98.36145941967244,90.9778989836875,111.13655831490826,127.69107456189406,120.81181047792553
2021-12-10,98.38729940531195,91.36181657333947,110.70348096756445,128.8931093586982,121.51612233364672
2021-12-13,98.73183766349432,91.59216712713066,109.72915385625683,127.75131889186437,120.45668429539522
2021-12-14,98.54229327224854,90.73657696482745,109.54356819008541,126.87237550611698,119.49271180748158
2021-12-15,98.46481168774707,91.12597610262596,108.86310317350826,128.85477043746562,121.31149899249856
2021-12-16,98.60016655163895,92.22837820071152,109.41183234145342,127.71846969064092,120.7294856025756
2021-12-17,98.72088617566908,92.03093367335111,109.52012768127413,126.35916689221159,119.44728219088967
2021-12-20,98.5742958680658,91.64152616677681,108.49930723320773,125.01554900809404,118.44695110252724
2021-12-21,98.49669916631319,91.60313859219951,109.92226620456368,127.23568624574715,120.35664969584145
2021-12-22,98.5829296619014,92.46421030264924,110.5718491308715,128.50790212221347,121.42062696895835
2021-12-23,98.46224073580491,92.67262629507852,111.15960168722494,129.30746736490676,122.2936284198737
2021-12-29,98.17769391443396,92.46421030264924,111.80919406916358,131.1979094861025,123.59404094613456
2021-12-30,98.39327015340447,93.12784585451436,111.68546713983905,130.8352047545253,123.41841951444647
2021-12-31,98.35875032702891,93.76405692809523,111.34519680902717,130.5054739905354,123.12726747452625
2022-01-04,97.67762457547636,93.0017032969378,113.10838828867172,131.21713241801757,123.79148648239709
2022-01-05,97.37586388781808,92.72198533472466,113.3713399262404,128.69747570019106,121.71692198434181
2022-01-06,97.27239650249233,91.58668557898413,112.4123971262825,128.57657709362638,121.48944594352655
2022-01-07,96.98788805353843,92.00350919506688,112.86095334128426,128.06825219167715,121.18918561952505
2022-01-10,96.90167290691704,92.28321878850421,112.36600780146277,127.908889897516,120.68874429260161
2022-01-11,97.08272164502858,93.39658398288285,113.0620084194828,129.0738869080248,121.94442783950757
2022-01-12,97.08272164502858,93.6433959186652,113.94361361493588,129.42288516334546,122.48125012764268
2022-01-13,97.2551749617216,93.32529038187477,114.0673216329988,127.6396173486916,120.99811290068436
2022-01-14,96.7119980494533,93.05654388473049,113.88173596682738,127.69181424819398,121.01631456167166
2022-01-18,96.12569821490749,92.9029768488697,114.23747570966636,125.43043281540736,118.84164838177395
2022-01-19,96.33260996210878,94.37832507153838,114.6550647337214,124.12801456700768,117.9863492014748
2022-01-20,96.3843743527053,94.14248460082487,114.53134726002767,122.75417648719056,116.88537977296075
2022-01-21,96.76372406763277,93.8353505291033,113.185754260069,120.34444784779359,114.81990119822385
2022-01-24,96.65163056295482,94.35090059325415,110.20064943163621,120.855490874098,114.73800863095633
2022-01-25,96.55679697146466,94.6525531168292,111.39158613384691,119.37998603151439,113.60065078764296
2022-01-26,96.0135740122959,93.12235593759203,112.93827203452742,119.08047546322409,113.2093896122927
2022-01-27,96.33260996210878,91.92124412898995,114.12922764799977,118.49246941419429,112.60885405711446
2022-01-28,96.4015805445092,91.64701608369914,112.78359682551779,121.43528016688036,114.59244006458384
2022-01-31,96.39300814654088,92.18998225735844,112.9228026225003,123.62244343694616,116.75799050681266
2022-02-01,96.35930948989014,92.26676577528883,113.88173596682738,124.45775424288072,117.71337646177898
2022-02-02,96.46288431798362,92.60132432529466,114.63961423295592,125.66674922041075,118.69606490822622
2022-02-03,96.07437894434871,92.46970021957156,113.86629492169271,122.71295011582328,116.13926074423475
2022-02-04,95.46994430550644,92.6122957903635,113.71160080142144,123.28997672483482,116.66699710905151
2022-02-07,95.55629759282921,93.29786590359052,114.56229553971275,122.8943158494366,116.52140618191613
2022-02-08,95.26272557896878,93.5830654139502,114.45400965552285,123.90548484520905,117.35851860840327
2022-02-09,95.3232081827184,93.90117095074064,115.64493690210273,125.71895503179627,119.15102444344434
2022-02-10,94.4424691176869,93.5446694705971,116.1089530735008,123.4603451946636,117.29482024853542
2022-02-11,95.0641329717833,95.32715176498738,115.93883681935651,121.0258682558099,115.22936403456139
2022-02-14,94.51153179388824,95.83722028099169,114.03638280894452,120.63018955664539,114.74711691503761
2022-02-15,94.35613885381436,94.92678116212001,115.11909036075028,122.57558234923121,116.739796299413
2022-02-16,94.46837049919368,95.90303233385323,114.94894573971352,122.71295011582328,116.94905577206572
2022-02-17,94.66695543189574,97.21384205559227,114.14467814876525,120.0916266352303,114.68341855516975
2022-02-18,94.86557106253146,97.1425400858084,113.86629492169271,119.31403809633979,113.82811937487058
2022-02-22,94.7619348385707,97.34547453009115,113.63426319691663,118.03359655174287,112.47238632123562
2022-02-23,94.33884824269295,97.7842327075358,113.61880324052034,115.93982981689734,110.84365071355431
2022-02-24,94.51153179388824,97.15351155087725,109.62837574294073,117.68463394395476,111.38959619294594
2022-02-25,94.60650352607978,96.8299244659403,113.81988668561134,120.28123586074042,113.99189705581799
2022-02-28,95.2886576584092,97.83360011595775,113.20122367209613,119.97347288867017,113.35498053942806
2022-03-01,95.82561056463247,99.6105924934257,111.3761167218198,118.14625166641075,111.51698545909403
2022-03-02,94.67555085331429,98.57401081697746,112.9228026225003,120.31968172457059,113.35498053942806
2022-03-03,94.99548471768607,99.16086285091218,110.1233118271314,119.72068732363941,112.1357077680843
2022-03-04,95.37597793064155,100.74041070101971,106.25662071450719,118.74799092734649,110.63437633372632
2022-03-07,94.8225632575051,102.2377018538261,105.77717295360529,115.2474121450965,107.32235231051529
2022-03-08,94.48534645649531,105.0348228945269,106.00916685585808,114.37364656344864,106.95839362664591
2022-03-09,94.28645454445686,101.91411476888914,109.62837574294073,117.44008295893768,110.25223089604496
2022-03-10,93.75900264869446,102.23221193690377,108.51477664523486,116.90978135318568,109.57889615050522
2022-03-11,93.74172738653986,101.51373579724599,109.19529839559692,115.4232703349344,108.18675977489569
2022-03-14,92.83375925437176,99.98354698678462,109.86036964519353,114.57971603710303,107.75909527757086
2022-03-15,93.0412926347292,98.1133097093951,109.70570389181474,117.09934601928013,109.79727881441445
2022-03-16,93.11045507921487,98.72757785283825,111.42254386916281,119.69596575983206,112.67255987056994
2022-03-17,93.26611662620807,99.21022189055833,112.27986700466136,121.19347404186784,113.85539950558862
2022-03-18,93.47364233208211,98.33817871503975,112.62012787984239,122.52088121056882,115.32034997873491
2022-03-21,92.55707877849545,99.0895608811283,113.02231368128605,122.48503761661311,115.20206154308046
2022-03-22,92.30630735860935,98.37108474147053,113.67195334137881,123.91830013315244,116.53960784290342
2022-03-23,92.68677754811459,99.71480048964033,113.3471240557016,122.32241357322577,115.09287393791968
2022-03-24,92.47925951672397,100.43876654622046,113.54820750079261,124.16634457635716,116.51232025859774
2022-03-25,91.74423586818706,100.02742447828423,113.74927203462197,124.7727180165214,116.86717811197347
2022-03-28,91.96907520863276,98.20654624054089,113.68742275340593,125.6602435457246,117.3857987391213
2022-03-29,92.40141723150225,98.2504237320405,114.66185387665261,127.2147878798033,119.20559961205568
2022-03-30,92.65219632587176,99.04020184148217,115.2960430359799,126.42924102927616,118.45038720642368
2022-03-31,92.60893526289287,99.07858941605946,114.41438110674187,124.48332243558558,116.61241448685253
2022-04-01,92.44438666411158,98.44786825940092,114.7237220691303,124.83612606500346,117.20383430436188
2022-04-04,92.52233639210102,98.92502238019867,114.98670207359147,125.90555204080786,118.04094673084902
2022-04-05,91.5870547734788,98.30527268860898,115.86835454719868,124.31519084842286,116.47591693662318
2022-04-06,91.35325163641092,98.53562324240018,115.54353471715231,123.0721435654466,115.20206154308046
2022-04-07,91.15409879193655,98.90856936698329,115.07948072323096,123.69227695316619,115.70251032359154
2022-04-08,90.69510328818615,99.52832742734877,116.78093638922932,123.36152132261613,115.36585413120312
2022-04-11,90.30539302065594,100.02193456136193,116.19318383287589,121.25300542118762,113.6370466560299
2022-04-12,90.59119845730605,100.78977810944166,115.4043289201698,120.80373065686906,113.11840366811919
2022-04-13,90.77304534169217,101.27241377838594,115.37339955174637,122.18736289624795,114.54694336570329
2022-04-14,90.03693191651114,100.93785522838013,115.97662152012693,120.66593511988665,113.38227557732137
2022-04-19,89.2142733419221,99.72029040656267,115.8219463111173,122.66419320320973,114.41044581547392
2022-04-20,89.72520207490403,100.20841599242927,116.30145080580414,122.5732474358507,114.57423095000894
2022-04-21,89.23157930201033,99.85191451228575,116.37878841030896,120.74034934403639,112.863625135823
2022-04-22,89.14497275673506,98.88114488869904,114.83201740895102,117.42731223040997,110.0793449310163
2022-04-25,89.74254640740932,97.1041525112311,112.66653611592376,118.1081266303733,110.34320938663085
2022-04-26,90.0196182819395,97.25223799894536,112.7284232196631,114.68762111806168,107.37694983988948
2022-04-27,89.65592451316724,96.51730047729639,113.17697943466484,115.01007978541611,107.77728948497052
2022-04-28,89.62132026747418,97.03833208959377,114.55360581498601,117.91516653680567,110.0975465920036
2022-04-29,89.08435968676748,97.02736899330071,115.18776660742083,113.5575408656629,106.84011264457911
2022-05-03,88.7989686722215,95.48071880084817,115.34244181643048,114.7647891140991,107.79549859954543
2022-05-04,89.37153885594788,96.41858239800408,114.44532938642695,118.25972667432674,110.57978625793974
2022-05-05,88.4866555698753,96.05111782156749,114.69283052323016,114.05644590714192,106.548938243896
2022-05-06,88.11365265272741,96.21016640557481,112.79028195650996,113.37562259529544,105.85741674454422
2022-05-09,88.54736073364377,94.81709161775885,110.19170440487724,109.74566109373937,102.42710428567872
2022-05-10,88.81630533024338,94.01634204324833,110.57840188303214,109.99922199260259,102.66368115698761
2022-05-11,89.14597043957829,94.78418559132807,112.10970347236294,108.25176212437194,101.307940649765
2022-05-12,89.31078764527894,93.3307719300213,110.47012545447308,108.13874162249566,101.27154478137808
2022-05-13,88.92908953842817,92.57389984701041,113.26977699556598,110.72412347841849,103.87384564425011
2022-05-16,89.12859540913938,93.45691448759786,113.9967731714252,110.27485762598306,103.56448448975497
2022-05-17,88.64280060932327,92.87007082243893,114.77015867210416,112.5432437989112,105.66634402570354
2022-05-18,88.99847454293271,92.9194298620851,113.74927203462197,108.00645362928864,101.94485716615493
2022-05-19,89.22403528481888,94.28508854039261,111.83128242276712,107.34496910383797,101.89936792086198
2022-05-20,89.49296453245167,94.35090059325415,113.08417241813291,107.39183669722759,102.19963569845109
2022-05-23,89.19801111157754,94.7896671394746,114.9557537939064,109.40110986810146,103.9557382115176
2022-05-24,89.88335782900529,95.50266173098588,114.52265753530095,108.56597729982953,103.209611729204
2022-05-25,90.25638376960342,94.92678116212001,115.17230665102454,109.52515436941164,103.9739398725049
2022-05-26,90.18697574164864,94.75127119612151,115.79100748706304,111.71360986253154,105.79373329185164
2022-05-27,90.3344409403606,94.80063860454347,116.14675668553285,114.45609930618316,107.97747794148009
2022-05-31,89.76187075663422,93.86277500738754,116.36330008702016,113.81388227206321,107.31326638719689
2022-06-01,89.39339578469789,94.46059013761531,115.34244181643048,112.89329365644139,106.46706058380376
2022-06-06,88.81111737945861,94.23572950074646,116.44065660278665,113.49966709660562,107.21317215894209
2022-06-07,89.15003791578529,94.84999764418961,116.30145080580414,114.58837838750703,108.10486720762817
2022-06-08,88.78503181035,94.76224266119037,116.11583677274024,113.34255059699368,106.8674076824724
2022-06-09,88.68945379396914,94.46059013761531,114.3370529578679,110.64693765861482,104.37752182820405
2022-06-10,88.00287915919588,95.72752236785473,111.98597654303839,107.4386686430847,101.41312567836964
2022-06-13,86.56018372099324,93.19913945552243,110.36185848154483,103.35942346532694,97.51261855117463
2022-06-14,86.04743613544328,92.45324720635618,109.95970104699364,103.04797097364016,97.02621232975447
2022-06-15,87.00345420823774,93.65984893188059,111.2744497792063,104.5170414366027,98.63229648463465
2022-06-16,87.21203131833887,94.71288362154421,106.4621483060852,101.05793855844765,95.67709060834542
2022-06-17,87.20331310518577,93.9340769771714,106.01351644603685,101.27578954160215,95.75968381284996
2022-06-21,86.85569737915624,93.5830654139502,108.13287317190743,103.82527433227047,97.75125261266881
2022-06-22,87.59442780317988,93.95601153853332,107.18923903825267,103.63705536052889,97.43003280025772
2022-06-23,87.95941855964836,93.38013096966745,106.12183069711922,104.65293874247803,98.03574859883733
2022-06-24,87.82037994371994,93.28689443852167,108.99917915668821,107.98027942853084,101.00930520786639
2022-06-27,87.42928826917607,93.18268644230704,109.69531215353979,107.56781965342934,100.76151814076518
2022-06-28,87.46406902798753,93.02911940644624,110.70083339093388,105.36988191665732,99.0544602342901
2022-06-29,87.96810607486782,92.95782580543818,110.63896519845619,105.28410504151466,98.88009845891112
2022-06-30,88.3679159625648,92.39291670164117,108.42681091168451,104.42874249853378,98.09080079705684
2022-07-01,89.10446683330017,92.31613318371078,108.50414851618933,105.53321891069518,98.89844919165097
2022-07-05,89.26992102112379,90.35814092332201,106.19918721288568,105.7325242650526,98.47627798840787
2022-07-06,88.66917013431804,88.92667019215294,107.45220958708302,106.08964124590621,98.71489714272681
2022-07-07,88.46888146629908,88.9760292317991,108.79806734470475,107.6785587132239,100.22920527314491
2022-07-08,88.13803448651912,89.0144251751522,108.99917915668821,107.58997459489477,100.26592909938748
2022-07-11,88.54725329087604,88.53726268557865,108.99917915668821,106.36092788031839,98.81584853355882
2022-07-12,88.66917013431804,88.20819405249516,109.10746504087811,105.41972607901293,98.31107667222356
2022-07-13,88.99126052852786,88.63050758550023,108.3339849838909,104.86609316322213,97.98984940622485
2022-07-14,88.6778576495375,87.38550991662272,106.60139192559099,104.61143610273369,97.27399194326806
2022-07-15,89.02615640459047,87.20999995062422,108.44226141245,106.61005957326518,98.92597529076073
2022-07-18,88.7388083967751,87.29227338547695,109.3704545009701,105.72977940504802,98.61393084471956
2022-07-19,88.6169069022999,87.50068100913042,110.40690510678763,108.58650136668184,101.29381610121018
2022-07-20,88.55597917851256,86.677996873258,110.0975263218759,109.27855365127428,101.56913672100877
2022-07-21,89.29603728816603,87.90105998077358,110.15942288124607,110.39135376228069,102.66128855535905
2022-07-22,89.9925734024047,88.1204390694959,110.17488283764239,109.367111033954,101.81694614887289
2022-07-25,89.66172642262474,87.87911705063587,110.6853828901684,109.5000139470971,102.16569206039374
2022-07-26,89.64430534528537,87.77490905442123,110.59255696237483,108.20452023189075,100.8074024262024
2022-07-27,89.95774659669277,88.66889516007753,111.2577416795413,111.01418745058918,103.4046721174256
2022-07-28,90.60201947891332,89.74935432802538,111.22680285548705,112.40656224732027,104.54272314438838
2022-07-29,90.61073769206642,90.00164781195427,112.44890531689175,114.04533278887669,106.06619173400114
2022-08-01,90.92479290214658,90.51170795918281,112.26328182819705,113.70759915383452,105.89182250503453
2022-08-02,89.99136083402603,89.97422333367004,112.24780296053909,112.95742356745713,104.9648794404562
2022-08-03,90.39265957150442,90.19360242239237,112.77376296946142,114.72628977897014,106.29564297553777
2022-08-04,90.61075304103323,91.68540365827644,112.97487478144492,114.6487742194906,106.46084429172208
2022-08-05,89.59884170556799,90.65430352997474,112.83565952883158,114.45499423267482,106.13044911294108
2022-08-08,90.00884330723267,91.42214707805448,113.53181143694479,114.32212696706428,106.09373274028616
2022-08-09,89.80818626401006,91.70185667149183,113.5936418068992,113.86814672845216,105.56142732625351
2022-08-10,90.03499794669196,91.47150611770064,114.04227366694752,116.25983771639055,107.90172713041795
2022-08-11,89.55521226738546,91.2301840988406,113.73288542640498,116.25983771639055,107.92926068311534
2022-08-12,89.95648798141363,92.06932124792841,114.2897937150124,118.22800037037786,109.42523298796887
2022-08-15,90.06988614827117,90.88466245254172,114.41353955559859,118.71519519742182,109.5445351115407
2022-08-16,89.93904388062403,90.7256054997586,114.78484326677294,118.94773296397736,109.76478862594455
2022-08-17,89.40689520101506,90.13876183459968,114.47543611496876,118.10342115607979,108.90210294030615
2022-08-18,89.59884170556799,89.90292136388616,115.12517033136976,118.44668907054674,108.91127830667608
2022-08-19,88.97071593644085,89.24477572894338,115.21795843664005,116.85500891945824,107.45202237447748
2022-08-22,88.5868996721691,88.65244214686214,115.0014055795219,114.42177964424299,105.29528207282483
2022-08-23,88.55198844713965,89.27220020722763,114.27431484735445,114.14497655417226,105.29528207282483
2022-08-24,88.31646622578806,89.53545678744959,114.08868190302893,114.51036376257211,105.58896087895091
2022-08-25,88.8049854672145,89.80968483274039,114.30526312703952,116.12696153889685,106.96561615305733
2022-08-26,88.6392319745379,88.71825419972367,113.4853653783401,112.19618833411327,103.62494053900471
2022-08-30,88.32519978790798,88.03268408649664,112.55717228982,110.23078836389679,102.00049819779704
2022-08-31,87.85413232175456,87.35260389019194,111.24226281188334,109.39203757107339,101.21122289670565
2022-09-01,87.4730098011595,86.5847603421122,109.35497563331215,109.73529657365721,100.91753663699194
2022-09-02,87.72653636058959,87.34711397326963,111.28868050359554,108.57820440348623,100.01813457869864
2022-09-06,86.9048140729765,86.8370538260411,111.7218145847243,108.16853404780495,99.586780555498
2022-09-07,87.50797474757282,87.72006846662855,110.8400864660705,110.1117434290235,101.11944687224357
2022-09-08,87.2282705252332,87.19354693740884,111.13399583895509,110.83146711073985,101.64256946631865
2022-09-09,87.21953696311328,87.654256413767,112.51080187626192,112.55327857931749,103.61577262622241
2022-09-12,87.08838771612976,88.09850450813398,114.39807959920229,113.76295977184867,104.81803631059934
2022-09-13,86.59890148979375,86.9522249185488,113.05221238594973,108.81628536134968,100.53207435281617
2022-09-14,86.71252221667017,86.61766636854298,111.4434029907593,109.23149890833888,100.92671945694948
2022-09-15,86.4503004675372,84.99972257508236,110.18836656719657,107.99135689926356,99.89881754795154
2022-09-16,86.38911948579732,85.47139514773357,109.5231062049835,107.16749786315323,99.12788552601235
2022-09-20,85.8733788517177,85.04908998350432,108.78045150448071,106.75891475721401,98.48544590119018
2022-09-21,86.14434951193739,85.44397066944934,109.49214846966761,104.89664309859761,96.90689529900737
2022-09-22,85.22654269203841,85.39461162980318,108.2544253061426,104.01552521336608,96.09926926517613
2022-09-23,84.96425954703818,83.91926340713451,106.21217924963706,102.27276190754581,93.970040155458
2022-09-26,83.8716433440395,82.94301223540128,106.19671929324078,101.26100472748665,92.83201148925812
2022-09-27,83.51325264330313,83.11303228447746,105.59330821224373,101.00249773348533,92.58420951498164
2022-09-28,84.85940308021532,84.84067399107504,105.94916142265261,102.98985658373834,94.48399483675077
2022-09-29,84.41359233896229,84.82422097785965,104.21634142921292,100.83852799574511,92.85036967558557
2022-09-30,84.21252854811897,84.82970252600617,104.43295102011601,99.27918906854157,91.73069174212554
2022-10-03,84.89674711648554,86.8918944138338,104.52577694790959,101.90028084017312,93.97922297541554
2022-10-04,85.12448741165997,88.1368920827113,107.18688458617763,105.05784124068384,97.18221591880598
2022-10-05,84.67774038343101,87.64876649684467,106.72273603594805,104.81322787248486,96.8151192745453
2022-10-06,84.34480594416368,87.55004841755238,105.99557911436482,103.73199365153094,95.62203095653828
2022-10-07,83.89806659041813,86.59025025903453,105.84083771593941,100.83852799574511,93.19912304069405
2022-10-10,83.52135689778348,85.27395062037316,105.45407404836877,100.06858585258158,92.61175797485429
2022-10-11,83.5739424581048,85.09844902315045,104.27823798858309,99.43483510743675,91.82247522017525
2022-10-12,83.6440258405996,85.55366858258631,103.34994088812391,99.10686889630695,91.53796432683147
2022-10-13,83.3811978072773,84.96133500050506,103.8605071300657,101.7223907409812,93.89661486373575
2022-10-14,82.92564047209432,83.90281039391911,103.92238477817422,99.40428517206128,91.73986710849546
2022-10-17,83.10087195178153,84.14413241277914,104.80425473129036,101.95866258656892,94.09852509898738
2022-10-18,83.24104639125453,84.32512392692418,105.03634318985138,103.1566246527819,95.1080762752455
2022-10-19,82.52269939516628,83.19530571933016,104.8661418350297,102.42563635078706,94.300435334239
2022-10-20,82.02332843419894,83.06367324483129,105.12915966201415,101.566744702086,93.68552926211422
2022-10-21,82.14595133011461,84.54450301564651,105.54689997616235,104.03498876612571,95.7046241610428
2022-10-24,82.03210036873591,84.2702749703557,106.18122151432117,105.3080067120739,96.42965699036952
2022-10-25,82.83804391845922,84.46223794956958,106.13483218950144,106.98961667584442,98.2560095668288
2022-10-26,83.20598935104032,84.99972257508236,106.72273603594805,106.18353684658184,98.01739041250987
2022-10-27,83.62647429704226,84.86809846935928,107.04765042230267,105.61653610609348,97.51261855117463
2022-10-28,83.4162471730081,84.00153684198722,106.64536060891993,108.12921481942787,99.37568750028882
2022-10-31,83.1358906195787,83.31596672876019,107.37255535302646,107.34815064611598,98.5864047456098
2022-11-01,83.29043169199413,84.16607534291687,108.71856440074137,106.87842311001017,98.60476293193726
2022-11-02,83.14995027318474,83.57922330898215,108.06875453929376,104.19618690821197,96.33788841949507
2022-11-03,82.84262558505465,83.26111777219171,108.71856440074137,103.12327638610306,95.3925946221769
2022-11-04,82.83383062706746,85.81692516280826,111.07025543157438,104.60755943357141,97.39330897401516
2022-11-07,82.5704653799065,85.4768850646559,110.40494779120719,105.60820349536533,98.13669998966932
2022-11-08,82.92164974072142,87.45132196948427,110.52875036557832,106.1779847433908,98.8433820862562
2022-11-09,83.01824078891234,87.0125554232638,110.32759127544074,103.99050955741538,96.9711452243597
2022-11-10,84.80066258419964,89.66159934502613,111.78192402986882,109.70521005620458,102.32171055662052
2022-11-11,84.7391899720902,90.25393292710737,110.85365529630211,110.76700746004826,103.7258919298367
2022-11-14,84.5021098306065,90.4513774544678,111.78192402986882,109.82473623276698,102.68882210805646
2022-11-15,85.12553114140367,90.76948299125823,111.59628162991247,110.76143753309094,103.57905625356747
2022-11-16,85.65231535710944,90.56106699882895,111.31777547963924,109.9164395101922,102.90908307604792
2022-11-17,85.29236673624098,89.90292136388616,111.37966258337858,109.58012286456797,102.6429303690316
2022-11-18,85.16946755892258,89.28316330352068,111.90569823734748,110.077673299811,103.02839265320738
2022-11-21,85.1167592068667,88.78407462136101,111.84383004486979,109.67741389271679,102.41348658108258
2022-11-22,85.55575500685217,88.88828261757565,112.91135185357312,111.15336432945699,103.87273505969354
2022-11-23,86.06500302796742,89.44222025630381,113.1434119452417,111.8537848723101,104.67119318074249
2022-11-25,86.0825852694584,89.51900377423419,113.62302990749839,111.82877812824252,104.8088534906418
2022-11-28,85.94211152513243,88.81149073086945,113.4837862879926,110.04429829748277,103.25783644115639
2022-11-29,85.63478683700234,89.25025727708991,114.05623963367373,109.85529508002558,103.16606041669432
2022-11-30,86.30209084393454,90.39104694975279,114.9226590860244,113.31581494759857,105.94689706401692
2022-12-01,87.02019993103708,92.05286823471303,114.72151890714845,113.23242645713523,106.29564297553777
2022-12-02,87.38105414094788,91.73476269792259,114.72151890714845,113.10178716230759,106.1763333983783
2022-12-05,86.69458694894236,90.1606963959616,114.90718967399727,111.06720424333969,104.28573089656672
2022-12-06,86.94981724368932,90.40749996296816,113.99438089682687,109.46616661496289,103.07427693864459
2022-12-07,87.72426471350042,91.22470255069408,113.59210053907496,109.27993499315969,102.94579944870283
2022-12-08,87.46027783318328,91.30148606862446,113.34456157974846,110.13604613432364,103.68919046435703
2022-12-09,86.94101461121872,91.62507315356143,113.43739696317287,109.31330999548791,103.15688505032439
2022-12-12,86.95860452719312,90.86820107055054,112.94230013325821,110.88928740849835,104.20313769206217
2022-12-13,87.53946315300165,92.42033281114962,113.87059723371738,111.72871550443976,105.2654080936123
2022-12-14,87.7330596714876,92.19547217428075,113.73132524731912,111.01437460013494,104.77541669654313
2022-12-15,87.86182215413079,90.6872179251813,112.05254418403531,108.29879013165792,102.0943239588568
2022-12-16,87.63250858985742,91.47698766584716,110.66002288829996,107.02017552310303,101.02187941019463
2022-12-19,87.0944505580232,91.21922100254753,111.04682437839392,106.11266955191854,100.30075226078495
2022-12-20,86.50346928859764,92.73295679979353,111.23249514524274,106.25787977566652,100.55037291044262
2022-12-21,86.74162385775867,92.57938976393274,113.01184629796452,107.84670812415287,101.9371501565477
2022-12-22,86.71514688999618,91.4605346526318,112.67142467705949,106.30815170841245,100.67056201094215
2022-12-23,86.41528179974003,91.73476269792259,112.67142467705949,106.91965839326055,101.17903830532846
2022-12-28,85.63904617529457,92.09126417806613,113.04278512201877,105.17446214334531,99.72755646502576
2022-12-29,85.95657025187577,92.60681424221697,113.30580294900324,107.06764912454562,101.45640120813711
2022-12-30,85.55082798850331,93.0400908715151,112.42388571773296,106.78562367095974,101.00339451287749
2023-01-03,86.05361409458784,93.81889751588791,113.9556506329741,106.33606372638096,100.8646907007103
2023-01-04,86.52994625636013,94.70191215647536,114.4507947410429,107.15699966482408,101.85393085068242
2023-01-05,86.45936403244372,93.52273490923518,115.10063296938296,105.9339862951279,100.66130465510834
2023-01-06,87.40317200213381,95.27231117719468,116.16823987876369,108.36327651799893,103.03732205118557
2023-01-09,87.62368293393659,95.48620871777048,116.477694308722,108.30182908380583,103.15751115168513
2023-01-10,87.28849987103031,95.83722028099169,116.106371686286,109.06133541182213,103.72147195237335
2023-01-11,87.82655022838112,95.77139985935436,116.60150633872395,110.44072559483031,104.84937864657458
2023-01-12,88.46162140499378,96.87928350558646,117.68456374887018,110.84282084984964,105.66295264333286
2023-01-13,88.13527934697514,98.04200773961124,118.4117679486075,111.27283703472062,106.13445168949724
2023-01-17,87.97651730868454,97.40031511788384,118.50461278766275,111.06898661996603,106.12521669442631
2023-01-18,88.84976607790844,97.12060552444649,118.25705491707458,109.31544884743951,104.90484079211362
2023-01-19,88.6468834344971,98.66176579997672,117.03473497616092,108.51965333131093,104.23919069541823
2023-01-20,88.28524642727855,98.33268879811743,117.28228339111826,110.5412427246728,105.91255838581529
2023-01-23,88.06472782099237,98.51917022918478,117.51438130531011,111.86758046739797,106.96649567639741
2023-01-24,88.45281109803976,98.87566334055252,117.1120914919274,111.7475284897308,106.86480638039026
2023-01-25,88.55868827115607,99.33088289998835,116.8645147100776,111.78940542856665,107.07745723541366
2023-01-26,88.40872886533607,98.43141524618552,117.18944800769387,113.01803328463585,107.9649931822034
2023-01-27,88.27640542239091,98.29430122354013,117.22037737611728,113.27769882344427,108.12215953092486
2023-01-30,88.03825852771328,98.04200773961124,117.45247529030914,111.8564317016002,106.90179853578744
2023-01-31,88.39991088389864,98.39850921975476,117.2977528031454,113.5010929979067,108.17764403722678
2023-02-01,89.02327079882853,99.63801697170994,117.14303031598166,114.70735202731528,109.31477827291131
2023-02-02,89.1205448760429,97.57033516696,117.978567678063,116.37714483405317,110.4149501675492
2023-02-03,88.26282926123965,95.13519715454927,119.27823467911229,115.14014871972333,109.25006622512608
2023-02-06,87.77652794551854,95.33264168190969,118.21062776973157,114.43651098705968,108.44575703778925
2023-02-07,87.62620783897829,95.42038829613315,118.58197875906002,115.93319046396422,109.69385283249
2023-02-08,87.74999725637218,95.65622876684667,118.89143318901833,114.66548400036254,108.65837807846212
2023-02-09,87.40515969333686,94.89935668383576,119.32468073771696,113.67143473208607,108.0019704304253
2023-02-10,87.02492741281729,95.0803481979808,118.84500604167532,113.9366880216181,108.0112203326715
2023-02-13,87.29018825738038,94.59770416026072,119.85072584731671,115.2742012657904,109.21308897690416
2023-02-14,86.98073006286246,94.66900613004458,119.95905900966073,115.22113991362424,109.35176297472087
2023-02-15,86.81275864448055,93.72566098474213,120.56247009065774,115.59532315067509,109.5089218698547
2023-02-16,86.45020069925287,93.64887746681174,120.99571763935637,114.00371429465164,108.31630312786824
2023-02-17,86.65355916063561,93.92858706024909,120.81002796124591,113.71889050976239,108.05743257596436
2023-02-21,85.84008694268765,93.57757549702788,120.39227819146687,111.43758210629329,106.20840618594107
2023-02-22,86.06997609321672,93.05106233658395,119.75788100826148,111.28400362428464,105.96804289211721
2023-02-23,86.37946498566829,93.0017032969378,119.78885765483902,111.87597546130803,106.47651918650351
2023-02-24,85.88431499057612,92.33258619692617,119.20087816334583,110.68087410958034,105.07126449666893
2023-02-27,86.05229408344144,92.69456085644043,120.09829317353568,111.0578467660514,105.72764978394285
2023-02-28,86.04343772958697,93.1168743894455,119.13900051523731,110.64736542900513,105.37635474545328
2023-03-01,85.55062077745126,93.65435901495826,119.83523752402793,110.22294590674089,105.23767329404896
2023-03-02,85.37335555966055,93.59951842716558,120.51606185457638,111.08017103329631,105.83860388937147
2023-03-03,86.04702171333916,94.60319407718303,120.53154072223431,112.86166538320697,107.49349413603902
2023-03-06,85.83428503323013,94.12603158760949,120.25301566069943,112.9398493339214,107.44725953198326
2023-03-07,85.7190219669041,92.48066331586463,120.113753129932,111.20862691675669,105.74614958843524
2023-03-08,85.6304354049092,92.436785824365,120.33038163209673,111.39010850485069,105.99577769168056
2023-03-09,85.94063034983442,93.34722494323668,119.68052449249502,109.33498369526421,104.33163754276681
2023-03-10,86.94221950511401,95.36005779141814,117.62269555639249,107.75733976010815,102.85242090290076
2023-03-13,87.63359836650156,97.54840060559809,114.65190655302638,107.60375236621638,102.55656564918736
2023-03-14,87.11950007187154,96.98349150180108,116.0754139509701,109.38243947294053,104.11901650209394
2023-03-15,87.98811345311616,97.74036358481197,111.65024491502177,108.69834549998471,102.65826239878216
2023-03-16,87.64242402242239,97.93780811217239,112.16752465484821,110.60547957828612,104.36862969816399
2023-03-17,88.19196308143708,100.78977810944166,111.08436323276294,109.31219601009646,103.13901134719275
2023-03-20,87.83742497137226,100.82816568401896,112.15203633155943,110.36329915418209,104.26692549498158
2023-03-21,87.5715348191696,98.92502238019867,114.07074457135687,111.81242482269586,105.75539203709383
2023-03-22,88.41357146436741,100.60878659529664,114.55042872302934,109.90642255355216,104.38711459548114
2023-03-23,88.6262697720594,101.8702372773895,113.65295697905455,110.2035536490463,104.55352339286117
2023-03-24,88.77696592828671,100.72395768780433,112.33770709840825,110.92669949388525,104.85862109523313
2023-03-27,87.81970458917992,99.79158400757073,113.23515993112142,111.13410575000937,105.35785494096088
2023-03-28,87.68673648962836,100.60878659529664,113.3899013295468,110.88467105303612,105.27465054227085
2023-03-29,87.79309715519946,100.10968954436117,114.59684641474155,112.49635838175531,106.69840503659786
2023-03-30,87.89060146691611,101.01463874631051,115.66451951353804,113.1550623996689,107.47499433154661
2023-03-31,88.316090176101,100.48812558586661,115.85020919164852,114.74992409303542,108.78780962762025
2023-04-03,88.69991411485616,101.21208327367093,116.29894506363591,115.1871945507756,109.29629337559419
2023-04-04,89.02871968204921,103.09877356427583,115.71094666088109,114.54813232328426,108.88026392855647
2023-04-05,89.33084107042774,103.01650849819892,116.11326484115627,114.24819398460366,108.40874997521681
2023-04-06,89.25088830226842,102.28157934532574,117.33565097148568,114.69386834813702,108.79706698345409
2023-04-11,88.69102706306806,102.16639988404224,117.90816105095176,114.84242052805938,109.03743027727792
2023-04-12,88.79769470797555,102.66549693497771,118.54258660104963,114.37432386656666,108.94497597634172
2023-04-13,88.76214650082312,104.05309017464714,119.00679188506416,115.89353258402815,110.40570771889062
2023-04-14,88.32670398665621,102.21027737554186,119.40909115407771,115.61041988070018,110.14685952774963
2023-04-17,87.8824434910519,101.75505781610603,119.54834422921432,116.025268040481,110.30401842288346
2023-04-18,88.00683151815173,102.14994687082685,119.95070023201282,116.10095666391854,110.59060886717542
2023-04-19,87.87353341581357,101.66182128496024,119.78047051029866,116.08134160914565,110.42420752338302
2023-04-20,88.27342004834465,102.06219188782761,119.99709901246338,115.4478582204948,109.98968572544055
2023-04-21,88.12235551691367,101.05303468966362,120.12087321994204,115.53754741233224,110.22081402419346
2023-04-24,88.4688968152659,101.36016876138521,120.12087321994204,115.65806280792228,110.35024557335159
2023-04-25,89.01982495577771,101.87571882553605,119.76498218700988,113.82215249960943,108.62139337665259
2023-04-26,88.69102706306806,101.3217811868079,119.23888979925601,113.34004635783369,108.27009088457538
2023-04-27,88.37114692008015,101.32726273495443,118.9758530610099,115.59641931230027,110.1838218687963
2023-04-28,88.82434818885645,101.35468721323866,119.64120797953122,116.5830360700449,110.74779012307215
2023-05-02,88.76998982286754,102.84648844912275,118.0783813170351,115.15635052325676,109.43496737341087
2023-05-03,89.1619487140367,103.71853162464133,118.34142751091204,114.36591104889034,108.96346832724649
2023-05-04,89.05505850911034,104.44797922936797,117.10354360166302,113.55587434351726,108.4364922283678
2023-05-05,88.76998982286754,102.81358242269197,118.2795404071727,115.65806280792228,110.34100312469302
2023-05-09,88.19989849728242,103.66917258499517,118.00099643437618,115.18157115251948,109.93421612631387
2023-05-10,88.76998982286754,103.52108709728091,117.707011416445,115.71975086295991,110.20231421970107
2023-05-11,89.0372613820839,102.63259090854693,117.73795969613006,115.51793235755936,109.94345857497242
2023-05-12,88.53839693702157,102.45708094254844,118.0783813170351,115.36656402256737,109.78629222625096
2023-05-15,88.31570645193054,102.67646840004656,118.40333352591301,115.76459545887865,110.44269242070017
2023-05-16,88.11076704696545,101.39307478781596,117.9700954328452,114.99097270798173,109.49043697253755
2023-05-17,87.97716196529092,101.04206322459477,117.6606031803636,116.38684987478358,110.53513926804874
2023-05-18,87.56741362157875,99.73125350285572,118.0783813170351,117.50803606781695,111.2470314223875
2023-05-19,87.37140731530224,100.71847613965778,118.32596755451573,117.33704376616893,111.30248611433893
2023-05-22,87.29124733609088,100.48264403772006,118.57354433636553,117.3847045171573,111.37644806437036
2023-05-23,87.38923514026231,100.6032966783743,118.34142751091204,116.06731430509636,110.04516277815483
2023-05-24,87.16652163172104,99.79158400757073,116.3143955644014,115.22643357220448,109.0096954777146
2023-05-25,86.84582799349172,98.83178584905289,115.47882037979676,116.22427930269505,109.47195952880804
2023-05-26,86.91710092091498,99.22667490377373,116.39175208016785,117.7294785398735,110.8587293213255
2023-05-30,87.49613301967209,99.84094304721688,114.76705722519407,117.77430531202597,110.49816201982685
2023-05-31,87.80792425714647,99.99451845185348,113.6065203760807,117.12122469236847,109.64760332125903
2023-06-01,88.07406766730162,100.78428819251934,114.45759333960494,118.2339980677255,110.96966851957886
2023-06-02,87.60963095481394,99.29797687355759,116.14418475394888,119.94380522972472,112.63380121490496
2023-06-05,87.6007132050922,99.89579200378536,116.0977765178675,119.71395885187496,112.29172626431108
2023-06-06,87.70785666797107,100.00548154814652,116.60839949359423,119.97461360971103,112.77247521272167
2023-06-07,87.2434276299668,98.80436137076866,116.54650293422408,119.55980109746275,112.16572336546177
2023-06-08,87.70785666797107,100.10968954436117,116.17512357800315,120.28296476606796,112.90316641818889
2023-06-09,87.50244144503462,99.84094304721688,115.58712517524829,120.49876601610217,113.0338501700685
2023-06-12,87.65430412274016,99.75319643299343,115.68000783682683,121.59191542480319,113.91130886638534
2023-06-13,87.2434276299668,99.01825891134445,116.06681878255161,122.39357496003242,114.77010377928198
2023-06-14,87.32382551816386,99.07310786791294,116.22155072534616,122.53931989676832,114.98479691731542
2023-06-15,87.93116878621828,99.76964944620882,114.99959955403463,124.05854643799606,116.40366185815853
2023-06-16,87.65430412274016,99.61608241034803,115.1388809960637,123.63597167554008,116.02094994781744
2023-06-20,87.81506152671722,98.58498228204631,114.08653547483199,122.99450323960319,115.04081062833893
2023-06-21,87.9579911057342,98.44238671125439,114.00916950343472,122.36431724771104,114.73276875885392
2023-06-22,87.50244144503462,97.46613553952118,113.18897863017978,122.80600799948454,114.71409006825846
2023-06-23,87.76147060906926,97.73487366788966,112.60086675985505,121.87760366235621,113.68728383664181
2023-06-26,87.86867546781541,97.90489371696583,112.4770547298531,121.37963436860599,113.45390455442528
2023-06-27,87.69894659273274,97.45516407445231,112.58540680345877,122.71036566971509,114.63008813569226
2023-06-28,87.9579911057342,97.23029506880766,113.18897863017978,122.77224978618165,114.64875191911248
2023-06-29,87.27915235023764,97.12608707259302,112.77111539283086,123.25614721646687,114.98479691731542
2023-06-30,87.48459059662432,97.77326961124275,113.6222640014017,124.71065566239221,116.2356505394385
2023-07-03,87.38162205272018,97.88295915560391,113.57586522095113,124.8541280689295,116.49702549678534
2023-07-05,86.98759105103048,97.53742914052924,112.36874993440156,124.6684578957636,115.89959808764793
2023-07-06,86.42343210112084,97.24674808202303,109.86168397787799,123.69222348186739,114.60207009979906
2023-07-07,86.44136736884865,97.97619568674969,109.47481629836827,123.37993327316623,114.69543373842588
2023-07-10,86.68312894521209,98.05297920468008,109.78429909521905,123.69222348186739,115.05014252004904
2023-07-11,86.87119216115985,98.42044378111667,109.93905940490609,124.47996265564491,115.91826932465577
2023-07-12,87.57863371632331,99.75319643299343,112.01280216768446,125.48149790575202,117.17845483848896
2023-07-13,88.12486507298856,99.8244900340015,112.39968875845581,126.47745431701867,118.53198908377371
2023-07-14,87.70401175178296,99.50638449721106,112.2758956397155,126.39867327013441,118.21460786899098
2023-07-17,87.802498397376,99.57768646699493,111.90446900534046,126.83756569060456,118.47598282633783
2023-07-18,87.87412435103609,100.71847613965778,112.5699279358008,127.78004189119785,119.4187945789759
2023-07-19,88.14277731726614,100.73492915287319,114.58176468357819,128.06417946108596,119.57748145957345
2023-07-20,87.68609183302196,100.22486900564465,115.4638615718341,127.21453834707562,118.85870219026653
2023-07-21,87.74876933902668,99.91772656514728,115.68053735215294,127.21453834707562,118.92404033941253
2023-07-24,87.58756681501187,99.48993148399568,115.99005797152702,127.78285804626748,119.10139845701792
2023-07-25,87.48904179700178,100.04387749149963,116.11386054589816,128.131713711458,119.40944032650292
2023-07-26,87.77561468199282,100.53200307736623,115.91267308886808,128.15140006129593,119.49344971265674
2023-07-27,87.02343088855245,98.95244685848292,116.2067148405842,127.3017678591687,118.75602156710488
2023-07-28,87.36369445947577,99.74222496792457,116.17573819400666,128.54807689137118,119.89485522076855
2023-07-31,87.47114490169102,100.01097146506885,116.28409026761233,128.79284176158342,119.98818904504486
2023-08-01,86.89199001119937,98.97438978862063,115.83529766183997,128.4242908346718,119.40011588838044
2023-08-02,86.68546198816856,98.5027172159694,114.24129578451902,126.63779691832428,117.52384663557724
2023-08-03,86.1018251993658,98.46980282076284,113.8389208704589,126.27488721343505,117.16911549319123
2023-08-04,86.81119304986503,98.82630430090636,114.45796210920705,125.70376918293984,116.8890842060118
2023-08-07,86.82915134104306,98.60143529526171,114.28772293186206,126.80100023411518,117.88789476249815
2023-08-08,87.03564866614025,97.97619568674969,113.86989751703645,126.24956855345788,117.29048226053598
2023-08-09,87.09851035974678,97.510004662245,114.8138909646625,125.40555083770364,116.6930623049862
2023-08-10,86.53282418763867,97.40580503480616,115.74243391152311,125.45056475940189,116.84240238669838
2023-08-11,86.26344214548473,97.40580503480616,114.31867121154716,125.37740711077372,116.56236364593133
2023-08-14,86.20061114981182,97.10963405937764,114.04012723875061,126.0695217785481,116.84240238669838
2023-08-15,85.96713801553054,96.85185902730221,112.26040731642672,124.60095929292407,115.45152566739796
2023-08-16,85.76061766698314,96.29243984042753,111.79614529862727,123.6866000836113,114.53673195065308
2023-08-17,85.67083388557637,96.14435435271326,111.16163464785198,122.74410605925172,113.7432900940777
2023-08-18,85.85938826846234,96.16080736592866,110.49618517302244,122.80319184441493,113.71527951177211
2023-08-21,85.42838928018948,96.42406394615061,110.46523689333736,123.60219563847093,114.41538009048358
2023-08-22,85.51815771262943,96.58312089893373,110.58903001207767,123.26741183674534,114.079327638693
2023-08-23,86.33528298468028,97.56485361881347,111.40923979659425,124.64031416883365,115.29284624038804
2023-08-24,86.13774178172187,97.54291905745156,111.7032910039412,122.91292386141559,113.76196133108553
2023-08-25,86.0838822571546,97.41676813109922,111.78064751970767,123.77944408207738,114.53673195065308
2023-08-29,86.82915134104306,98.65079433490787,113.73059716374571,126.36492396871466,117.05711043190708
2023-08-30,86.79321940972018,98.89760627069023,113.86989751703645,126.88538685548927,117.51450729027952
2023-08-31,86.91892744796644,98.73306776976058,113.43656486766041,126.69970777044021,117.33714917267413
2023-09-01,86.46874992565344,98.78242680940674,113.88534801780193,126.93603308732675,117.53318598087499
2023-09-05,86.00058341422879,97.97619568674969,113.45203427968752,126.38743538550534,116.87973740712643
2023-09-06,85.91957156735897,97.5319475923827,113.17348085126018,125.5377675358456,116.17030493670488
2023-09-07,86.18965966198658,97.63615558859733,113.43656486766041,125.15235532604882,115.83425993850194
2023-09-08,86.23467050718283,97.66906161502811,113.9782117681188,125.3408594780506,115.86226306721987
2023-09-11,86.1356466477511,97.85005312917315,114.31867121154716,126.16516410831753,116.76772489225466
2023-09-12,86.16264548038544,97.34547453009115,114.79840264137373,125.47307617619256,116.19830061183521
2023-09-13,86.2886911959017,97.12060552444649,114.73652499326523,125.61936473779947,116.2356505394385
2023-09-14,86.17163997494127,97.16996456409265,115.67811671066215,126.70251501362671,117.35582040968198
2023-09-15,85.97356155814423,97.81165718582004,116.20432256598588,125.17597181634783,116.32899927089007
2023-09-18,86.09963029711072,98.38753775468591,115.36856772439559,125.24936117393742,116.2356505394385
2023-09-19,85.84750816814456,98.29430122354013,115.44594315142369,124.98963325194705,116.06761685995559
2023-09-20,85.80250499743174,98.36560319332399,116.52935041991037,123.84055286471147,115.21816874594433
2023-09-21,85.21729493953006,97.65260860181273,115.7090555347164,121.79365372325555,113.28589323570526
2023-09-22,85.57742774800036,97.96522422168084,115.74000381440148,121.51980046650144,113.10852766451222
2023-09-25,84.902172976256,97.46064562259885,115.05901873812905,122.03081675715643,113.31388891083556
2023-09-26,84.7941162498514,96.68183897822603,114.98161494420846,120.23803105131792,111.7083190535017
2023-09-27,84.49700629913923,95.48620871777048,114.5637233399671,120.28603045386528,111.62430966734786
2023-09-28,84.74912075362198,95.00904622819694,114.81135685560184,120.98337639703793,112.50177581725234
2023-09-29,84.66809355778537,94.03279505646371,114.87329123749528,120.68976549538084,112.17505525717189
2023-10-02,84.07855509124079,93.04557241966164,113.38745232116352,120.64177500471662,111.55897151820189
2023-10-03,83.41951650294051,92.77683429129316,112.7993026283155,119.02686157430375,110.09341730445774
2023-10-04,84.00633820235817,92.76586282622429,111.9635383310944,119.89359568016071,110.7375116257333
2023-10-05,84.0604740083282,92.59584277714812,112.5980962600238,119.84843916833236,110.97087600077458
2023-10-06,83.73548265938962,93.07299689794588,113.17076708521385,121.27136390043893,112.24973275161561
2023-10-09,84.60217741978188,94.78418559132807,113.15526930629427,122.04777607075607,112.75381142930145
2023-10-10,84.52094301289321,94.62512863854495,115.1518730328151,122.68300618850077,113.67794449134408
2023-10-11,84.90914908167515,95.31618029991851,115.074497605787,123.18554727829752,114.1820157154423
2023-10-12,84.17787058104204,95.02549924141232,115.53882581300223,122.43456071055515,113.30455701912545
2023-10-13,84.53897804890534,98.08040368296432,114.8887511938916,121.82472945973579,112.6511308061398
2023-10-16,84.06950687530109,97.60324956216657,115.30664279813297,123.10649887491931,113.7432900940777
2023-10-17,83.46463479090448,97.7842327075358,116.00314456458665,123.1008487410138,113.73395074877996
2023-10-18,83.07642872212253,99.19925042548948,114.65658709028396,121.46050970802622,112.0723746340102
2023-10-19,82.76044721670661,100.41682361608275,113.48031607148042,120.3933027911216,111.06422473222615
2023-10-20,83.0583783371436,100.69105166137355,111.9635383310944,118.91392127937567,109.8227104554008
2023-10-23,83.38337736056558,100.35101156322122,111.53014894793343,118.70780724630565,109.68269481181107
2023-10-24,83.68132382996937,100.34004009815236,111.7468436395139,119.60280093357323,110.42947720983594
2023-10-25,83.0583783371436,100.76235363115742,112.07186203780759,117.88623856416017,109.00125801651983
2023-10-26,83.618109110126,100.92140221516475,111.25156715261359,116.47459627609832,107.89043494516173
2023-10-27,83.59104120714098,102.09509791425837,110.29197191412888,115.9466474074931,107.35835313875792
2023-10-30,83.39243325098869,101.51922571416831,110.8027178130563,117.3328730048633,108.68388425532474
2023-10-31,83.3382513981182,100.96527970666436,110.75628121008248,118.06976097349133,109.31863177771493
2023-11-01,84.25915103483118,100.64717416987392,111.0967879316649,119.32894767681913,110.44814099325615
2023-11-02,84.76625020059181,100.98173271987976,112.70643887799862,121.61579035971302,112.68846582656784
2023-11-03,85.28240525677555,101.34919729631635,112.02543489046455,122.72536436902574,113.81796758852141
2023-11-06,84.85680910482293,100.55942755565049,112.18022356704407,123.00766609098872,113.78063256809337
2023-11-07,85.3095806025283,100.14259557079193,112.08733144983472,123.35776050793457,113.87395893878205
2023-11-08,85.59934607261765,99.1444098376968,111.91708281685891,123.44812700289003,113.90197697467524
2023-11-09,84.88396910160886,99.53929889241763,112.90764524629033,122.4853762681721,113.23921886997948
2023-11-10,85.08320636540073,98.45334980754745,111.4218063299586,124.39674349096109,114.6674157025327
2023-11-13,85.07415814946103,99.00180589812906,112.38142993533577,124.2781530621275,114.70475817654835
2023-11-14,86.14268414903755,99.88482053871651,112.62906345097052,126.68926304340987,117.11311668934297
2023-11-15,85.60839428855735,99.62156395849455,113.27909079192705,126.9574661662585,117.29981415224609
2023-11-16,86.07926989262553,100.74590061794204,112.31951446470399,127.11273790606216,117.29981415224609
2023-11-17,86.25133181066467,100.73492915287319,113.7434284547731,127.27083471281857,117.89723410779587
2023-11-20,86.38717016701133,100.57039065194353,113.60412810148237,128.25052693736987,118.6159910163399
2023-11-21,86.47769069882541,101.65633973681372,113.37198290913639,127.971005722944,118.36395540429079
2023-11-22,86.55919371263342,101.22305473873978,113.17076708521385,128.46508052376564,118.76534600522734
2023-11-24,86.16077290643355,101.74957626795951,113.61957860224786,128.54413783902697,119.03605285428429
2023-11-27,86.64976029134795,102.43514638118651,113.17076708521385,128.31264276279782,118.84003840684633
2023-11-28,87.03006164221819,103.80079669071824,113.10885161458206,128.43967274495714,118.93338713829789
2023-11-29,87.45567314313763,103.95436372657905,112.55166911268077,128.3493418975342,118.9520509217181
2023-11-30,87.16589999856487,103.52108709728091,112.96955126129133,128.85471696616685,119.27876402821094
2023-12-01,87.93235833114674,105.30905093981771,114.1613295146453,129.61698597795396,120.19355774495581
2023-12-04,87.59636944748247,103.0329615114143,113.86724994040588,128.9365637008484,119.52146029496231
2023-12-05,88.17753505262739,102.64355400484,113.57317982179728,128.9111737458062,119.33477028564683
2023-12-06,88.40456162084476,103.02199004634545,113.92916541103769,128.39169116617606,119.05472409129214
2023-12-07,88.4318137114316,103.19201009542162,113.96008532383031,129.37136556696106,119.9135264577764
2023-12-08,87.98683181438679,101.81538832082104,114.62564826622972,129.9275561932107,120.34291273384328
2023-12-11,87.99593375171035,100.69105166137355,114.57920220762503,130.43293126184335,120.80032449939098
2023-12-12,88.25926830093768,100.63621107358087,114.59468107528299,131.02863717789893,121.11769826058607
2023-12-13,89.36715672592109,102.90681895383776,114.64111767825685,132.83552148285182,122.90994322006017
2023-12-14,90.08845839812196,103.51011563221206,115.25406949075472,133.26185705998935,123.55404499492334
2023-12-15,89.87899104794533,102.56128893876306,114.2324831365916,133.04242867352056,123.17132563099464
2023-12-18,89.69685253318964,103.02747996326778,114.7742529602507,133.79080405950538,123.74075736500174
2023-12-19,89.80611415348952,103.72950308971018,115.052863122463,134.60438769436482,124.59952991713547
2023-12-20,90.13401413164026,103.16459398591317,116.35306909446923,132.73912164301615,122.94218744013838
2023-12-21,90.12488917086647,103.89403322186403,115.98158572630923,133.9977379858235,124.38211621961787
2023-12-22,90.0065025897928,104.3547426982222,116.08992834428406,134.26704618218045,124.63623138261516
2023-12-27,90.76240083320332,105.62715647660814,116.43047288838979,135.07776910255464,125.51151363134466
2023-12-28,90.56202007138344,105.01288833316498,116.38403628541593,135.12879854536678,125.43621748912783
2023-12-29,90.38899116843473,104.84834983223534,116.5697637860497,134.73760252341754,125.19151620730456
2024-01-02,89.96096220524133,104.60154626522878,116.30665140275703,133.98356809164412,124.14684372614386
2024-01-03,90.0065025897928,103.72950308971018,115.71844497612406,132.88936708073356,123.14924065085324
2024-01-04,89.64219486234778,103.8337110859248,116.27568421181029,132.46132933391783,123.00805479400594
2024-01-05,89.43272751217116,103.8501640991402,115.76488157909792,132.6427396269468,123.15863962485199
2024-01-08,89.76969872971183,103.03844305956082,115.8577453294148,134.53635437853742,124.7868385742241
2024-01-09,89.75149485506469,103.0713490859916,115.73391438815119,134.332245519172,124.2880146758159
2024-01-10,89.57844292866575,102.83551698405388,115.22314957796209,135.09194790861721,125.01270464011172
2024-01-11,90.08845839812196,103.03844305956082,114.24796200424956,135.03242544118055,125.00329821252534
2024-01-12,90.25239303823052,104.04760862650062,114.94451104885735,135.12595565464778,125.10681363750133
2024-01-16,89.57844292866575,103.06038598969853,113.90743637140545,134.62989350388776,124.24094526994584
2024-01-17,89.33254480574463,101.92507786518222,112.28218363421307,133.88153594166923,123.43156764302205
2024-01-18,89.25058899741546,102.76421501427002,112.52985497237111,135.07210114488288,124.4668187894211
2024-01-19,89.26879287206259,103.0713490859916,112.54531492876743,136.75593907943633,125.76562134075434
2024-01-22,89.43272751217116,102.68194994819308,112.97872322319004,137.04507621576133,126.0573994820353
2024-01-23,89.21415822467095,103.08232055106046,112.94775603224332,137.44477417421822,126.21739819405535
2024-01-24,89.01379281181791,102.23221193690377,113.55144132653423,137.59500178816936,126.50913161381054
2024-01-25,89.41451596304061,102.63807245669348,113.58238960621931,138.3433949979204,127.00792569786823
2024-01-26,89.31434093109749,102.5667704869096,115.22314957796209,138.16763483879694,127.12087736478111
2024-01-29,89.66954672121894,103.29073654348973,115.19217293138455,139.26184476159065,128.0996824920742
2024-01-30,89.84255260071743,103.43333211428165,115.62557177017636,139.15413574206087,127.98673082516135
2024-01-31,90.25239303823052,103.35654859635126,115.03737479917422,136.88350377458355,126.3020560423328
2024-02-01,90.76664482252872,104.43152621615259,114.94451104885735,138.6750596405499,127.76084239851085
2024-02-02,89.935444547905,103.4443035793505,114.82067065196291,140.13495086388676,128.4196650089391
2024-02-05,89.19556295136995,102.87391292740698,114.7742529602507,139.6246742595317,127.84555987548931
2024-02-06,89.66138874535473,103.41139755291975,115.76488157909792,140.03005799942662,128.344353959547
2024-02-07,89.47871301676038,103.38397307463549,115.00642651948914,141.19796919571948,129.07845780501682
2024-02-08,89.20471093559397,103.29073654348973,114.44920619506456,141.260325641992,129.1537390400584
2024-02-09,89.17729768085553,102.89036594062237,114.06222504798495,142.07674325568735,129.78431255337702
2024-02-12,89.19556295136995,102.62161944347807,114.15511716519431,142.01437789753172,129.87843645794186
2024-02-13,88.37349531200344,101.20660172552441,113.1799485027434,140.0583888759023,127.93024753811729
2024-02-14,88.76626002393057,101.1462712208094,114.10866165095881,141.33118402477217,129.2949248969057
2024-02-15,88.97633365829655,101.82635978588989,114.72781635727685,142.30634010080945,130.39607321152283
2024-02-16,88.6931759184227,102.19930591047302,116.43047288838979,141.5976760660595,129.91607707546265
2024-02-20,88.77538498470437,102.81906397083851,116.52333663870668,140.81810908911373,129.51137708161932
2024-02-21,88.51050786431176,102.82454551898503,115.6410506378343,140.94566487237782,129.5960945585978
2024-02-22,88.58359196981964,102.86842301048465,116.18279209460094,143.8626133402157,131.9301258955672
2024-02-23,88.91238218804587,103.44978512749705,116.50784831541792,143.96182933512094,132.0713117524145
2024-02-26,88.7205661497109,103.21943457370585,116.2292381532056,143.4345577696337,131.56306651924464
2024-02-27,88.60184189136723,103.1097450293447,116.13638385851957,143.70102307527165,131.90189170563278
2024-02-28,88.77538498470437,103.29621809163625,115.25406949075472,143.5111019338519,131.48781509855357
2024-02-29,88.9215301722699,103.8282211690025,115.43983481391176,144.02701976022936,132.02423489295677
2024-03-01,89.34843098640212,105.7916949775378,116.29116307946825,145.37918414027018,133.2101006845524
2024-03-04,89.12857238568914,107.50287530214419,115.5945951235988,145.22327074488103,133.05010197253233
2024-03-05,89.61413695100295,108.15005784079392,115.6875061520698,143.7718992818181,132.01485827972093
2024-03-06,89.75154090196516,109.03855402952789,116.1518627261775,144.50041899218544,133.0030400202499
2024-03-07,89.943917177589,109.65831208989336,116.84839285952364,145.93479549411623,134.43357727931829
2024-03-08,90.02637182733977,110.58520422198043,116.36854796212717,145.05885541298426,133.718331010547
2024-03-11,89.9255828367239,110.78813029748737,116.47690003573284,144.9341425204392,133.33244387187642
2024-03-12,89.69656090282008,109.57603865504065,117.69970221381847,146.49325865056443,134.73476184818563
2024-03-13,89.53165160331854,110.34388220312039,118.05571616995134,146.2636172460267,134.61241866086164
2024-03-14,88.96368610963782,109.88318109553803,116.9175891658895,145.97449793346797,134.01948576506382
2024-03-15,88.95451510196357,109.53216953231681,116.66989891646982,144.9721338782296,133.3983484936821
2024-03-18,88.86290479350536,109.70767112953952,116.59251403381089,145.83373473940273,133.80301867317493
2024-03-19,89.08277106870175,109.58152857196298,116.84018537196891,146.6441457438673,134.46182637642795
2024-03-20,89.26598401113476,110.8868483767797,116.80921818102219,148.0005165327463,135.7229734030651
2024-03-21,89.33011199450385,110.771677284272,119.0228286349407,148.4896006790142,136.1558926796676
2024-03-22,89.61413695100295,109.88318109553803,119.82776757567744,148.20809211464996,135.90178497025795
2024-03-25,89.44921997701799,110.23419265875924,119.62653284049325,147.79860890851444,135.52533407352428
2024-03-26,89.5408302854762,110.59068577012697,119.76583319378398,147.52562901630725,135.34649269198093
2024-03-27,89.83397252826569,111.39143534463749,119.84324644333539,148.76542346194043,136.38176619914287
2024-03-28,89.72405857687603,112.82838762395309,120.30763138433555,148.73698564286715,136.38176619914287
2024-04-02,89.0073539202374,115.66390460800694,119.93610073802144,147.53418442411365,135.05474436505048
2024-04-03,89.06247973456725,116.67855172309328,119.88966413504758,147.69623810698056,135.45944435889382
2024-04-04,89.27381198421236,116.00943462308165,120.63268760515254,145.89345326826825,133.9253767676742
2024-04-05,88.83276709715659,117.99484299297885,119.54911959094186,147.41757243333532,135.1112127449193
2024-04-08,88.75006686393671,118.72977214585202,120.05992222365423,147.50005191171925,135.26180502935296
2024-04-09,89.05329337792618,119.38243623264827,119.95158906131023,147.67066991427572,135.3653353615042
2024-04-10,87.98744577305953,118.25261802505426,120.27665473775801,146.1920102650635,133.8689083878054
2024-04-11,88.0058261608251,120.55065038359538,119.9206218703635,147.29531922053462,134.7912153208792
2024-04-12,88.17123430174826,118.95464115149667,121.03517598678255,145.26218002663404,132.69246393097143
2024-04-15,87.6382874758647,121.18137154025395,120.55531217812441,143.44232893172455,131.3372228141199
2024-04-16,87.3902021251719,121.3294570279682,118.38813832717976,143.18071169051026,130.8007582981909
2024-04-17,87.7945092601468,120.43547092231191,118.88349991475748,142.33332528293224,130.36783902158842
2024-04-18,87.54640856048717,120.84681299024811,119.34789431138849,142.04045406757507,129.98195188291785
2024-04-19,87.6382874758647,121.22524903175356,119.62653284049325,140.80067744570815,129.22903518227525
2024-04-22,87.69342863916137,118.23068346369237,121.56145748715288,142.0973297057216,130.35841768682678
2024-04-23,87.87718646991645,117.93999403641038,121.85557488391558,143.78352928930497,131.8172040430048
2024-04-24,87.6474815069892,117.72061494768803,121.7472133546791,143.71529100016548,131.71368861802884
2024-04-25,87.39938848181296,118.42263807413045,122.47475795712607,143.16933121575107,131.2430840023798
2024-04-26,87.59236336714275,118.80655566378242,123.32615241209832,144.52571091651322,132.51365236377862
2024-04-29,87.85882143111772,118.56523364492237,123.49642941196662,145.03754710041633,132.91835235762196
2024-04-30,87.5004767772818,116.20138923351972,123.34163127975629,142.73997451023186,130.97956986538372
2024-05-01,87.80922124484265,117.25442392318335,122.98559841236177,142.2764763804351,130.44313516380527
2024-05-02,88.20556994052198,116.89244926366908,123.945326029678,143.60723441719358,131.83603180535283
2024-05-03,88.65719026571594,116.7992127325233,124.59548574946606,145.38730286580318,133.4359891112029
2024-05-07,88.90605841371652,117.48478284575032,126.09700210170307,147.05077714740068,134.88533922544403
2024-05-08,88.72172499670573,117.13925283067566,126.74714291022946,147.06497377722945,134.87593279785764
2024-05-09,88.8876243045671,118.98754717792745,127.21153730686045,147.91236909669064,135.65709859560994
2024-05-10,88.7032755385895,119.95283525336762,128.01645733633555,148.10289624616334,135.88295720790993
2024-05-13,88.74936848594645,118.609111136422,127.66043392457188,148.12277865743016,135.7982546381067
2024-05-14,88.98898888143867,119.61278678643947,127.89263585070279,148.8023810412876,136.59823329103173
2024-05-15,89.57886502525328,121.14846551382317,128.21770152715058,150.645028733248,138.16054997936104
2024-05-16,89.47748509941488,120.67679294117195,128.44990345328148,150.33503779039484,137.82173970014813
2024-05-17,89.19176408208229,122.66769122799148,128.078391718229,150.55116878010492,138.0946751719058
2024-05-20,89.10884128884354,123.16129836200463,128.1557955121496,150.72461184961412,138.14172221701298
2024-05-21,89.27473292222149,122.9803068478596,128.0319456596243,151.09427676191717,138.367580829313
2024-05-22,89.16412059284157,120.72067043267157,127.33536824812408,150.65923427495994,137.6993666984736
2024-05-23,88.91526779380781,118.31294852976927,126.84001611617717,149.55877712209093,136.74882557546542
2024-05-24,89.01664771964622,118.42263807413045,126.54591763067612,150.54831697750274,137.6993666984736
2024-05-28,88.6018956127511,119.66763574300796,125.6790348524151,150.6535484935219,137.727600888408
2024-05-29,88.26087226797024,118.55427054862932,124.5335513675726,149.59855976839086,136.2970785365149
2024-05-30,88.67561670038195,118.77913955427397,125.29205370533549,148.60619484602628,136.11826696932206
2024-05-31,88.96133771771454,118.08259797597809,125.97316170480863,149.95968709665374,137.13469780696073
2024-06-03,89.49946481989944,119.13563266564171,125.7409503230469,150.08197595698698,137.46408675141197
2024-06-04,89.8230594128575,118.0661449627627,125.30753257299345,150.2497688925907,137.43585256147756
2024-06-05,90.10043059224066,119.464709667501,125.5552039111515,152.0354963869889,138.8758111553076
2024-06-06,90.12815850079888,120.34771593931266,126.31370624891439,152.03262676062047,138.96051372511081
2024-06-07,89.33303597268282,116.05331211458125,125.63261716070289,151.8478299520015,138.3770170712499
2024-06-10,89.25907697606628,117.11730990053795,125.46234016083461,152.31696930382063,138.68759316052837
2024-06-11,89.56419141297447,117.45186845054376,124.17751850017811,152.6838002372878,138.49688566748145
2024-06-12,89.9894729111073,117.76449243918768,125.27657483767756,153.9378447840486,139.78723585044466
2024-06-13,90.44255138814906,116.80469428066982,122.80150673586046,154.24778225560297,139.48362141201062
2024-06-14,90.53496751736525,118.3184300779158,122.55380703080993,154.34160656121355,139.075641839611
2024-06-17,90.21137292440719,117.70416193447267,122.39898053170715,155.57000270832128,139.92007368914872
2024-06-18,90.53496751736525,118.17583450712388,123.21953071893337,155.96528037274487,140.38499867102533
2024-06-20,90.3778017716238,119.65118272979257,124.44257874342041,155.54157380113114,140.1572617546431
2024-06-21,90.38704952413215,117.79739846561843,123.94715096642692,155.33305355961556,139.69235167994177
2024-06-24,90.46097782281505,118.26358949012312,124.58191691923443,154.828088437607,139.73033516249342
2024-06-25,90.45176076824035,117.6767374561884,124.10198692116057,155.42432906665047,140.2142071641201
2024-06-26,90.04495175167398,116.59079674009402,123.7458973199811,155.61832293866138,140.13829982771776
2024-06-27,90.19290044284072,117.91257792690193,123.14209855812031,155.86366708127716,140.17626840309418
2024-06-28,89.74906971830731,117.92354102319497,122.9098966319894,155.25031563662083,139.93906543042456
2024-07-01,89.26775681680233,118.23068346369237,122.95632377933244,155.56982447065866,140.24266496168335
2024-07-02,89.56451374127766,118.22519354677003,122.18224801760336,156.61675685343866,140.97325071379282
2024-07-03,90.04679362769224,119.55794619864679,122.94083545604366,157.31569802369188,141.93152866075874
2024-07-05,90.5012688607145,121.17040007518509,123.46722096835305,158.22285643143422,142.79496715874757
2024-07-08,90.52908886307364,119.66763574300796,123.37434776240535,158.40540744550407,142.64313757876766
2024-07-09,90.44562118151282,119.8705618185149,122.52285875112487,158.5594939048512,142.7285407858079
2024-07-10,90.53836731351562,120.30932836473536,123.4052865864596,160.12846657772013,144.23714692169068
2024-07-11,91.0020749500794,122.44282222234682,123.80784115750538,158.74773070035906,143.5255380036818
2024-07-12,91.25248566924526,122.36603870441643,124.24132509697459,159.74903424150472,144.59766204807593
2024-07-15,90.93716416940255,122.76092775913725,123.14209855812031,160.1883544323652,144.6071728258891
2024-07-16,91.30814869741377,125.20703723661684,122.89440830870062,161.1382898791397,145.4516046754268
2024-07-17,91.37308250154085,124.62567511960445,123.29692505722312,158.87894926759026,143.83863340557846
2024-07-18,91.12265643340817,123.83041546201625,123.54463421790444,157.65798563101436,142.54826831544
2024-07-19,90.93716416940255,121.60916662140554,122.73960072085947,156.61105324823436,141.542540829635
2024-07-22,90.90006571660143,121.64756256475864,123.4207843653792,158.22570823403638,143.0511320583425
2024-07-23,90.89077191719264,122.07535764591024,122.89440830870062,157.9774944650522,142.5957178542791
2024-07-24,90.61256421911786,121.64756256475864,122.77053008928289,154.39735930208548,139.69235167994177
2024-07-25,90.86297493828373,119.74441926093834,123.23500013096049,153.59290143555288,138.9997345032087
2024-07-26,91.18758256305183,121.00586994303124,124.82961662428495,155.31305529386802,140.54627940011736
2024-07-29,91.33596102528949,120.83584989395506,124.89154155054759,155.40436644843544,140.49884476845355
2024-07-30,91.42873785522593,122.04245161947946,124.61287465455035,154.61701939751572,140.10036106669187
2024-07-31,91.92026549414885,124.25272899502133,126.02172582471776,157.13024173572114,142.2920885086698
2024-08-01,92.30543246750067,123.82493391386973,124.78317056568027,154.90514057916366,139.76827392351933
2024-08-02,93.33807258265476,123.58909344315623,123.14209855812031,152.02104131254927,137.21598663363037
2024-08-05,93.26363776806683,122.02050868934175,120.68051418585742,147.59362668460213,133.47769938756852
2024-08-06,92.70544956624971,121.04425751760853,120.89725615559203,148.9543732080988,134.50241861464937
2024-08-07,92.42636697706627,120.96199245153161,123.03374648451467,147.9587732721574,133.95209042573254
2024-08-08,92.28680649626601,122.85964583842957,123.00277929356793,151.37918966563774,136.7985260977681
2024-08-09,92.61241180387735,123.16129836200463,123.35885943911657,152.04672535973484,137.60500427910466
2024-08-12,92.77056755797861,125.27285765825418,124.00909480395121,152.12661148012742,137.48166231103852
2024-08-13,93.14270325850124,125.08089467904028,124.41161155247369,154.628408784158,139.87263905748492
2024-08-14,93.31015281201131,124.06076601580745,125.07734469622793,155.11626309055373,140.2995954639851
2024-08-15,92.91942183818766,124.45017352238175,126.48616749950288,157.77496300900108,142.40594951327327
2024-08-16,93.14270325850124,127.23633146678948,125.91334538421964,158.1286756504984,142.99421646321602
2024-08-19,93.2450348202824,127.02791547436021,126.65645395500198,159.64064791885696,144.4269003555212
2024-08-20,93.52411740946584,127.4941064988649,125.35601159222516,159.38106258699668,144.21814027323958
2024-08-21,93.70086843686812,127.32407808101294,125.54179582664386,159.92876910050492,145.04361019585195
2024-08-22,93.31946196038693,125.7993708186981,125.63468794385322,158.673566008937,143.7342682716129
2024-08-23,93.74742185322965,127.25278448000485,126.28491385305705,160.35953388355895,145.92599571359082
2024-08-27,93.69157463745933,128.0041666460934,126.50164636716082,160.1969098401716,145.72674640912234
2024-08-28,93.60786904691281,127.1046989922906,126.50164636716082,159.2669370116121,145.03414413956455
2024-08-29,93.48690383941359,127.76284462723339,127.18286783420383,159.28119602462283,145.12902831006747
2024-08-30,93.26363776806683,126.8524055083617,127.04352020275897,160.80168805325528,146.28655556150184
2024-09-03,93.65745388422106,126.30394941778009,125.86690878124578,157.49256325632368,143.27885406754947
2024-09-04,94.0680771190419,126.38073293571048,125.41792706285698,157.17016697215115,143.00368251950343
2024-09-05,94.31072126099744,127.43377599414988,125.06185637293916,156.78791848086615,142.50083368377616
2024-09-06,94.43201647128328,126.49043084884744,124.19486958273909,154.14916335686755,140.18574936655685
2024-09-09,94.57199137418762,127.02243392621368,125.54179582664386,155.8750564679195,141.68485963180171
2024-09-10,94.86129637527242,127.58185311308836,124.55095918391854,156.55401719619147,142.07386237010073
2024-09-11,94.83330753427828,127.3789270375814,124.4271093313933,158.16006330288826,143.46860750138003
2024-09-12,94.7493103133622,129.61662889140752,123.86717524092239,159.49230071224662,144.55972328705002
2024-09-13,94.94527824722167,130.90549568300884,124.30069700291489,160.32529442856693,145.29980490979744
2024-09-16,95.16927339449232,130.8945325867158,124.37812916372795,160.56206533961003,145.80266865269994
2024-09-17,95.0759440017504,130.1705665301357,124.85812535121758,160.6276924469919,145.56545077285506
2024-09-18,94.77732985228998,129.16689088011822,123.99102509344763,160.15129882230354,145.17644803455602
2024-09-19,94.78664667514903,131.17424218015313,125.16777834942319,162.8841812559392,147.69078165624381
2024-09-20,94.70265712871637,132.8415533820357,123.54201500816635,162.60263704404244,147.168955986416
2024-09-23,94.66533611589637,133.09932004533533,124.0529689309719,163.00891197225053,147.61488922701676
2024-09-24,94.79597884697488,134.95859422643179,124.40908689904384,163.47532428783137,148.0797993017181
2024-09-25,94.43201647128328,134.77211279536442,124.20780488570553,163.11480296762144,147.7097584903444
2024-09-26,94.45068081493497,135.45768290859147,124.51746733954197,163.7614848551904,149.05706898995987
2024-09-27,94.72132147236806,134.38271365756594,125.07487677658303,163.52398316973046,148.6016398787212
2024-09-30,94.50670454382372,133.3077360377646,123.75877588916259,164.17927393640463,148.87679651959198
2024-10-01,94.75659339811774,134.7063007425029,124.40908689904384,162.70847456811455,147.64333211740475
2024-10-02,94.56004220351917,134.73372522078714,124.57941117706623,162.77714953952744,147.66232385868057
2024-10-03,94.17624896269764,134.64048868964136,124.501988471884,162.47956393799362,147.10251470630106
2024-10-04,93.56782359248248,134.37174219249707,124.501988471884,163.95608473525425,148.33596420131306
2024-10-07,93.24957043997738,133.91652263306125,124.81164147008961,162.47384250902306,147.06457594527515
2024-10-08,93.40870085347163,132.92929999625915,123.10847433491222,164.0104650461239,148.0797993017181
2024-10-09,93.16531996110878,132.20534230845485,123.9600579025009,165.14646278892212,148.8673155561293
2024-10-10,93.10916576600209,133.17611193204152,123.92910962281583,164.857450418961,148.62060180564652
2024-10-11,93.13723135183032,134.6295172245725,124.17682823912799,165.8446553609923,149.47451461864688
2024-10-14,93.05298854744515,134.41013813585016,124.71875880851108,167.20097267857253,150.42332650932542
2024-10-15,93.42741891850719,134.87632079157908,124.022011195656,165.90186965069785,148.93371211471847
2024-10-16,93.5490978529635,135.55091943973724,125.2916471132101,166.62294793865024,149.5409558987618
2024-10-17,93.0904246775163,136.3626404793166,126.12775181314085,166.63726042295977,149.62634419862678
2024-10-18,93.1559647658327,137.81056422370105,125.7251688752026,167.27823870532438,150.29048867062133
2024-10-21,92.51008024209618,137.78313974541683,125.09036509987179,167.00352099590648,149.63582516208945
2024-10-22,92.52879830713175,139.26945106437856,124.93552914513816,166.9148299349798,149.39863709659505
2024-10-23,92.294772610045,137.59117676620295,124.22328375336349,165.38966807958633,147.90900779481285
2024-10-24,92.47262876305822,138.64970137278888,124.4245752223326,165.7473375971941,148.3928947036148
2024-10-25,92.28543276373573,138.93490088314854,124.20780488570553,165.6901054837223,148.1556768237699
2024-10-28,92.13566522000096,138.94038243129506,124.74971654382698,166.20234270236637,148.81037014665233
2024-10-29,92.2386260894217,140.45411822854106,123.6968604185308,166.47130333528116,148.81037014665233
2024-10-30,92.14502041527705,141.22744332476734,122.8297790720225,165.96767499574236,148.26955273554864
2024-10-31,92.12628700127465,139.0391005105874,122.05561820961601,162.71421382085137,145.8595842478264
2024-11-01,91.76008367642751,138.46870985864385,123.10847433491222,163.40096353498043,146.4478661049444
2024-11-04,92.14508181114431,138.66615438600428,123.29427748059257,163.04897979881068,146.24858698612545
2024-11-05,92.3610340998019,138.97877000587238,123.0465588642804,165.02055570403743,147.97543416775255
2024-11-06,91.63799031986709,134.75565978214905,122.98461502675613,169.12390752566643,150.2525648167707
2024-11-07,92.33286874568934,136.92205966619127,122.81430020436454,170.43156596134756,151.72320237727706
2024-11-08,92.49249800060521,135.99517590288002,121.79238290312261,171.1698263599779,151.6947445797138
2024-11-11,92.28590858170712,132.8031574386826,122.6129992797646,171.33291382128806,152.04579364981169
2024-11-12,91.7507054577012,131.65688621787322,121.0956258346367,170.80071398442897,151.03055538619347
2024-11-13,91.73191064783154,130.32962348291878,121.0956258346367,170.88368361638513,150.83132098890027
2024-11-14,91.69435172602586,129.98957501599065,121.82336900533099,169.7848484262461,150.20510037075636
2024-11-15,91.7037529682024,129.75922446219946,121.73046743249081,167.61015288068154,148.63959354692236
2024-11-18,91.78824135605666,132.22727686981673,122.41172672205711,168.29690259481063,149.33222563083066
2024-11-19,91.91969758237656,133.41194403397924,122.25689076732348,168.91212553492466,149.7686630007935
2024-11-20,91.82579260337894,134.16332620006781,122.04013934195808,168.9693398246302,149.68325979375328
2024-11-21,91.77886313733036,135.28218131136876,123.0775165995963,169.87644476107374,150.45181412123915
2024-11-22,91.84460276221542,137.02626766240593,124.81164147008961,170.4029588164948,151.10649253694632
2024-11-25,92.67092973987415,132.98963050097416,125.16777834942319,170.98100138018336,151.58086866793508
2024-11-26,92.53007994586112,133.2474055330496,124.78069319040455,171.87375818478486,151.85604021598112
2024-11-27,92.78360650529122,133.5435765084781,124.9974540714008,171.35294773456812,151.66628678215056
2024-11-29,93.14979448117154,134.69532927743404,125.19874554036991,172.41743652711756,152.89021059217413
2024-12-02,93.16112969316724,133.51615203019387,125.64776508128202,172.72646498659253,153.2792282376484
2024-12-03,92.98213771660942,133.78489015856238,126.42193539931932,172.80658281594654,153.4405238739157
2024-12-04,93.28357607596449,134.19075067835203,126.08129629890534,173.8796270163024,154.3324052622925
2024-12-05,93.30241693273462,133.19804649340344,126.29806663553242,173.59348427270967,154.34188622575516
2024-12-06,93.56616590406604,133.2474055330496,125.64776508128202,173.92252882169842,154.6075619031633
2024-12-09,93.29298499262444,134.5691867198575,126.29806663553242,173.0269023907285,153.72519129259967
2024-12-10,93.17993985200373,136.3406975491789,125.18326667271195,172.48896330113263,153.07049796971725
2024-12-11,92.96331988328953,137.6405441746249,125.41551587699699,173.8224127265969,154.26599379652808
2024-12-12,92.58653344582079,135.6222214095211,124.77289229497521,172.92676847186067,153.2697323670105
2024-12-13,92.2379737583319,133.98233468592278,124.6180563402416,172.89242207427108,153.08947480381784
2024-12-16,92.32276912552254,134.30593013963554,124.02965134536134,173.6306824729014,153.42156194699038
2024-12-17,92.32276912552254,133.7903800754847,123.06961169222792,172.91530779015332,152.85122832888032
2024-12-18,91.61967132796882,131.2236012197993,123.1005977944363,167.76183313158316,148.43766095090785
2024-12-19,91.3833970072431,131.41008265086666,121.83087677620479,167.71030462331564,148.2274846869769
2024-12-20,91.62912629152922,132.78122287732072,121.62955694034319,169.7246932151071,149.37387627849526
2024-12-23,91.34560017645173,132.15598326880868,121.81538845291601,170.74105783874535,150.36740969494105
2024-12-24,91.44956640319909,132.41923984903065,122.27991522837853,172.63882552787535,151.6761851465204
2024-12-27,91.32670559829774,132.39729691889292,122.51219279955603,170.83292153006695,150.55846005301885
2024-12-30,91.68581002599117,131.97499175466365,122.14055814130288,168.88344709500683,149.14457410871117
2024-12-31,91.57241953361704,132.79767589053608,122.80637638573451,168.26904404814093,148.55228222144936
2025-01-02,91.58186682269404,134.60209274628824,124.19997562338374,167.8555861421287,148.2656917771574
2025-01-03,91.48737090847388,133.5435765084781,123.84382928841934,169.95437026717738,149.9661532585818
2025-01-06,91.39283662183668,133.37903800754847,124.3857882246949,170.93341192426004,150.71130332091616
2025-01-07,91.07155972286827,134.13042017363702,124.30835606388186,169.0011908949429,149.42162396083944
2025-01-08,91.17551827513223,134.84341476514828,124.32384438717064,169.24805005769107,149.44073495951733
2025-01-10,90.66518815185624,136.1322899255254,124.16901788806784,166.66406736741993,147.35812804041157
2025-01-13,90.5801548756799,134.77760271228675,123.70449111260531,166.92249415447307,147.33903194890894
2025-01-14,90.60847371946063,135.48510738687568,123.42575802719232,167.1521712065433,147.53008230698674
2025-01-15,91.39283662183668,136.499754501962,124.86582223470786,170.19265619835284,150.09035984281277
2025-01-16,91.59132178625443,137.44309964726446,126.30584861970011,169.86537620222418,150.11901143365435
2025-01-17,91.59132178625443,136.71365204253783,127.93169706163437,171.5707898058395,151.32272111403108
2025-01-21,91.89371178155228,138.83069288693392,128.6749663781407,173.1412596750745,153.1091671823307
2025-01-22,91.67637041139758,139.54367910966937,128.59752476169683,174.11456207942038,153.70145906959252
2025-01-23,91.52517541374867,139.34624295108475,128.89173671476777,175.064907472819,154.63767439717992
2025-01-24,91.67637041139758,140.21279620968102,128.07105414871003,174.55382879898204,154.51349762729944
2025-01-27,92.18667751122337,138.7539093690035,128.07105414871003,172.08472028227854,152.83210242302718
2025-01-28,92.15834331847579,139.9550211776056,128.47365599790993,173.563326460192,153.739666159773
2025-01-29,92.10162121159678,139.41753655209283,128.86076952382106,172.7852655914955,153.24291435872536
2025-01-30,92.23392163109173,141.52908747956658,130.23886152691986,173.7126183264143,154.33197295421007
2025-01-31,92.04493747713484,141.80880544177973,130.57951008296465,172.78811739409764,153.48175712067314
2025-02-03,92.13215798108287,142.5656775247906,129.29431965270604,171.62531270683922,152.24936603510432
2025-02-04,92.30283081762488,143.96972377767543,129.03109380184347,172.776638888624,153.46263121482
2025-02-05,92.79586265529605,144.86370988333172,129.86725523555916,173.47718419784096,154.33197295421007
2025-02-06,92.7010520872561,144.47978392490398,131.43115983996913,174.08012656299948,154.81918416309404
2025-02-07,92.40711169819204,144.7375589569794,131.07502296063555,172.4866818590509,153.42442412463947
2025-02-10,92.43556868267416,147.18915835138128,132.09697808440077,173.658059777882,154.45614972409055
2025-02-11,92.22696087463939,146.65168209464431,132.18989856850257,173.79013388589385,154.73321448339408
2025-02-12,91.74341469846226,146.80524913050513,132.62346760864924,173.2302537400277,154.5994673069994
2025-02-13,92.29332980716403,148.25316450611376,132.1434525098979,175.05916822008217,156.24262560674066
2025-02-14,92.63466013128124,146.04837704749423,131.5705169270448,175.05055934097692,156.2521512917291
2025-02-18,92.26490352061553,148.46707041546537,132.05054148142693,175.56445416988348,156.7584884064662
2025-02-19,92.397626036698,148.54933548154227,131.22987782663083,175.97791207589572,156.70115541043253
2025-02-20,92.53984956324132,148.62611063069687,130.76533213990663,175.24578305286002,156.39546887463794
2025-02-21,92.93809385632277,148.48899660805148,130.79630878648422,172.2483602803429,154.07404900793495
2025-02-24,93.09928103137075,149.29522773070855,130.6724400226973,171.46457798267582,153.45307571548105
2025-02-25,93.67764545007124,147.3262723740267,130.82728543306175,170.61183553333566,153.24291435872536
2025-02-26,93.82934696362517,147.55114137967135,131.83376168916902,170.69794214815417,153.33845444493952
2025-02-27,93.68712343708187,145.3024680607764,132.28280014134276,167.9732942945322,150.99790867238337
2025-02-28,94.104331378668,144.3920289419047,133.04153886987623,170.59459995135896,152.85122832888032
2025-03-03,94.3078279807521,146.29517224572498,134.00157852300967,167.60580388171329,151.21761062130275
2025-03-04,94.07006481024494,147.56759439288675,132.31377678792032,165.621876106466,149.94707207425444
2025-03-05,93.746715800756,147.87472846460832,132.1434525098979,167.40197129072496,152.12518926522384
2025-03-06,93.65160592786307,147.12334629851975,131.4621459421775,164.43039297928976,149.498067955551
2025-03-07,93.53747868508164,147.20013818522594,131.52408032407095,165.35200646147175,150.59666714319937
2025-03-10,93.98448664574653,145.91126302484884,130.28532649678618,160.9477538177839,146.4887863010215
2025-03-11,93.65160592786307,147.6224433494552,128.73689130440334,159.609794979455,145.6194445616314
2025-03-12,93.37579266861205,148.26412760240683,129.48015116527884,160.4567803522921,146.3550391246268
2025-03-13,93.66112996177417,150.89672687972956,128.97648753383814,158.3178214580857,144.4826382838025
2025-03-14,93.47089486702154,150.9570490156688,130.37015296090314,161.58798350196548,147.55876371217883
2025-03-17,93.59454614371407,151.77425997217046,131.0824739977244,162.83404300144025,148.90574625393867
2025-03-18,93.68964834212356,153.5457624327161,131.43862978831964,161.07407084929267,147.6256223932009
2025-03-19,93.96546160137459,154.17648358937464,131.50056417021307,162.82830374870343,148.9630792499723
2025-03-20,94.0225213855236,153.97904743079002,131.469615890528,162.357453315323,148.38988345421313
2025-03-21,93.90839414274217,152.73953131005905,130.52500782689842,162.41101373294455,148.29435827517423
2025-03-24,93.54698737002592,152.05945111375433,130.4940406359517,165.31954938310608,150.38650578644368
2025-03-25,93.63257320900773,152.72856821376598,130.91213080844034,165.716948075715,150.7304292267693
2025-03-26,93.40433407241167,152.60241728741363,131.28377492232434,163.7385813155419,149.01082693231652
2025-03-27,93.35679832217374,154.64816453080167,131.02053961583096,163.30373489001354,148.6287262161609
2025-03-28,93.89890080676471,155.79443575161105,130.89666139641324,160.0150896005186,146.04935258883222
2025-03-31,94.07958884415602,158.03214597421297,129.28619726582872,161.0892032268503,146.33592812594893
2025-04-01,94.427887599209,157.71952198556903,130.46306398937415,161.54420833202255,146.7371845623082
2025-04-02,94.3229083406516,158.043109070506,130.09141987549015,162.56654391735904,147.7211773865903
2025-04-03,94.81910973997086,157.0888008289105,128.1248094099412,154.55509963351665,141.65488130236238
2025-04-04,94.9049718603554,153.414138326993,121.83778884233672,145.5069983681451,133.02833749665893
2025-04-07,93.70267194046934,150.11791186658095,116.55732017588608,145.24782298290887,131.8437239077848
2025-04-08,93.21604062196162,150.93512282308265,119.7163140551617,142.97285092834642,130.210150921733
2025-04-09,93.425953092176,156.51840180819116,116.34053092799736,157.9877609544199,141.84594656761544
2025-04-10,92.69122874849207,160.34114142904713,120.07246984575693,151.06486754758254,137.66165154507655
2025-04-11,92.59579654729596,163.40151904996986,120.970622395151,153.76030224829879,140.35564644294675
2025-04-14,93.13970253548815,162.46915373851206,123.5256851337343,155.25199107064958,141.6453407101987
2025-04-15,93.33053623994671,163.31925398389296,125.30648299797204,154.81716246888752,141.8172800695986
2025-04-16,93.62634152847929,168.633794840633,125.66263878856728,151.375892268879,139.51495629439822
2025-04-17,93.38779556066437,167.89337577083748,125.81749365456254,151.5918628446927,140.11680368099897
2025-04-22,92.9965580709357,170.63016630682327,126.70015788066786,151.83376700041967,140.79509506231125
2025-04-23,93.22557233035612,166.53868855759882,127.79960189903107,154.1864863234231,142.55287463259404
2025-04-24,93.7408524954312,168.9628718424923,127.89252238313289,157.43196245102808,145.30420252649787
2025-04-25,94.08436237283668,167.13103050845586,127.96995454394595,158.56943956642618,146.21175135606848
2025-04-28,94.34201780434104,169.5113279330739,128.03187001457775,158.62993342912418,146.5938818865746
2025-04-29,94.57101671479464,167.8604697444067,128.77516769797657,159.62918723714958,147.29125445221422
2025-04-30,94.48511622199302,166.60450061046035,128.99196640149611,159.69255072621598,147.38679453842838
2025-05-01,94.22762962912368,163.14374401789445,129.2242345170428,160.82428858887727,147.86446515514865
2025-05-02,93.76808923705121,163.42895189702992,130.7108298838404,163.21156819466546,150.18588502185167
2025-05-06,93.83511817514906,173.02693348220828,130.8037409123114,160.9193070868275,148.75291789321662
2025-05-07,93.97870008525584,170.43273014823862,130.29273025572093,161.5960576680828,149.0586044290112
2025-05-08,93.49049549764919,167.07618155188737,129.89010949525937,162.72203845424102,149.6222596326067
2025-05-09,93.58621932921484,168.2882648255583,130.27723247680132,162.51467675753253,149.775102900504
2025-05-12,93.27029154518279,163.5441229895376,130.98956296925343,167.88538747932108,153.45307571548105
2025-05-13,93.17458306258395,164.2406561990577,130.91213080844034,168.99409703597007,154.3988465424074
2025-05-14,92.90653638054324,160.78538952341412,130.69534156055164,169.2100497880175,154.3988465424074
2025-05-15,93.43303664036289,163.35216001032373,131.71736287373264,170.03655565341793,155.24909219029485
2025-05-16,93.49049549764919,161.37771473671958,132.46067001276228,171.11353890611804,156.2044036093849
2025-05-19,93.46176223176434,163.45636800653836,132.69293812830892,171.30072409941633,156.6056451385689
2025-05-20,93.29901713658424,166.5002926142457,133.9162698217207,170.72480256391313,156.4432314641574
2025-05-21,92.68634010256027,167.72884563868362,133.9627158803254,167.84793974640166,154.3893059502437
2025-05-22,92.95439445908438,166.24251758217028,133.3123481366592,167.91419068560276,154.2746548653517
2025-05-23,93.08840628837962,169.88427405765702,132.9406945671444,166.76803339603435,153.7683475649651
2025-05-27,93.50962798478886,167.0048795821035,133.90079095406276,170.23525499972237,156.51010505235473
2025-05-28,93.33732048328064,166.62644354059805,133.1729815939527,169.25038497107158,155.4974755444063
2025-05-29,93.68195083526392,167.61365780862434,133.21944656381902,169.91847320192286,156.05156034148763
2025-05-30,93.91170184509163,166.51127244809035,134.07111523208513,169.72841838225617,156.01333834413185
2025-06-02,93.66485208622774,170.93731711609644,134.08661301100474,170.68446738085905,157.10239693961654
2025-06-03,93.59761593707783,169.42357295007463,134.34985777312897,171.6578232565037,157.55140105831998
2025-06-04,94.15468366431718,170.51499521431558,134.56665647664852,171.6117488207128,157.74248123074833
2025-06-05,93.91457210188675,169.65391513509002,134.76795740124848,170.78237332894392,157.0928414402776
2025-06-06,93.43433362805908,167.37782570668662,135.18606648499878,172.53614281043187,158.43985379638795
2025-06-09,93.54961204335193,168.1676038161283,135.1241226474745,172.6916551710801,158.51628288392422
2025-06-10,93.7609135950634,168.21696285577443,135.4493017914922,173.67075029946156,159.10857477118606
2025-06-11,94.0778544109055,169.12740197464612,135.61964498077623,173.17544565876776,158.74554033218254
2025-06-12,94.42362058643337,171.22799817460262,134.07350750668348,173.86369256926292,159.50981630037003
2025-06-13,94.0874628641341,173.47118157657525,133.56244011630804,171.91988609187456,157.62784505303154
2025-06-16,93.8953782188798,170.99763925203564,133.8102343776668,173.55555529810115,158.9958019903762
2025-06-17,94.18350902400294,171.08539423503487,133.25268310616337,172.07252882615438,157.53252857444622
2025-06-18,94.25074517315285,170.16399201987016,133.39206856013152,172.04659524624114,157.57103380813186
2025-06-20,94.33719055427652,170.0926900500863,132.44734702893206,171.6425304650497,156.93567509155613
2025-06-23,94.52927519953082,170.61371329360787,132.32344044262186,173.33792711202497,158.35081323858532
2025-06-24,94.91345983900622,167.93177171419057,132.3854031914078,175.25284126430034,160.19915389854685
2025-06-25,94.90385906026104,168.4418318614191,131.76589862674928,175.35103239264544,159.919972320357
2025-06-26,95.16317985466523,168.25535879912755,132.12210169549863,176.72294550570615,161.44101104040308
2025-06-27,94.89426595599927,165.20594427449785,133.06684213795975,177.60097987937408,162.29777112387728
2025-06-30,95.27845059547468,167.18586272747274,132.3079615749639,178.45012192792908,163.05830539107558
2025-07-01,95.19076194803868,168.67766396335682,132.69514129029082,178.39235510146935,162.83687420982653
2025-07-02,95.0751381809924,169.6100460123662,132.5402769686647,179.20105502437266,163.52999823051832
2025-07-03,94.88241655361513,168.45281169526376,133.22172537084748,180.61341026308503,164.49268870135992
2025-07-07,94.54517672915512,168.5789458840645,132.97391219822708,179.26748420123636,163.1449309864868
2025-07-08,94.50663547347304,166.81840651981196,133.70181611464537,179.16929307289126,163.23157148907325
2025-07-09,94.90168718145617,167.56429876897818,133.96509869929287,180.24370970324944,164.32902282422697
2025-07-10,94.87278507693631,167.93726163111288,135.60674750033309,180.7520435170818,164.64670963610243
2025-07-11,94.47772569446975,169.54972387642698,135.09568010995764,180.11662624979135,163.76105944698256
2025-07-14,94.46808654330752,168.9299658160615,135.8700395406114,180.46032193464862,164.09800632928847
2025-07-15,94.18864325340385,168.22794268961908,134.92531800941194,179.68917668726232,163.1449309864868
2025-07-16,94.32354532277458,169.0670798387069,134.7859325554438,180.2899089054042,163.65515887396563
2025-07-17,94.36209425294008,168.69960689349452,135.4363948554182,181.3932356846416,164.56969916873118
2025-07-18,94.53552990350948,169.13838180849078,135.69967744006573,181.2603595071479,164.4349233972439
2025-07-21,94.79570256557213,171.73805832183115,136.0249133178683,181.60407301577143,164.82962067649058
2025-07-22,94.97877736730376,173.36697358036062,136.13333158088977,181.6300600669835,165.11843228989568
2025-07-23,94.76680046105227,171.217018340758,136.70636172005112,183.17529148318957,167.01490821875802
2025-07-24,94.70898857752913,170.16946519924088,137.89887751260932,183.2359101122514,166.88014735444597
2025-07-25,94.86313057680727,168.5953988972799,137.6355949279618,184.00996063353864,167.26519969130223
2025-07-28,94.73788300756559,167.50397663303897,137.10902030303595,183.96377925515014,166.54320047214006
2025-07-29,95.24857383156183,167.96467774062134,137.88338918932055,183.47854504239515,166.1869935194037
2025-07-30,94.97877736730376,165.06334033493013,137.8679008660318,183.24749556032262,165.71528577278573
2025-07-31,95.0269654486315,166.16025251609335,137.88338918932055,182.5600863668418,164.71410497543374
2025-08-01,95.84873378314504,169.53325412566,136.954146525779,179.5678503103073,162.65397807661364
2025-08-04,95.92607722694514,170.5204851312379,137.75949205864117,182.29723928575535,165.02216175209398
2025-08-05,95.95507909974933,170.6575991538833,138.0227746432887,181.37300570993264,164.46381350288954
2025-08-06,95.91640737784928,170.29561612559323,138.3480105210913,182.76226134756763,165.76342104168657
2025-08-07,95.83907160853258,171.73256840490882,137.69753876548606,182.60917301913122,165.91745688360433
2025-08-08,95.65536749916137,171.69417246155572,137.62010660467303,184.03309588214853,167.14968399024534
2025-08-11,95.72305644283243,169.22612005393844,138.05375128986623,183.66917022258232,166.63947100994173
2025-08-12,95.72305644283243,169.07255301807766,138.40995435861558,185.6245086767431,168.58405239335443
2025-08-13,96.0711096144163,169.58810308222849,138.704194678579,186.25990812026728,169.2098108890654
2025-08-14,95.80039221214912,168.51313383120296,139.29273205229077,186.27726846860784,169.0461599191077
2025-08-15,95.65536749916137,168.6118519104953,138.75067855970698,185.84113873190856,169.16167562016457
2025-08-18,95.5490452060073,168.3486036990491,138.9520078511994,185.8006787824906,168.9691345445612
2025-08-19,95.73271094296148,167.42718474633278,139.5405263136495,184.79269132899617,168.26638048865422
2025-08-20,95.79073771202007,169.1219120577238,140.96536695553934,184.30170003973808,168.1508498804221
2025-08-21,95.56836955523222,168.53507676134066,141.39901164073254,183.56229892006692,167.46737080212083
2025-08-22,96.10010381273707,170.33948524831706,141.50741099249234,186.38121667345604,169.9703153419132
2025-08-26,96.0711096144163,171.1621693841895,140.65561940102552,186.3378870976697,169.37346185902314
2025-08-27,96.1677774074413,171.50769939926417,140.53172227034614,186.7624670338303,169.63338336678254
2025-08-28,96.28381559659171,172.7801215464259,140.06709148294453,187.4238713523328,170.31689225943433
2025-08-29,96.15811523282886,174.44743274830847,139.60248906243544,186.3061251461883,169.31571146208233
2025-09-02,95.90302307878325,178.5718165239637,138.5493303569529,184.92554968272358,168.03533417936524
2025-09-03,96.25221207391172,179.97038959747778,139.494070799414,185.92776223594868,168.66107776790093
2025-09-04,96.6401879081914,179.1751215711138,140.08257980623333,187.4816381787925,170.0665858797149
2025-09-05,97.09610594409462,181.5663820920249,139.94319435226518,186.9386549633441,169.84515469846585
2025-09-08,97.42590151964748,183.63407226555063,139.83480445613623,187.39788430112077,170.64419419934978
2025-09-09,97.23188290457402,183.2172402806921,140.3148951999341,187.8311265876854,170.93299090557957
2025-09-10,97.42590151964748,183.87539428441067,140.05161261528661,188.37412762690008,171.22180251898467
2025-09-11,97.61018121527441,183.60116623911986,140.0939927526372,189.9395533702826,172.77171643750114
2025-09-12,97.5228916409757,183.9631492674099,139.86166790330557,189.87597599602103,172.55993019864258
2025-09-15,97.68778559151042,185.87725566752326,139.7997146101505,190.8868687234164,173.4552104229777
2025-09-16,97.72658777962843,186.2502017921064,138.48318821934302,190.62405728986246,173.2915445458447
2025-09-17,97.55198560758079,184.81324951279078,138.7155036130438,190.3872150837543,172.85835694008762
2025-09-18,97.28040098868836,184.0728304429953,139.05626563665848,191.27681708172724,173.76326719963794
2025-09-19,97.28040098868836,186.02533278646175,138.77746636182974,192.2241680823936,174.28311021515674
2025-09-22,97.1639944243343,189.2447673601676,138.7619874941718,193.13360793221764,174.92811387412291
2025-09-23,97.31920317680635,190.01809245639387,138.77746636182974,192.0822730791706,174.21572978300074
2025-09-24,97.1348927832458,188.2959490354944,139.1182189298136,191.4711317815309,173.43596525972248
2025-09-25,96.99909279931617,189.08023722801374,138.66905755443915,190.58778592551644,172.64657070122905
2025-09-26,97.06698127955588,190.17165949225466,139.66031970055153,191.679687670579,173.57074103120982
2025-09-29,97.25129934759984,193.3088289998836,139.98558394524662,192.21837535835795,174.17720964213984
2025-09-30,97.24159880057034,194.95968718855076,140.69805627216107,192.94243021527635,174.78370806742038
2025-10-01,97.48973787264701,195.26682126027234,142.21593086572258,193.59987765766837,175.55385746265864
2025-10-02,97.59678924172496,194.58674106396765,142.0145826629685,193.82287079738984,175.82340900563327
2025-10-03,97.48973787264701,196.1498442696356,142.86645935511274,193.82000117102146,176.1795861440191
2025-10-06,97.27564280897451,199.8464329641392,142.78900828303804,194.51509240776178,176.75720937082926
2025-10-07,97.4410739733479,200.87753309244093,142.88193822277069,193.79392500097808,175.80413402802756
2025-10-08,97.45081289279445,204.19019582851675,143.8732098245139,194.94952888666606,176.67056886824278
2025-10-09,97.33403027875336,200.42230516422927,143.23817911404333,194.38476502884376,175.85228420410368
2025-10-10,97.73301899672553,202.44610947747955,142.1229914703591,189.13096038997688,171.5491044589001
2025-10-13,97.91792799999202,207.3657612794988,142.30886080545523,192.03300818921855,173.90767300634047
2025-10-14,98.07362791940227,208.84659941908978,142.4327673917654,191.79841177765957,174.02318870739734
2025-10-15,98.0347029395497,212.46641296443883,141.96810823747137,192.6499065633613,174.73557279851954
2025-10-16,98.385050781673,217.43542380610415,142.29337248216643,191.33789912871194,174.12910418758952
2025-10-17,98.2487980032222,213.34392931932814,141.05428770780287,192.42400814973888,174.86071853479163
2025-10-20,98.41422916759561,221.11006957047005,142.0920337350432,194.425314097093,176.4010024180929
2025-10-21,98.51155696619382,206.8995702549941,142.35532577532155,194.42240882319206,176.03519524449183
2025-10-22,98.50181037226386,206.9215131851318,143.6873499450486,193.41162303839425,175.19766541709754
2025-10-23,98.32664796292734,207.74968723792657,144.7715420308936,194.55854674991198,176.32399195072165
2025-10-27,98.49209447626754,201.28887516037713,145.73183698605928,198.4626823360149,179.3082891795225
2025-10-28,98.55047427156298,199.8464329641392,146.55272757599514,198.9898023994889,179.67411126029882
2025-10-29,98.08336683884882,199.08956088112834,147.34265097498428,199.08539125795954,179.26016881779688
2025-10-30,97.89847318454915,203.00005548498353,147.3271626516955,196.89583069133133,177.758375261006
2025-10-31,97.8400780402869,201.89765338689796,146.72309913217165,197.54165703811958,178.12419734178232
2025-11-03,97.71998772389634,202.25963641518803,146.44430931297373,197.91240920016472,178.4418841536578
2025-11-04,97.76882046183046,198.7166147565452,146.63017864806983,195.5664450845751,176.2469814833504
2025-11-05,97.50518660775018,201.0146471150863,147.55948750102712,196.24415814920863,177.04600607705908
2025-11-06,97.86643221631483,200.7733250962263,146.893480143979,194.13858316921358,175.3709464222705
2025-11-07,97.82738444472771,202.00186138311258,146.18099836143375,194.32972523862236,175.74638363108676
2025-11-10,97.78832899865719,207.5248182322819,147.7453473804924,197.36210041678203,178.25897311326963
2025-11-11,98.08123333246101,208.342012451232,149.4026074280221,197.81391506779315,178.8269513976893
2025-11-12,98.04218556087389,211.69856104758327,149.5884767631182,197.92399464823595,179.2890440162673
2025-11-13,97.74927355258667,209.98738072297684,148.27195037231073,194.63964488641048,176.39137238287768
2025-11-14,97.63213023782534,206.19754712855166,146.73859691109126,194.6077759923315,176.35286714919204
2025-11-17,97.65164644913547,203.83370271714904,146.32040272666353,192.7947246642515,174.51415652444575
2025-11-18,97.71023345548296,205.31454085674002,144.4153105952518,191.17572067948117,173.06051314373096
2025-11-19,97.71023345548296,205.64909103797007,143.79575875243918,191.91426625837173,173.3396947219208
2025-11-20,97.82738444472771,205.58876890203086,144.1829762902894,188.98906538675388,170.68271434021065
2025-11-21,98.06170177218402,205.2706549964646,144.32237119988835,190.87162940326118,172.49253485931132
2025-11-24,98.25696365356983,208.52301233415284,144.24492958344447,193.6809579704006,174.39864082338886
2025-11-25,98.41317776336851,208.4571835437397,145.46853549015012,195.50272512018344,176.3817572548377
2025-11-26,98.56939954765059,210.12449474562226,146.78506188095758,196.85237634918113,177.83538572837725
2025-11-28,98.43270164916207,212.7351510928073,147.23422325633203,197.9268820983706,178.73068085988763
2025-12-01,98.00761201311447,213.76076130418667,147.00189840700043,197.02323497258215,177.9316711733542
2025-12-02,98.13493936736009,212.38413116081028,146.98641008371166,197.38819441059167,178.3648587791113
2025-12-03,98.32104559003845,212.18669500222566,146.8779823650594,198.0717001992608,179.11576301109437
2025-12-04,98.08597616320802,212.32380902487108,147.29617654948711,198.2165004763847,179.29867405148252
2025-12-05,97.9782264161398,211.94537298336562,146.69211302996328,198.59300971493292,179.61634595618276
2025-12-08,97.82151346491952,211.38595379649098,146.3978443431074,197.99639478679788,178.97135720439184
2025-12-09,97.73334899951213,212.47188614380957,146.3513793732411,197.82550051586435,178.94246709874616
2025-12-10,98.04679025091954,213.37683534575888,146.50626260612881,199.13752577428002,180.14583391409204
2025-12-11,98.06637553258038,215.67486770430003,146.46796730129395,199.60090804959606,180.8389579347838
2025-12-12,97.76272692200338,216.8814777986002,145.60057391896845,197.454801825118,179.14463820956476
2025-12-15,97.86068402824117,217.07891395718485,147.21147300857086,197.15646762540112,179.3082891795225
2025-12-16,98.04679025091954,217.1282897343826,146.17367970317642,196.61777993762217,178.75028379534893
2025-12-17,98.01740465394488,218.99303709484977,147.41284012258657,194.45427771727105,176.90638547361362
2025-12-18,98.26226672160574,218.59814804012893,148.3267079304092,195.9226530533493,178.24563119141575
2025-12-19,98.11879225426668,218.84494323835972,149.17862244507674,197.69839923864,179.71103633340732
2025-12-22,98.07949122472706,223.8962358836536,148.63649330744633,198.93003931120768,180.7882437245637
2025-12-23,98.07949122472706,226.86338534220636,148.9927531099806,199.83922962830408,181.6810940793321
2025-12-24,98.29568909685375,225.92551337627464,148.80687431925367,200.54219896973282,182.17602720499855
2025-12-29,98.43327723541778,218.61460105334433,148.7604188050182,199.80727161539377,181.5743437973256
2025-12-30,98.39396853139473,218.77365800612748,149.84467708027898,199.563282079014,181.48698775032688
2025-12-31,98.15809328380631,217.358631919398,149.73624936162673,198.08472937239935,180.283620934981
